baseline,split,sample_idx,source_time,target_time,target_var,n_land_pixels,mae,rmse,mean_signed_error
persistence,val,0,2024-07-01T06:00:00,2024-07-01T12:00:00,swvl1,351848,4.489228e-03,1.103926e-02,-1.949965e-04
persistence,val,0,2024-07-01T06:00:00,2024-07-01T12:00:00,stl1,351848,2.926380e+00,5.121937e+00,-1.295725e+00
persistence,val,0,2024-07-01T06:00:00,2024-07-01T12:00:00,sd,351848,2.031154e-05,2.960789e-04,7.394931e-06
persistence,val,1,2024-07-01T07:00:00,2024-07-01T13:00:00,swvl1,351848,4.564948e-03,1.145622e-02,-3.551231e-04
persistence,val,1,2024-07-01T07:00:00,2024-07-01T13:00:00,stl1,351848,2.843636e+00,4.946835e+00,-1.183710e+00
persistence,val,1,2024-07-01T07:00:00,2024-07-01T13:00:00,sd,351848,2.050477e-05,2.934695e-04,8.408167e-06
persistence,val,2,2024-07-01T08:00:00,2024-07-01T14:00:00,swvl1,351848,4.656379e-03,1.181840e-02,-4.836539e-04
persistence,val,2,2024-07-01T08:00:00,2024-07-01T14:00:00,stl1,351848,2.745720e+00,4.547170e+00,-7.152588e-01
persistence,val,2,2024-07-01T08:00:00,2024-07-01T14:00:00,sd,351848,2.128700e-05,2.966585e-04,9.364338e-06
persistence,val,3,2024-07-01T09:00:00,2024-07-01T15:00:00,swvl1,351848,4.761115e-03,1.209962e-02,-5.573295e-04
persistence,val,3,2024-07-01T09:00:00,2024-07-01T15:00:00,stl1,351848,2.701403e+00,4.399914e+00,-4.042186e-01
persistence,val,3,2024-07-01T09:00:00,2024-07-01T15:00:00,sd,351848,2.248806e-05,3.090969e-04,1.036287e-05
persistence,val,4,2024-07-01T10:00:00,2024-07-01T16:00:00,swvl1,351848,3.890108e-03,1.101246e-02,-3.374670e-04
persistence,val,4,2024-07-01T10:00:00,2024-07-01T16:00:00,stl1,351848,2.577627e+00,4.090710e+00,-1.197354e-01
persistence,val,4,2024-07-01T10:00:00,2024-07-01T16:00:00,sd,351848,1.859980e-05,2.280356e-04,6.357692e-06
persistence,val,5,2024-07-01T11:00:00,2024-07-01T17:00:00,swvl1,351848,3.866833e-03,1.101753e-02,-3.322277e-04
persistence,val,5,2024-07-01T11:00:00,2024-07-01T17:00:00,stl1,351848,3.001170e+00,4.523376e+00,4.022682e-01
persistence,val,5,2024-07-01T11:00:00,2024-07-01T17:00:00,sd,351848,1.932506e-05,2.447735e-04,6.917643e-06
persistence,val,6,2024-07-01T12:00:00,2024-07-01T18:00:00,swvl1,351848,3.847093e-03,1.105052e-02,-2.895445e-04
persistence,val,6,2024-07-01T12:00:00,2024-07-01T18:00:00,stl1,351848,3.194485e+00,4.755465e+00,6.794239e-01
persistence,val,6,2024-07-01T12:00:00,2024-07-01T18:00:00,sd,351848,1.999292e-05,2.567304e-04,7.519794e-06
persistence,val,7,2024-07-01T13:00:00,2024-07-01T19:00:00,swvl1,351848,3.833209e-03,1.112127e-02,-2.614590e-04
persistence,val,7,2024-07-01T13:00:00,2024-07-01T19:00:00,stl1,351848,3.325744e+00,4.911028e+00,9.241796e-01
persistence,val,7,2024-07-01T13:00:00,2024-07-01T19:00:00,sd,351848,2.046206e-05,2.676720e-04,7.656806e-06
persistence,val,8,2024-07-01T14:00:00,2024-07-01T20:00:00,swvl1,351848,3.798758e-03,1.106537e-02,-2.642554e-04
persistence,val,8,2024-07-01T14:00:00,2024-07-01T20:00:00,stl1,351848,3.289201e+00,4.923088e+00,1.191371e+00
persistence,val,8,2024-07-01T14:00:00,2024-07-01T20:00:00,sd,351848,2.051545e-05,2.724523e-04,7.151560e-06
persistence,val,9,2024-07-01T15:00:00,2024-07-01T21:00:00,swvl1,351848,3.735473e-03,1.092528e-02,-3.021953e-04
persistence,val,9,2024-07-01T15:00:00,2024-07-01T21:00:00,stl1,351848,3.047111e+00,4.686408e+00,1.342406e+00
persistence,val,9,2024-07-01T15:00:00,2024-07-01T21:00:00,sd,351848,2.021799e-05,2.701421e-04,6.138017e-06
persistence,val,10,2024-07-01T16:00:00,2024-07-01T22:00:00,swvl1,351848,4.100757e-03,1.072827e-02,-8.190180e-04
persistence,val,10,2024-07-01T16:00:00,2024-07-01T22:00:00,stl1,351848,2.819594e+00,4.495972e+00,1.414172e+00
persistence,val,10,2024-07-01T16:00:00,2024-07-01T22:00:00,sd,351848,1.885190e-05,2.339015e-04,4.701141e-06
persistence,val,11,2024-07-01T17:00:00,2024-07-01T23:00:00,swvl1,351848,4.038933e-03,1.061599e-02,-8.538989e-04
persistence,val,11,2024-07-01T17:00:00,2024-07-01T23:00:00,stl1,351848,2.441108e+00,3.923325e+00,1.258675e+00
persistence,val,11,2024-07-01T17:00:00,2024-07-01T23:00:00,sd,351848,1.795773e-05,2.252109e-04,2.811630e-06
persistence,val,12,2024-07-01T18:00:00,2024-07-02T00:00:00,swvl1,351848,4.018080e-03,1.066521e-02,-8.836705e-04
persistence,val,12,2024-07-01T18:00:00,2024-07-02T00:00:00,stl1,351848,2.259937e+00,3.609809e+00,1.279066e+00
persistence,val,12,2024-07-01T18:00:00,2024-07-02T00:00:00,sd,351848,3.012832e-05,3.007945e-04,5.853073e-06
persistence,val,13,2024-07-01T19:00:00,2024-07-02T01:00:00,swvl1,351848,4.122369e-03,1.093903e-02,-8.429169e-04
persistence,val,13,2024-07-01T19:00:00,2024-07-02T01:00:00,stl1,351848,2.280270e+00,3.521698e+00,1.250603e+00
persistence,val,13,2024-07-01T19:00:00,2024-07-02T01:00:00,sd,351848,3.038655e-05,3.055392e-04,3.899662e-06
persistence,val,14,2024-07-01T20:00:00,2024-07-02T02:00:00,swvl1,351848,4.251229e-03,1.121877e-02,-7.322665e-04
persistence,val,14,2024-07-01T20:00:00,2024-07-02T02:00:00,stl1,351848,2.374545e+00,3.591474e+00,6.484861e-01
persistence,val,14,2024-07-01T20:00:00,2024-07-02T02:00:00,sd,351848,3.101296e-05,3.143909e-04,2.533064e-06
persistence,val,15,2024-07-01T21:00:00,2024-07-02T03:00:00,swvl1,351848,4.395953e-03,1.141416e-02,-5.689368e-04
persistence,val,15,2024-07-01T21:00:00,2024-07-02T03:00:00,stl1,351848,2.533030e+00,3.815041e+00,4.334241e-01
persistence,val,15,2024-07-01T21:00:00,2024-07-02T03:00:00,sd,351848,3.169376e-05,3.230966e-04,1.885719e-06
persistence,val,16,2024-07-01T22:00:00,2024-07-02T04:00:00,swvl1,351848,3.522326e-03,9.770236e-03,8.044280e-05
persistence,val,16,2024-07-01T22:00:00,2024-07-02T04:00:00,stl1,351848,2.350608e+00,3.617867e+00,3.080530e-01
persistence,val,16,2024-07-01T22:00:00,2024-07-02T04:00:00,sd,351848,3.082692e-05,3.089691e-04,2.074880e-06
persistence,val,17,2024-07-01T23:00:00,2024-07-02T05:00:00,swvl1,351848,3.627132e-03,9.823926e-03,2.447102e-04
persistence,val,17,2024-07-01T23:00:00,2024-07-02T05:00:00,stl1,351848,2.709967e+00,4.155066e+00,-2.785371e-01
persistence,val,17,2024-07-01T23:00:00,2024-07-02T05:00:00,sd,351848,3.142413e-05,3.102313e-04,2.895947e-06
persistence,val,18,2024-07-02T00:00:00,2024-07-02T06:00:00,swvl1,351848,3.759802e-03,9.935429e-03,3.893084e-04
persistence,val,18,2024-07-02T00:00:00,2024-07-02T06:00:00,stl1,351848,2.800738e+00,4.412130e+00,-5.989482e-01
persistence,val,18,2024-07-02T00:00:00,2024-07-02T06:00:00,sd,351848,1.445176e-05,1.960153e-04,-8.602010e-07
persistence,val,19,2024-07-02T01:00:00,2024-07-02T07:00:00,swvl1,351848,3.898514e-03,1.008815e-02,4.800644e-04
persistence,val,19,2024-07-02T01:00:00,2024-07-02T07:00:00,stl1,351848,2.882029e+00,4.589467e+00,-9.503063e-01
persistence,val,19,2024-07-02T01:00:00,2024-07-02T07:00:00,sd,351848,1.514435e-05,1.983486e-04,9.985218e-07
persistence,val,20,2024-07-02T02:00:00,2024-07-02T08:00:00,swvl1,351848,4.011152e-03,1.029967e-02,4.947463e-04
persistence,val,20,2024-07-02T02:00:00,2024-07-02T08:00:00,stl1,351848,2.758937e+00,4.464171e+00,-1.078087e+00
persistence,val,20,2024-07-02T02:00:00,2024-07-02T08:00:00,sd,351848,1.586612e-05,2.059916e-04,2.773843e-06
persistence,val,21,2024-07-02T03:00:00,2024-07-02T09:00:00,swvl1,351848,4.087892e-03,1.050794e-02,4.325282e-04
persistence,val,21,2024-07-02T03:00:00,2024-07-02T09:00:00,stl1,351848,2.873503e+00,4.746070e+00,-1.320683e+00
persistence,val,21,2024-07-02T03:00:00,2024-07-02T09:00:00,sd,351848,1.620958e-05,2.130028e-04,4.209266e-06
persistence,val,22,2024-07-02T04:00:00,2024-07-02T10:00:00,swvl1,351848,4.555503e-03,1.076730e-02,7.917158e-05
persistence,val,22,2024-07-02T04:00:00,2024-07-02T10:00:00,stl1,351848,3.085507e+00,5.208266e+00,-1.558765e+00
persistence,val,22,2024-07-02T04:00:00,2024-07-02T10:00:00,sd,351848,1.826612e-05,2.819011e-04,8.133892e-06
persistence,val,23,2024-07-02T05:00:00,2024-07-02T11:00:00,swvl1,351848,4.561276e-03,1.093331e-02,-4.441412e-05
persistence,val,23,2024-07-02T05:00:00,2024-07-02T11:00:00,stl1,351848,2.875212e+00,5.040665e+00,-1.336590e+00
persistence,val,23,2024-07-02T05:00:00,2024-07-02T11:00:00,sd,351848,1.916720e-05,3.111472e-04,9.289537e-06
persistence,val,24,2024-07-02T06:00:00,2024-07-02T12:00:00,swvl1,351848,4.533236e-03,1.106262e-02,-1.450045e-04
persistence,val,24,2024-07-02T06:00:00,2024-07-02T12:00:00,stl1,351848,2.902659e+00,5.170935e+00,-1.322379e+00
persistence,val,24,2024-07-02T06:00:00,2024-07-02T12:00:00,sd,351848,1.965369e-05,3.317198e-04,9.971595e-06
persistence,val,25,2024-07-02T07:00:00,2024-07-02T13:00:00,swvl1,351848,4.564368e-03,1.135869e-02,-2.442349e-04
persistence,val,25,2024-07-02T07:00:00,2024-07-02T13:00:00,stl1,351848,2.817123e+00,4.994616e+00,-1.181016e+00
persistence,val,25,2024-07-02T07:00:00,2024-07-02T13:00:00,sd,351848,2.020118e-05,3.507205e-04,1.054174e-05
persistence,val,26,2024-07-02T08:00:00,2024-07-02T14:00:00,swvl1,351848,4.635166e-03,1.177025e-02,-3.506233e-04
persistence,val,26,2024-07-02T08:00:00,2024-07-02T14:00:00,stl1,351848,2.752321e+00,4.616102e+00,-6.700801e-01
persistence,val,26,2024-07-02T08:00:00,2024-07-02T14:00:00,sd,351848,2.085574e-05,3.698625e-04,1.102736e-05
persistence,val,27,2024-07-02T09:00:00,2024-07-02T15:00:00,swvl1,351848,4.731114e-03,1.222273e-02,-4.107019e-04
persistence,val,27,2024-07-02T09:00:00,2024-07-02T15:00:00,stl1,351848,2.728819e+00,4.475422e+00,-4.156765e-01
persistence,val,27,2024-07-02T09:00:00,2024-07-02T15:00:00,sd,351848,2.143792e-05,3.790441e-04,1.139847e-05
persistence,val,28,2024-07-02T10:00:00,2024-07-02T16:00:00,swvl1,351848,3.837094e-03,1.134645e-02,-1.887957e-04
persistence,val,28,2024-07-02T10:00:00,2024-07-02T16:00:00,stl1,351848,2.561023e+00,4.104658e+00,-1.430046e-01
persistence,val,28,2024-07-02T10:00:00,2024-07-02T16:00:00,sd,351848,1.758751e-05,2.318785e-04,8.859057e-06
persistence,val,29,2024-07-02T11:00:00,2024-07-02T17:00:00,swvl1,351848,3.844592e-03,1.153552e-02,-1.719537e-04
persistence,val,29,2024-07-02T11:00:00,2024-07-02T17:00:00,stl1,351848,2.996508e+00,4.542381e+00,3.602069e-01
persistence,val,29,2024-07-02T11:00:00,2024-07-02T17:00:00,sd,351848,1.714363e-05,2.252404e-04,8.626995e-06
persistence,val,30,2024-07-02T12:00:00,2024-07-02T18:00:00,swvl1,351848,3.856117e-03,1.164231e-02,-1.593245e-04
persistence,val,30,2024-07-02T12:00:00,2024-07-02T18:00:00,stl1,351848,3.191451e+00,4.804039e+00,6.555976e-01
persistence,val,30,2024-07-02T12:00:00,2024-07-02T18:00:00,sd,351848,1.692448e-05,2.275900e-04,8.499462e-06
persistence,val,31,2024-07-02T13:00:00,2024-07-02T19:00:00,swvl1,351848,3.847412e-03,1.165071e-02,-1.714950e-04
persistence,val,31,2024-07-02T13:00:00,2024-07-02T19:00:00,stl1,351848,3.308067e+00,4.955879e+00,9.172001e-01
persistence,val,31,2024-07-02T13:00:00,2024-07-02T19:00:00,sd,351848,1.648531e-05,2.258964e-04,8.049789e-06
persistence,val,32,2024-07-02T14:00:00,2024-07-02T20:00:00,swvl1,351848,3.814691e-03,1.160126e-02,-1.866838e-04
persistence,val,32,2024-07-02T14:00:00,2024-07-02T20:00:00,stl1,351848,3.309936e+00,4.997691e+00,1.129729e+00
persistence,val,32,2024-07-02T14:00:00,2024-07-02T20:00:00,sd,351848,1.610909e-05,2.227025e-04,7.322366e-06
persistence,val,33,2024-07-02T15:00:00,2024-07-02T21:00:00,swvl1,351848,3.747071e-03,1.136640e-02,-1.961797e-04
persistence,val,33,2024-07-02T15:00:00,2024-07-02T21:00:00,stl1,351848,3.047640e+00,4.767854e+00,1.357482e+00
persistence,val,33,2024-07-02T15:00:00,2024-07-02T21:00:00,sd,351848,1.567051e-05,2.169884e-04,6.292031e-06
persistence,val,34,2024-07-02T16:00:00,2024-07-02T22:00:00,swvl1,351848,4.288112e-03,1.175511e-02,-6.430659e-04
persistence,val,34,2024-07-02T16:00:00,2024-07-02T22:00:00,stl1,351848,2.864662e+00,4.598064e+00,1.347794e+00
persistence,val,34,2024-07-02T16:00:00,2024-07-02T22:00:00,sd,351848,1.595633e-05,2.144762e-04,3.729266e-06
persistence,val,35,2024-07-02T17:00:00,2024-07-02T23:00:00,swvl1,351848,4.260198e-03,1.185712e-02,-7.138872e-04
persistence,val,35,2024-07-02T17:00:00,2024-07-02T23:00:00,stl1,351848,2.416358e+00,3.968257e+00,1.202673e+00
persistence,val,35,2024-07-02T17:00:00,2024-07-02T23:00:00,sd,351848,1.586370e-05,2.143477e-04,1.746607e-06
persistence,val,36,2024-07-02T18:00:00,2024-07-03T00:00:00,swvl1,351848,4.223151e-03,1.191522e-02,-7.672680e-04
persistence,val,36,2024-07-02T18:00:00,2024-07-03T00:00:00,stl1,351848,2.260512e+00,3.639571e+00,1.232002e+00
persistence,val,36,2024-07-02T18:00:00,2024-07-03T00:00:00,sd,351848,2.058794e-05,2.317568e-04,-1.298243e-06
persistence,val,37,2024-07-02T19:00:00,2024-07-03T01:00:00,swvl1,351848,4.260815e-03,1.205835e-02,-7.413398e-04
persistence,val,37,2024-07-02T19:00:00,2024-07-03T01:00:00,stl1,351848,2.264629e+00,3.529961e+00,1.181727e+00
persistence,val,37,2024-07-02T19:00:00,2024-07-03T01:00:00,sd,351848,2.101629e-05,2.377879e-04,-3.110660e-06
persistence,val,38,2024-07-02T20:00:00,2024-07-03T02:00:00,swvl1,351848,4.355229e-03,1.228828e-02,-6.420449e-04
persistence,val,38,2024-07-02T20:00:00,2024-07-03T02:00:00,stl1,351848,2.359635e+00,3.612830e+00,5.520546e-01
persistence,val,38,2024-07-02T20:00:00,2024-07-03T02:00:00,sd,351848,2.154671e-05,2.462532e-04,-4.513650e-06
persistence,val,39,2024-07-02T21:00:00,2024-07-03T03:00:00,swvl1,351848,4.479600e-03,1.247345e-02,-4.994353e-04
persistence,val,39,2024-07-02T21:00:00,2024-07-03T03:00:00,stl1,351848,2.531958e+00,3.853545e+00,3.276778e-01
persistence,val,39,2024-07-02T21:00:00,2024-07-03T03:00:00,sd,351848,2.210712e-05,2.528795e-04,-5.259130e-06
persistence,val,40,2024-07-02T22:00:00,2024-07-03T04:00:00,swvl1,351848,3.604249e-03,1.039517e-02,1.250715e-04
persistence,val,40,2024-07-02T22:00:00,2024-07-03T04:00:00,stl1,351848,2.333623e+00,3.659601e+00,2.382043e-01
persistence,val,40,2024-07-02T22:00:00,2024-07-03T04:00:00,sd,351848,2.213560e-05,2.542165e-04,-4.452184e-06
persistence,val,41,2024-07-02T23:00:00,2024-07-03T05:00:00,swvl1,351848,3.667952e-03,1.013558e-02,3.902777e-04
persistence,val,41,2024-07-02T23:00:00,2024-07-03T05:00:00,stl1,351848,2.677565e+00,4.163150e+00,-3.628831e-01
persistence,val,41,2024-07-02T23:00:00,2024-07-03T05:00:00,sd,351848,2.292000e-05,2.592401e-04,-3.894252e-06
persistence,val,42,2024-07-03T00:00:00,2024-07-03T06:00:00,swvl1,351848,3.735619e-03,9.877495e-03,6.276463e-04
persistence,val,42,2024-07-03T00:00:00,2024-07-03T06:00:00,stl1,351848,2.767044e+00,4.418066e+00,-6.977799e-01
persistence,val,42,2024-07-03T00:00:00,2024-07-03T06:00:00,sd,351848,1.524408e-05,2.275681e-04,-2.020034e-06
persistence,val,43,2024-07-03T01:00:00,2024-07-03T07:00:00,swvl1,351848,3.800688e-03,9.594037e-03,7.859649e-04
persistence,val,43,2024-07-03T01:00:00,2024-07-03T07:00:00,stl1,351848,2.839959e+00,4.612512e+00,-1.049216e+00
persistence,val,43,2024-07-03T01:00:00,2024-07-03T07:00:00,sd,351848,1.606045e-05,2.344244e-04,-9.915423e-07
persistence,val,44,2024-07-03T02:00:00,2024-07-03T08:00:00,swvl1,351848,3.838765e-03,9.389412e-03,8.639601e-04
persistence,val,44,2024-07-03T02:00:00,2024-07-03T08:00:00,stl1,351848,2.744754e+00,4.502639e+00,-1.162694e+00
persistence,val,44,2024-07-03T02:00:00,2024-07-03T08:00:00,sd,351848,1.680342e-05,2.462803e-04,-7.771467e-08
persistence,val,45,2024-07-03T03:00:00,2024-07-03T09:00:00,swvl1,351848,3.864644e-03,9.365635e-03,8.327590e-04
persistence,val,45,2024-07-03T03:00:00,2024-07-03T09:00:00,stl1,351848,2.876352e+00,4.858145e+00,-1.436947e+00
persistence,val,45,2024-07-03T03:00:00,2024-07-03T09:00:00,sd,351848,1.731796e-05,2.596508e-04,6.012722e-07
persistence,val,46,2024-07-03T04:00:00,2024-07-03T10:00:00,swvl1,351848,4.349724e-03,1.000900e-02,5.391272e-04
persistence,val,46,2024-07-03T04:00:00,2024-07-03T10:00:00,stl1,351848,3.122717e+00,5.368531e+00,-1.657511e+00
persistence,val,46,2024-07-03T04:00:00,2024-07-03T10:00:00,sd,351848,1.993898e-05,3.029854e-04,1.018784e-05
persistence,val,47,2024-07-03T05:00:00,2024-07-03T11:00:00,swvl1,351848,4.371841e-03,1.029626e-02,3.643557e-04
persistence,val,47,2024-07-03T05:00:00,2024-07-03T11:00:00,stl1,351848,2.908951e+00,5.170172e+00,-1.406974e+00
persistence,val,47,2024-07-03T05:00:00,2024-07-03T11:00:00,sd,351848,2.156374e-05,3.254881e-04,1.251239e-05
persistence,val,48,2024-07-03T06:00:00,2024-07-03T12:00:00,swvl1,351848,4.379181e-03,1.058278e-02,1.726355e-04
persistence,val,48,2024-07-03T06:00:00,2024-07-03T12:00:00,stl1,351848,2.976444e+00,5.306940e+00,-1.371539e+00
persistence,val,48,2024-07-03T06:00:00,2024-07-03T12:00:00,sd,351848,2.285074e-05,3.430503e-04,1.437589e-05
persistence,val,49,2024-07-03T07:00:00,2024-07-03T13:00:00,swvl1,351848,4.405819e-03,1.087247e-02,8.872599e-06
persistence,val,49,2024-07-03T07:00:00,2024-07-03T13:00:00,stl1,351848,2.853265e+00,5.098134e+00,-1.211451e+00
persistence,val,49,2024-07-03T07:00:00,2024-07-03T13:00:00,sd,351848,2.392330e-05,3.579282e-04,1.589125e-05
persistence,val,50,2024-07-03T08:00:00,2024-07-03T14:00:00,swvl1,351848,4.436073e-03,1.111012e-02,-1.249169e-04
persistence,val,50,2024-07-03T08:00:00,2024-07-03T14:00:00,stl1,351848,2.691210e+00,4.577218e+00,-7.075388e-01
persistence,val,50,2024-07-03T08:00:00,2024-07-03T14:00:00,sd,351848,2.517402e-05,3.772778e-04,1.733872e-05
persistence,val,51,2024-07-03T09:00:00,2024-07-03T15:00:00,swvl1,351848,4.457818e-03,1.135120e-02,-1.958709e-04
persistence,val,51,2024-07-03T09:00:00,2024-07-03T15:00:00,stl1,351848,2.652274e+00,4.334111e+00,-4.055851e-01
persistence,val,51,2024-07-03T09:00:00,2024-07-03T15:00:00,sd,351848,2.575243e-05,3.848455e-04,1.776251e-05
persistence,val,52,2024-07-03T10:00:00,2024-07-03T16:00:00,swvl1,351848,3.574518e-03,9.900792e-03,-4.227642e-05
persistence,val,52,2024-07-03T10:00:00,2024-07-03T16:00:00,stl1,351848,2.454213e+00,3.919362e+00,-3.170488e-02
persistence,val,52,2024-07-03T10:00:00,2024-07-03T16:00:00,sd,351848,1.801401e-05,2.281244e-04,9.291863e-06
persistence,val,53,2024-07-03T11:00:00,2024-07-03T17:00:00,swvl1,351848,3.500679e-03,9.795710e-03,-2.800862e-05
persistence,val,53,2024-07-03T11:00:00,2024-07-03T17:00:00,stl1,351848,2.859043e+00,4.372109e+00,4.967370e-01
persistence,val,53,2024-07-03T11:00:00,2024-07-03T17:00:00,sd,351848,1.797219e-05,2.372002e-04,8.028807e-06
persistence,val,54,2024-07-03T12:00:00,2024-07-03T18:00:00,swvl1,351848,3.467489e-03,9.734180e-03,-3.969534e-06
persistence,val,54,2024-07-03T12:00:00,2024-07-03T18:00:00,stl1,351848,3.080211e+00,4.674233e+00,7.873919e-01
persistence,val,54,2024-07-03T12:00:00,2024-07-03T18:00:00,sd,351848,1.852046e-05,2.522422e-04,7.034191e-06
persistence,val,55,2024-07-03T13:00:00,2024-07-03T19:00:00,swvl1,351848,3.447246e-03,9.673499e-03,1.233720e-05
persistence,val,55,2024-07-03T13:00:00,2024-07-03T19:00:00,stl1,351848,3.212160e+00,4.898205e+00,1.008831e+00
persistence,val,55,2024-07-03T13:00:00,2024-07-03T19:00:00,sd,351848,1.905732e-05,2.629007e-04,6.308102e-06
persistence,val,56,2024-07-03T14:00:00,2024-07-03T20:00:00,swvl1,351848,3.422820e-03,9.608781e-03,-1.232599e-05
persistence,val,56,2024-07-03T14:00:00,2024-07-03T20:00:00,stl1,351848,3.216469e+00,4.938229e+00,1.244411e+00
persistence,val,56,2024-07-03T14:00:00,2024-07-03T20:00:00,sd,351848,1.971412e-05,2.712434e-04,5.380028e-06
persistence,val,57,2024-07-03T15:00:00,2024-07-03T21:00:00,swvl1,351848,3.406988e-03,9.652956e-03,-8.181834e-05
persistence,val,57,2024-07-03T15:00:00,2024-07-03T21:00:00,stl1,351848,2.996363e+00,4.742634e+00,1.427469e+00
persistence,val,57,2024-07-03T15:00:00,2024-07-03T21:00:00,sd,351848,1.914047e-05,2.623595e-04,5.047276e-06
persistence,val,58,2024-07-03T16:00:00,2024-07-03T22:00:00,swvl1,351848,3.947208e-03,1.047006e-02,-5.951020e-04
persistence,val,58,2024-07-03T16:00:00,2024-07-03T22:00:00,stl1,351848,2.797275e+00,4.600527e+00,1.412331e+00
persistence,val,58,2024-07-03T16:00:00,2024-07-03T22:00:00,sd,351848,1.839055e-05,2.470741e-04,4.135566e-06
persistence,val,59,2024-07-03T17:00:00,2024-07-03T23:00:00,swvl1,351848,3.956701e-03,1.062233e-02,-6.907680e-04
persistence,val,59,2024-07-03T17:00:00,2024-07-03T23:00:00,stl1,351848,2.415965e+00,3.959260e+00,1.197043e+00
persistence,val,59,2024-07-03T17:00:00,2024-07-03T23:00:00,sd,351848,1.743866e-05,2.330393e-04,2.994354e-06
persistence,val,60,2024-07-03T18:00:00,2024-07-04T00:00:00,swvl1,351848,3.994180e-03,1.083628e-02,-7.569654e-04
persistence,val,60,2024-07-03T18:00:00,2024-07-04T00:00:00,stl1,351848,2.287456e+00,3.663709e+00,1.197959e+00
persistence,val,60,2024-07-03T18:00:00,2024-07-04T00:00:00,sd,351848,1.935997e-05,2.258986e-04,-4.070560e-06
persistence,val,61,2024-07-03T19:00:00,2024-07-04T01:00:00,swvl1,351848,4.087791e-03,1.107717e-02,-7.716628e-04
persistence,val,61,2024-07-03T19:00:00,2024-07-04T01:00:00,stl1,351848,2.274635e+00,3.533190e+00,1.145637e+00
persistence,val,61,2024-07-03T19:00:00,2024-07-04T01:00:00,sd,351848,1.918469e-05,2.203876e-04,-5.733918e-06
persistence,val,62,2024-07-03T20:00:00,2024-07-04T02:00:00,swvl1,351848,4.208088e-03,1.128799e-02,-6.984692e-04
persistence,val,62,2024-07-03T20:00:00,2024-07-04T02:00:00,stl1,351848,2.329114e+00,3.550052e+00,5.337709e-01
persistence,val,62,2024-07-03T20:00:00,2024-07-04T02:00:00,sd,351848,1.917983e-05,2.152024e-04,-6.898356e-06
persistence,val,63,2024-07-03T21:00:00,2024-07-04T03:00:00,swvl1,351848,4.353813e-03,1.147799e-02,-5.438738e-04
persistence,val,63,2024-07-03T21:00:00,2024-07-04T03:00:00,stl1,351848,2.458968e+00,3.745236e+00,3.203939e-01
persistence,val,63,2024-07-03T21:00:00,2024-07-04T03:00:00,sd,351848,1.939573e-05,2.125651e-04,-7.508036e-06
persistence,val,64,2024-07-03T22:00:00,2024-07-04T04:00:00,swvl1,351848,3.600505e-03,9.866496e-03,7.729911e-05
persistence,val,64,2024-07-03T22:00:00,2024-07-04T04:00:00,stl1,351848,2.306657e+00,3.600556e+00,2.045185e-01
persistence,val,64,2024-07-03T22:00:00,2024-07-04T04:00:00,sd,351848,1.872512e-05,2.097124e-04,-7.391201e-06
persistence,val,65,2024-07-03T23:00:00,2024-07-04T05:00:00,swvl1,351848,3.710619e-03,9.739624e-03,2.656601e-04
persistence,val,65,2024-07-03T23:00:00,2024-07-04T05:00:00,stl1,351848,2.639367e+00,4.103307e+00,-3.441507e-01
persistence,val,65,2024-07-03T23:00:00,2024-07-04T05:00:00,sd,351848,1.919561e-05,2.115383e-04,-7.027971e-06
persistence,val,66,2024-07-04T00:00:00,2024-07-04T06:00:00,swvl1,351848,3.854133e-03,9.751506e-03,4.151398e-04
persistence,val,66,2024-07-04T00:00:00,2024-07-04T06:00:00,stl1,351848,2.752020e+00,4.373407e+00,-6.735535e-01
persistence,val,66,2024-07-04T00:00:00,2024-07-04T06:00:00,sd,351848,1.358883e-05,1.804163e-04,-5.388338e-07
persistence,val,67,2024-07-04T01:00:00,2024-07-04T07:00:00,swvl1,351848,4.006805e-03,9.857606e-03,4.921121e-04
persistence,val,67,2024-07-04T01:00:00,2024-07-04T07:00:00,stl1,351848,2.856609e+00,4.613792e+00,-1.031297e+00
persistence,val,67,2024-07-04T01:00:00,2024-07-04T07:00:00,sd,351848,1.398966e-05,1.861982e-04,6.065658e-07
persistence,val,68,2024-07-04T02:00:00,2024-07-04T08:00:00,swvl1,351848,4.145160e-03,1.012468e-02,5.109836e-04
persistence,val,68,2024-07-04T02:00:00,2024-07-04T08:00:00,stl1,351848,2.784358e+00,4.576548e+00,-1.179490e+00
persistence,val,68,2024-07-04T02:00:00,2024-07-04T08:00:00,sd,351848,1.413947e-05,1.918775e-04,1.611576e-06
persistence,val,69,2024-07-04T03:00:00,2024-07-04T09:00:00,swvl1,351848,4.234602e-03,1.034185e-02,4.677960e-04
persistence,val,69,2024-07-04T03:00:00,2024-07-04T09:00:00,stl1,351848,2.919296e+00,4.939823e+00,-1.480276e+00
persistence,val,69,2024-07-04T03:00:00,2024-07-04T09:00:00,sd,351848,1.414800e-05,1.974947e-04,2.524222e-06
persistence,val,70,2024-07-04T04:00:00,2024-07-04T10:00:00,swvl1,351848,4.626442e-03,1.083840e-02,3.789587e-04
persistence,val,70,2024-07-04T04:00:00,2024-07-04T10:00:00,stl1,351848,3.214997e+00,5.453835e+00,-1.711624e+00
persistence,val,70,2024-07-04T04:00:00,2024-07-04T10:00:00,sd,351848,1.747510e-05,2.633381e-04,1.010645e-05
persistence,val,71,2024-07-04T05:00:00,2024-07-04T11:00:00,swvl1,351848,4.602555e-03,1.091216e-02,2.959804e-04
persistence,val,71,2024-07-04T05:00:00,2024-07-04T11:00:00,stl1,351848,2.973292e+00,5.246201e+00,-1.472949e+00
persistence,val,71,2024-07-04T05:00:00,2024-07-04T11:00:00,sd,351848,1.888406e-05,2.790824e-04,1.241267e-05
persistence,val,72,2024-07-04T06:00:00,2024-07-04T12:00:00,swvl1,351848,4.538160e-03,1.089519e-02,1.930504e-04
persistence,val,72,2024-07-04T06:00:00,2024-07-04T12:00:00,stl1,351848,2.926286e+00,5.302589e+00,-1.439711e+00
persistence,val,72,2024-07-04T06:00:00,2024-07-04T12:00:00,sd,351848,1.977250e-05,2.910423e-04,1.411971e-05
persistence,val,73,2024-07-04T07:00:00,2024-07-04T13:00:00,swvl1,351848,4.523476e-03,1.098285e-02,9.918869e-05
persistence,val,73,2024-07-04T07:00:00,2024-07-04T13:00:00,stl1,351848,2.809953e+00,5.085039e+00,-1.283747e+00
persistence,val,73,2024-07-04T07:00:00,2024-07-04T13:00:00,sd,351848,2.074340e-05,3.022158e-04,1.551290e-05
persistence,val,74,2024-07-04T08:00:00,2024-07-04T14:00:00,swvl1,351848,4.506848e-03,1.107488e-02,9.001658e-06
persistence,val,74,2024-07-04T08:00:00,2024-07-04T14:00:00,stl1,351848,2.641171e+00,4.536136e+00,-7.487604e-01
persistence,val,74,2024-07-04T08:00:00,2024-07-04T14:00:00,sd,351848,2.186688e-05,3.127845e-04,1.678359e-05
persistence,val,75,2024-07-04T09:00:00,2024-07-04T15:00:00,swvl1,351848,4.530318e-03,1.127389e-02,-8.352573e-05
persistence,val,75,2024-07-04T09:00:00,2024-07-04T15:00:00,stl1,351848,2.585025e+00,4.287206e+00,-3.891012e-01
persistence,val,75,2024-07-04T09:00:00,2024-07-04T15:00:00,sd,351848,2.245293e-05,3.145850e-04,1.744626e-05
persistence,val,76,2024-07-04T10:00:00,2024-07-04T16:00:00,swvl1,351848,3.627684e-03,9.642088e-03,-1.644691e-04
persistence,val,76,2024-07-04T10:00:00,2024-07-04T16:00:00,stl1,351848,2.454975e+00,3.896866e+00,-5.657016e-02
persistence,val,76,2024-07-04T10:00:00,2024-07-04T16:00:00,sd,351848,1.636550e-05,2.035392e-04,1.124662e-05
persistence,val,77,2024-07-04T11:00:00,2024-07-04T17:00:00,swvl1,351848,3.618413e-03,9.792066e-03,-2.558434e-04
persistence,val,77,2024-07-04T11:00:00,2024-07-04T17:00:00,stl1,351848,2.912241e+00,4.407493e+00,5.055354e-01
persistence,val,77,2024-07-04T11:00:00,2024-07-04T17:00:00,sd,351848,1.528761e-05,1.961448e-04,1.014921e-05
persistence,val,78,2024-07-04T12:00:00,2024-07-04T18:00:00,swvl1,351848,3.636903e-03,9.859549e-03,-2.993168e-04
persistence,val,78,2024-07-04T12:00:00,2024-07-04T18:00:00,stl1,351848,3.142072e+00,4.734043e+00,7.958763e-01
persistence,val,78,2024-07-04T12:00:00,2024-07-04T18:00:00,sd,351848,1.510922e-05,1.979213e-04,9.361457e-06
persistence,val,79,2024-07-04T13:00:00,2024-07-04T19:00:00,swvl1,351848,3.671975e-03,9.948072e-03,-3.412850e-04
persistence,val,79,2024-07-04T13:00:00,2024-07-04T19:00:00,stl1,351848,3.287114e+00,4.973042e+00,1.058167e+00
persistence,val,79,2024-07-04T13:00:00,2024-07-04T19:00:00,sd,351848,1.511849e-05,1.987965e-04,8.519516e-06
persistence,val,80,2024-07-04T14:00:00,2024-07-04T20:00:00,swvl1,351848,3.673607e-03,1.003315e-02,-3.909685e-04
persistence,val,80,2024-07-04T14:00:00,2024-07-04T20:00:00,stl1,351848,3.284166e+00,5.071162e+00,1.327709e+00
persistence,val,80,2024-07-04T14:00:00,2024-07-04T20:00:00,sd,351848,1.494572e-05,1.960650e-04,7.455938e-06
persistence,val,81,2024-07-04T15:00:00,2024-07-04T21:00:00,swvl1,351848,3.629075e-03,1.000042e-02,-4.182549e-04
persistence,val,81,2024-07-04T15:00:00,2024-07-04T21:00:00,stl1,351848,2.988878e+00,4.820604e+00,1.480925e+00
persistence,val,81,2024-07-04T15:00:00,2024-07-04T21:00:00,sd,351848,1.424838e-05,1.857875e-04,6.741999e-06
persistence,val,82,2024-07-04T16:00:00,2024-07-04T22:00:00,swvl1,351848,4.017168e-03,9.846690e-03,-6.765755e-04
persistence,val,82,2024-07-04T16:00:00,2024-07-04T22:00:00,stl1,351848,2.781461e+00,4.629703e+00,1.547415e+00
persistence,val,82,2024-07-04T16:00:00,2024-07-04T22:00:00,sd,351848,1.358351e-05,1.728350e-04,5.972819e-06
persistence,val,83,2024-07-04T17:00:00,2024-07-04T23:00:00,swvl1,351848,3.945725e-03,9.699740e-03,-6.737328e-04
persistence,val,83,2024-07-04T17:00:00,2024-07-04T23:00:00,stl1,351848,2.388562e+00,3.940475e+00,1.311598e+00
persistence,val,83,2024-07-04T17:00:00,2024-07-04T23:00:00,sd,351848,1.258839e-05,1.572823e-04,4.780661e-06
persistence,val,84,2024-07-04T18:00:00,2024-07-05T00:00:00,swvl1,351848,3.880987e-03,9.646459e-03,-6.727992e-04
persistence,val,84,2024-07-04T18:00:00,2024-07-05T00:00:00,stl1,351848,2.224096e+00,3.586536e+00,1.292134e+00
persistence,val,84,2024-07-04T18:00:00,2024-07-05T00:00:00,sd,351848,1.556073e-05,1.836926e-04,-5.411621e-07
persistence,val,85,2024-07-04T19:00:00,2024-07-05T01:00:00,swvl1,351848,3.909626e-03,9.758687e-03,-6.084080e-04
persistence,val,85,2024-07-04T19:00:00,2024-07-05T01:00:00,stl1,351848,2.211485e+00,3.442411e+00,1.249635e+00
persistence,val,85,2024-07-04T19:00:00,2024-07-05T01:00:00,sd,351848,1.490150e-05,1.761707e-04,-1.605448e-06
persistence,val,86,2024-07-04T20:00:00,2024-07-05T02:00:00,swvl1,351848,3.991835e-03,9.966710e-03,-4.760065e-04
persistence,val,86,2024-07-04T20:00:00,2024-07-05T02:00:00,stl1,351848,2.277208e+00,3.475156e+00,5.976635e-01
persistence,val,86,2024-07-04T20:00:00,2024-07-05T02:00:00,sd,351848,1.443443e-05,1.706466e-04,-2.282730e-06
persistence,val,87,2024-07-04T21:00:00,2024-07-05T03:00:00,swvl1,351848,4.136626e-03,1.027137e-02,-3.270909e-04
persistence,val,87,2024-07-04T21:00:00,2024-07-05T03:00:00,stl1,351848,2.426555e+00,3.701314e+00,3.980791e-01
persistence,val,87,2024-07-04T21:00:00,2024-07-05T03:00:00,sd,351848,1.440543e-05,1.683789e-04,-2.566877e-06
persistence,val,88,2024-07-04T22:00:00,2024-07-05T04:00:00,swvl1,351848,3.371070e-03,9.047081e-03,8.773275e-05
persistence,val,88,2024-07-04T22:00:00,2024-07-05T04:00:00,stl1,351848,2.292392e+00,3.626882e+00,2.440062e-01
persistence,val,88,2024-07-04T22:00:00,2024-07-05T04:00:00,sd,351848,1.409559e-05,1.671594e-04,-2.801913e-06
persistence,val,89,2024-07-04T23:00:00,2024-07-05T05:00:00,swvl1,351848,3.493839e-03,9.136647e-03,2.498880e-04
persistence,val,89,2024-07-04T23:00:00,2024-07-05T05:00:00,stl1,351848,2.619085e+00,4.118114e+00,-2.968269e-01
persistence,val,89,2024-07-04T23:00:00,2024-07-05T05:00:00,sd,351848,1.412862e-05,1.691672e-04,-2.359442e-06
persistence,val,90,2024-07-05T00:00:00,2024-07-05T06:00:00,swvl1,351848,3.632669e-03,9.376190e-03,4.021030e-04
persistence,val,90,2024-07-05T00:00:00,2024-07-05T06:00:00,stl1,351848,2.761253e+00,4.414006e+00,-5.916903e-01
persistence,val,90,2024-07-05T00:00:00,2024-07-05T06:00:00,sd,351848,7.461798e-06,1.105356e-04,2.387723e-06
persistence,val,91,2024-07-05T01:00:00,2024-07-05T07:00:00,swvl1,351848,3.767355e-03,9.566719e-03,5.068668e-04
persistence,val,91,2024-07-05T01:00:00,2024-07-05T07:00:00,stl1,351848,2.863026e+00,4.619568e+00,-9.829721e-01
persistence,val,91,2024-07-05T01:00:00,2024-07-05T07:00:00,sd,351848,7.771992e-06,1.217368e-04,3.092682e-06
persistence,val,92,2024-07-05T02:00:00,2024-07-05T08:00:00,swvl1,351848,3.902546e-03,9.765945e-03,5.142776e-04
persistence,val,92,2024-07-05T02:00:00,2024-07-05T08:00:00,stl1,351848,2.781336e+00,4.555925e+00,-1.154292e+00
persistence,val,92,2024-07-05T02:00:00,2024-07-05T08:00:00,sd,351848,8.154166e-06,1.337635e-04,3.719817e-06
persistence,val,93,2024-07-05T03:00:00,2024-07-05T09:00:00,swvl1,351848,4.017283e-03,9.980247e-03,4.334476e-04
persistence,val,93,2024-07-05T03:00:00,2024-07-05T09:00:00,stl1,351848,2.883761e+00,4.876015e+00,-1.460883e+00
persistence,val,93,2024-07-05T03:00:00,2024-07-05T09:00:00,sd,351848,8.520313e-06,1.450538e-04,4.142700e-06
persistence,val,94,2024-07-05T04:00:00,2024-07-05T10:00:00,swvl1,351848,4.474772e-03,1.014553e-02,2.840979e-04
persistence,val,94,2024-07-05T04:00:00,2024-07-05T10:00:00,stl1,351848,3.161292e+00,5.368411e+00,-1.682481e+00
persistence,val,94,2024-07-05T04:00:00,2024-07-05T10:00:00,sd,351848,1.110557e-05,1.780052e-04,6.951289e-06
persistence,val,95,2024-07-05T05:00:00,2024-07-05T11:00:00,swvl1,351848,4.502458e-03,1.029116e-02,1.669412e-04
persistence,val,95,2024-07-05T05:00:00,2024-07-05T11:00:00,stl1,351848,2.926308e+00,5.177968e+00,-1.484180e+00
persistence,val,95,2024-07-05T05:00:00,2024-07-05T11:00:00,sd,351848,1.287832e-05,2.085499e-04,8.298087e-06
persistence,val,96,2024-07-05T06:00:00,2024-07-05T12:00:00,swvl1,351848,4.510116e-03,1.050791e-02,5.335885e-05
persistence,val,96,2024-07-05T06:00:00,2024-07-05T12:00:00,stl1,351848,2.932885e+00,5.265910e+00,-1.446232e+00
persistence,val,96,2024-07-05T06:00:00,2024-07-05T12:00:00,sd,351848,1.413150e-05,2.322184e-04,9.238607e-06
persistence,val,97,2024-07-05T07:00:00,2024-07-05T13:00:00,swvl1,351848,4.545910e-03,1.080671e-02,-3.632806e-05
persistence,val,97,2024-07-05T07:00:00,2024-07-05T13:00:00,stl1,351848,2.848564e+00,5.077706e+00,-1.245683e+00
persistence,val,97,2024-07-05T07:00:00,2024-07-05T13:00:00,sd,351848,1.525168e-05,2.510858e-04,1.000848e-05
persistence,val,98,2024-07-05T08:00:00,2024-07-05T14:00:00,swvl1,351848,4.598761e-03,1.105775e-02,-1.073881e-04
persistence,val,98,2024-07-05T08:00:00,2024-07-05T14:00:00,stl1,351848,2.648182e+00,4.539377e+00,-7.217584e-01
persistence,val,98,2024-07-05T08:00:00,2024-07-05T14:00:00,sd,351848,1.637819e-05,2.662212e-04,1.068304e-05
persistence,val,99,2024-07-05T09:00:00,2024-07-05T15:00:00,swvl1,351848,4.658581e-03,1.133050e-02,-1.130347e-04
persistence,val,99,2024-07-05T09:00:00,2024-07-05T15:00:00,stl1,351848,2.610761e+00,4.291028e+00,-3.466111e-01
persistence,val,99,2024-07-05T09:00:00,2024-07-05T15:00:00,sd,351848,1.739658e-05,2.723237e-04,1.094152e-05
persistence,val,100,2024-07-05T10:00:00,2024-07-05T16:00:00,swvl1,351848,3.764003e-03,1.008898e-02,-7.325133e-05
persistence,val,100,2024-07-05T10:00:00,2024-07-05T16:00:00,stl1,351848,2.483625e+00,3.890236e+00,-3.589955e-02
persistence,val,100,2024-07-05T10:00:00,2024-07-05T16:00:00,sd,351848,1.540849e-05,2.229506e-04,8.617446e-06
persistence,val,101,2024-07-05T11:00:00,2024-07-05T17:00:00,swvl1,351848,3.708412e-03,9.951319e-03,-8.112259e-05
persistence,val,101,2024-07-05T11:00:00,2024-07-05T17:00:00,stl1,351848,2.915675e+00,4.390948e+00,5.154638e-01
persistence,val,101,2024-07-05T11:00:00,2024-07-05T17:00:00,sd,351848,1.500911e-05,2.094664e-04,7.314308e-06
persistence,val,102,2024-07-05T12:00:00,2024-07-05T18:00:00,swvl1,351848,3.699076e-03,9.897191e-03,-1.008059e-04
persistence,val,102,2024-07-05T12:00:00,2024-07-05T18:00:00,stl1,351848,3.085133e+00,4.695143e+00,7.862747e-01
persistence,val,102,2024-07-05T12:00:00,2024-07-05T18:00:00,sd,351848,1.508839e-05,2.065884e-04,6.118084e-06
persistence,val,103,2024-07-05T13:00:00,2024-07-05T19:00:00,swvl1,351848,3.728812e-03,1.009104e-02,-1.669069e-04
persistence,val,103,2024-07-05T13:00:00,2024-07-05T19:00:00,stl1,351848,3.238207e+00,4.958669e+00,1.023342e+00
persistence,val,103,2024-07-05T13:00:00,2024-07-05T19:00:00,sd,351848,1.517762e-05,2.051633e-04,4.966315e-06
persistence,val,104,2024-07-05T14:00:00,2024-07-05T20:00:00,swvl1,351848,3.755281e-03,1.038268e-02,-2.370435e-04
persistence,val,104,2024-07-05T14:00:00,2024-07-05T20:00:00,stl1,351848,3.203783e+00,5.023812e+00,1.302164e+00
persistence,val,104,2024-07-05T14:00:00,2024-07-05T20:00:00,sd,351848,1.521737e-05,2.019171e-04,3.595203e-06
persistence,val,105,2024-07-05T15:00:00,2024-07-05T21:00:00,swvl1,351848,3.757358e-03,1.074571e-02,-3.031718e-04
persistence,val,105,2024-07-05T15:00:00,2024-07-05T21:00:00,stl1,351848,2.936989e+00,4.760315e+00,1.411485e+00
persistence,val,105,2024-07-05T15:00:00,2024-07-05T21:00:00,sd,351848,1.506678e-05,1.942603e-04,2.477770e-06
persistence,val,106,2024-07-05T16:00:00,2024-07-05T22:00:00,swvl1,351848,4.102298e-03,1.014661e-02,-5.927011e-04
persistence,val,106,2024-07-05T16:00:00,2024-07-05T22:00:00,stl1,351848,2.753271e+00,4.581386e+00,1.482108e+00
persistence,val,106,2024-07-05T16:00:00,2024-07-05T22:00:00,sd,351848,1.506896e-05,1.858871e-04,-2.671442e-07
persistence,val,107,2024-07-05T17:00:00,2024-07-05T23:00:00,swvl1,351848,4.030568e-03,1.003333e-02,-5.781211e-04
persistence,val,107,2024-07-05T17:00:00,2024-07-05T23:00:00,stl1,351848,2.365340e+00,3.920326e+00,1.305482e+00
persistence,val,107,2024-07-05T17:00:00,2024-07-05T23:00:00,sd,351848,1.469612e-05,1.854223e-04,-1.867217e-06
persistence,val,108,2024-07-05T18:00:00,2024-07-06T00:00:00,swvl1,351848,3.962922e-03,1.003687e-02,-5.424315e-04
persistence,val,108,2024-07-05T18:00:00,2024-07-06T00:00:00,stl1,351848,2.223820e+00,3.569858e+00,1.310442e+00
persistence,val,108,2024-07-05T18:00:00,2024-07-06T00:00:00,sd,351848,1.690639e-05,2.210148e-04,-4.299124e-06
persistence,val,109,2024-07-05T19:00:00,2024-07-06T01:00:00,swvl1,351848,4.017124e-03,1.035535e-02,-4.507857e-04
persistence,val,109,2024-07-05T19:00:00,2024-07-06T01:00:00,stl1,351848,2.212857e+00,3.421400e+00,1.261283e+00
persistence,val,109,2024-07-05T19:00:00,2024-07-06T01:00:00,sd,351848,1.718163e-05,2.312820e-04,-5.690377e-06
persistence,val,110,2024-07-05T20:00:00,2024-07-06T02:00:00,swvl1,351848,4.123705e-03,1.079519e-02,-2.999291e-04
persistence,val,110,2024-07-05T20:00:00,2024-07-06T02:00:00,stl1,351848,2.295821e+00,3.477676e+00,6.658231e-01
persistence,val,110,2024-07-05T20:00:00,2024-07-06T02:00:00,sd,351848,1.775164e-05,2.448119e-04,-6.745656e-06
persistence,val,111,2024-07-05T21:00:00,2024-07-06T03:00:00,swvl1,351848,4.250386e-03,1.116499e-02,-1.196658e-04
persistence,val,111,2024-07-05T21:00:00,2024-07-06T03:00:00,stl1,351848,2.444763e+00,3.685833e+00,5.015022e-01
persistence,val,111,2024-07-05T21:00:00,2024-07-06T03:00:00,sd,351848,1.858978e-05,2.605930e-04,-7.530451e-06
persistence,val,112,2024-07-05T22:00:00,2024-07-06T04:00:00,swvl1,351848,3.292429e-03,9.200753e-03,2.732881e-04
persistence,val,112,2024-07-05T22:00:00,2024-07-06T04:00:00,stl1,351848,2.282301e+00,3.599928e+00,3.297051e-01
persistence,val,112,2024-07-05T22:00:00,2024-07-06T04:00:00,sd,351848,1.688207e-05,2.506067e-04,-6.236279e-06
persistence,val,113,2024-07-05T23:00:00,2024-07-06T05:00:00,swvl1,351848,3.403385e-03,9.172237e-03,3.784098e-04
persistence,val,113,2024-07-05T23:00:00,2024-07-06T05:00:00,stl1,351848,2.596198e+00,4.070899e+00,-2.734996e-01
persistence,val,113,2024-07-05T23:00:00,2024-07-06T05:00:00,sd,351848,1.694114e-05,2.534512e-04,-5.486509e-06
persistence,val,114,2024-07-06T00:00:00,2024-07-06T06:00:00,swvl1,351848,3.572247e-03,9.315150e-03,4.441303e-04
persistence,val,114,2024-07-06T00:00:00,2024-07-06T06:00:00,stl1,351848,2.682197e+00,4.324181e+00,-5.929925e-01
persistence,val,114,2024-07-06T00:00:00,2024-07-06T06:00:00,sd,351848,1.236455e-05,2.157579e-04,-3.447507e-06
persistence,val,115,2024-07-06T01:00:00,2024-07-06T07:00:00,swvl1,351848,3.738970e-03,9.592425e-03,4.572576e-04
persistence,val,115,2024-07-06T01:00:00,2024-07-06T07:00:00,stl1,351848,2.786415e+00,4.527278e+00,-9.560090e-01
persistence,val,115,2024-07-06T01:00:00,2024-07-06T07:00:00,sd,351848,1.252070e-05,2.203890e-04,-2.109057e-06
persistence,val,116,2024-07-06T02:00:00,2024-07-06T08:00:00,swvl1,351848,3.912384e-03,9.962383e-03,4.127177e-04
persistence,val,116,2024-07-06T02:00:00,2024-07-06T08:00:00,stl1,351848,2.719150e+00,4.467637e+00,-1.153444e+00
persistence,val,116,2024-07-06T02:00:00,2024-07-06T08:00:00,sd,351848,1.269271e-05,2.292225e-04,-7.241325e-07
persistence,val,117,2024-07-06T03:00:00,2024-07-06T09:00:00,swvl1,351848,4.034003e-03,1.031547e-02,3.208574e-04
persistence,val,117,2024-07-06T03:00:00,2024-07-06T09:00:00,stl1,351848,2.843239e+00,4.782222e+00,-1.462462e+00
persistence,val,117,2024-07-06T03:00:00,2024-07-06T09:00:00,sd,351848,1.244663e-05,2.125562e-04,7.936778e-07
persistence,val,118,2024-07-06T04:00:00,2024-07-06T10:00:00,swvl1,351848,4.364458e-03,1.022375e-02,1.918011e-04
persistence,val,118,2024-07-06T04:00:00,2024-07-06T10:00:00,stl1,351848,3.080476e+00,5.242617e+00,-1.639036e+00
persistence,val,118,2024-07-06T04:00:00,2024-07-06T10:00:00,sd,351848,1.331623e-05,1.932734e-04,5.580378e-06
persistence,val,119,2024-07-06T05:00:00,2024-07-06T11:00:00,swvl1,351848,4.421389e-03,1.052214e-02,6.764074e-05
persistence,val,119,2024-07-06T05:00:00,2024-07-06T11:00:00,stl1,351848,2.903252e+00,5.108962e+00,-1.439208e+00
persistence,val,119,2024-07-06T05:00:00,2024-07-06T11:00:00,sd,351848,1.436673e-05,2.059997e-04,7.312928e-06
persistence,val,120,2024-07-06T06:00:00,2024-07-06T12:00:00,swvl1,351848,4.469848e-03,1.083695e-02,-6.826611e-05
persistence,val,120,2024-07-06T06:00:00,2024-07-06T12:00:00,stl1,351848,2.916441e+00,5.245070e+00,-1.422976e+00
persistence,val,120,2024-07-06T06:00:00,2024-07-06T12:00:00,sd,351848,1.538837e-05,2.193321e-04,8.530762e-06
persistence,val,121,2024-07-06T07:00:00,2024-07-06T13:00:00,swvl1,351848,4.594647e-03,1.131441e-02,-1.816709e-04
persistence,val,121,2024-07-06T07:00:00,2024-07-06T13:00:00,stl1,351848,2.805697e+00,5.079708e+00,-1.285218e+00
persistence,val,121,2024-07-06T07:00:00,2024-07-06T13:00:00,sd,351848,1.615444e-05,2.335020e-04,9.339979e-06
persistence,val,122,2024-07-06T08:00:00,2024-07-06T14:00:00,swvl1,351848,4.694376e-03,1.170797e-02,-2.516914e-04
persistence,val,122,2024-07-06T08:00:00,2024-07-06T14:00:00,stl1,351848,2.614108e+00,4.544436e+00,-7.648926e-01
persistence,val,122,2024-07-06T08:00:00,2024-07-06T14:00:00,sd,351848,1.698274e-05,2.498570e-04,9.862930e-06
persistence,val,123,2024-07-06T09:00:00,2024-07-06T15:00:00,swvl1,351848,4.809875e-03,1.203678e-02,-3.091970e-04
persistence,val,123,2024-07-06T09:00:00,2024-07-06T15:00:00,stl1,351848,2.619385e+00,4.323348e+00,-4.560808e-01
persistence,val,123,2024-07-06T09:00:00,2024-07-06T15:00:00,sd,351848,1.764847e-05,2.561531e-04,9.770031e-06
persistence,val,124,2024-07-06T10:00:00,2024-07-06T16:00:00,swvl1,351848,3.919423e-03,1.062735e-02,-3.367766e-04
persistence,val,124,2024-07-06T10:00:00,2024-07-06T16:00:00,stl1,351848,2.517156e+00,3.965767e+00,-1.823580e-01
persistence,val,124,2024-07-06T10:00:00,2024-07-06T16:00:00,sd,351848,1.334559e-05,1.866659e-04,6.046760e-06
persistence,val,125,2024-07-06T11:00:00,2024-07-06T17:00:00,swvl1,351848,3.922778e-03,1.059745e-02,-3.670368e-04
persistence,val,125,2024-07-06T11:00:00,2024-07-06T17:00:00,stl1,351848,2.940180e+00,4.437299e+00,4.121029e-01
persistence,val,125,2024-07-06T11:00:00,2024-07-06T17:00:00,sd,351848,1.285311e-05,1.801435e-04,4.857991e-06
persistence,val,126,2024-07-06T12:00:00,2024-07-06T18:00:00,swvl1,351848,3.952287e-03,1.063488e-02,-3.707361e-04
persistence,val,126,2024-07-06T12:00:00,2024-07-06T18:00:00,stl1,351848,3.135209e+00,4.731085e+00,7.140848e-01
persistence,val,126,2024-07-06T12:00:00,2024-07-06T18:00:00,sd,351848,1.272624e-05,1.809670e-04,3.801535e-06
persistence,val,127,2024-07-06T13:00:00,2024-07-06T19:00:00,swvl1,351848,3.990706e-03,1.070854e-02,-3.853936e-04
persistence,val,127,2024-07-06T13:00:00,2024-07-06T19:00:00,stl1,351848,3.310828e+00,4.998901e+00,9.842231e-01
persistence,val,127,2024-07-06T13:00:00,2024-07-06T19:00:00,sd,351848,1.274985e-05,1.850193e-04,2.812749e-06
persistence,val,128,2024-07-06T14:00:00,2024-07-06T20:00:00,swvl1,351848,4.033166e-03,1.102216e-02,-4.219798e-04
persistence,val,128,2024-07-06T14:00:00,2024-07-06T20:00:00,stl1,351848,3.304788e+00,5.087817e+00,1.251154e+00
persistence,val,128,2024-07-06T14:00:00,2024-07-06T20:00:00,sd,351848,1.277022e-05,1.890427e-04,1.818104e-06
persistence,val,129,2024-07-06T15:00:00,2024-07-06T21:00:00,swvl1,351848,4.028819e-03,1.129910e-02,-4.568873e-04
persistence,val,129,2024-07-06T15:00:00,2024-07-06T21:00:00,stl1,351848,3.008489e+00,4.840753e+00,1.432316e+00
persistence,val,129,2024-07-06T15:00:00,2024-07-06T21:00:00,sd,351848,1.269586e-05,1.894049e-04,9.880539e-07
persistence,val,130,2024-07-06T16:00:00,2024-07-06T22:00:00,swvl1,351848,4.328513e-03,1.081072e-02,-6.649999e-04
persistence,val,130,2024-07-06T16:00:00,2024-07-06T22:00:00,stl1,351848,2.820879e+00,4.663743e+00,1.506196e+00
persistence,val,130,2024-07-06T16:00:00,2024-07-06T22:00:00,sd,351848,1.317492e-05,1.836303e-04,-6.916150e-07
persistence,val,131,2024-07-06T17:00:00,2024-07-06T23:00:00,swvl1,351848,4.264945e-03,1.091677e-02,-6.731218e-04
persistence,val,131,2024-07-06T17:00:00,2024-07-06T23:00:00,stl1,351848,2.385811e+00,3.964280e+00,1.289622e+00
persistence,val,131,2024-07-06T17:00:00,2024-07-06T23:00:00,sd,351848,1.296059e-05,1.850736e-04,-1.889744e-06
persistence,val,132,2024-07-06T18:00:00,2024-07-07T00:00:00,swvl1,351848,4.193394e-03,1.103357e-02,-6.429021e-04
persistence,val,132,2024-07-06T18:00:00,2024-07-07T00:00:00,stl1,351848,2.230988e+00,3.617335e+00,1.280937e+00
persistence,val,132,2024-07-06T18:00:00,2024-07-07T00:00:00,sd,351848,1.376588e-05,2.029250e-04,-4.968486e-06
persistence,val,133,2024-07-06T19:00:00,2024-07-07T01:00:00,swvl1,351848,4.260521e-03,1.139145e-02,-5.612708e-04
persistence,val,133,2024-07-06T19:00:00,2024-07-07T01:00:00,stl1,351848,2.210564e+00,3.482244e+00,1.249246e+00
persistence,val,133,2024-07-06T19:00:00,2024-07-07T01:00:00,sd,351848,1.363063e-05,2.032325e-04,-5.426371e-06
persistence,val,134,2024-07-06T20:00:00,2024-07-07T02:00:00,swvl1,351848,4.367612e-03,1.175492e-02,-4.230927e-04
persistence,val,134,2024-07-06T20:00:00,2024-07-07T02:00:00,stl1,351848,2.262889e+00,3.487253e+00,6.295686e-01
persistence,val,134,2024-07-06T20:00:00,2024-07-07T02:00:00,sd,351848,1.404669e-05,2.107096e-04,-5.759450e-06
persistence,val,135,2024-07-06T21:00:00,2024-07-07T03:00:00,swvl1,351848,4.516938e-03,1.208862e-02,-2.490544e-04
persistence,val,135,2024-07-06T21:00:00,2024-07-07T03:00:00,stl1,351848,2.403294e+00,3.665687e+00,4.405549e-01
persistence,val,135,2024-07-06T21:00:00,2024-07-07T03:00:00,sd,351848,1.471781e-05,2.229716e-04,-5.687704e-06
persistence,val,136,2024-07-06T22:00:00,2024-07-07T04:00:00,swvl1,351848,3.568588e-03,1.060110e-02,1.293890e-04
persistence,val,136,2024-07-06T22:00:00,2024-07-07T04:00:00,stl1,351848,2.296050e+00,3.598969e+00,2.668354e-01
persistence,val,136,2024-07-06T22:00:00,2024-07-07T04:00:00,sd,351848,1.331135e-05,2.033215e-04,-4.286661e-06
persistence,val,137,2024-07-06T23:00:00,2024-07-07T05:00:00,swvl1,351848,3.623474e-03,1.050793e-02,3.185008e-04
persistence,val,137,2024-07-06T23:00:00,2024-07-07T05:00:00,stl1,351848,2.638328e+00,4.086306e+00,-2.948254e-01
persistence,val,137,2024-07-06T23:00:00,2024-07-07T05:00:00,sd,351848,1.444355e-05,2.177000e-04,-2.946579e-06
persistence,val,138,2024-07-07T00:00:00,2024-07-07T06:00:00,swvl1,351848,3.716702e-03,1.043400e-02,4.675991e-04
persistence,val,138,2024-07-07T00:00:00,2024-07-07T06:00:00,stl1,351848,2.735079e+00,4.314726e+00,-6.080729e-01
persistence,val,138,2024-07-07T00:00:00,2024-07-07T06:00:00,sd,351848,1.197624e-05,1.971322e-04,8.833755e-07
persistence,val,139,2024-07-07T01:00:00,2024-07-07T07:00:00,swvl1,351848,3.823995e-03,1.037531e-02,5.555957e-04
persistence,val,139,2024-07-07T01:00:00,2024-07-07T07:00:00,stl1,351848,2.837931e+00,4.506947e+00,-9.597038e-01
persistence,val,139,2024-07-07T01:00:00,2024-07-07T07:00:00,sd,351848,1.349834e-05,2.148150e-04,2.354175e-06
persistence,val,140,2024-07-07T02:00:00,2024-07-07T08:00:00,swvl1,351848,3.917999e-03,1.029092e-02,5.807297e-04
persistence,val,140,2024-07-07T02:00:00,2024-07-07T08:00:00,stl1,351848,2.777174e+00,4.475679e+00,-1.100648e+00
persistence,val,140,2024-07-07T02:00:00,2024-07-07T08:00:00,sd,351848,1.430420e-05,2.233214e-04,3.940688e-06
persistence,val,141,2024-07-07T03:00:00,2024-07-07T09:00:00,swvl1,351848,3.984413e-03,1.019766e-02,5.588865e-04
persistence,val,141,2024-07-07T03:00:00,2024-07-07T09:00:00,stl1,351848,2.890256e+00,4.815912e+00,-1.411308e+00
persistence,val,141,2024-07-07T03:00:00,2024-07-07T09:00:00,sd,351848,1.434980e-05,2.211653e-04,5.349359e-06
persistence,val,142,2024-07-07T04:00:00,2024-07-07T10:00:00,swvl1,351848,4.333982e-03,1.017100e-02,3.308525e-04
persistence,val,142,2024-07-07T04:00:00,2024-07-07T10:00:00,stl1,351848,3.107503e+00,5.285870e+00,-1.611323e+00
persistence,val,142,2024-07-07T04:00:00,2024-07-07T10:00:00,sd,351848,1.553686e-05,2.371605e-04,8.494298e-06
persistence,val,143,2024-07-07T05:00:00,2024-07-07T11:00:00,swvl1,351848,4.334194e-03,1.016147e-02,2.757300e-04
persistence,val,143,2024-07-07T05:00:00,2024-07-07T11:00:00,stl1,351848,2.863916e+00,5.084496e+00,-1.395349e+00
persistence,val,143,2024-07-07T05:00:00,2024-07-07T11:00:00,sd,351848,1.517260e-05,2.309490e-04,8.912389e-06
persistence,val,144,2024-07-07T06:00:00,2024-07-07T12:00:00,swvl1,351848,4.306436e-03,1.012933e-02,2.276299e-04
persistence,val,144,2024-07-07T06:00:00,2024-07-07T12:00:00,stl1,351848,2.862186e+00,5.174061e+00,-1.385374e+00
persistence,val,144,2024-07-07T06:00:00,2024-07-07T12:00:00,sd,351848,1.454766e-05,2.243185e-04,8.665283e-06
persistence,val,145,2024-07-07T07:00:00,2024-07-07T13:00:00,swvl1,351848,4.325124e-03,1.020460e-02,1.943293e-04
persistence,val,145,2024-07-07T07:00:00,2024-07-07T13:00:00,stl1,351848,2.744106e+00,4.984054e+00,-1.286062e+00
persistence,val,145,2024-07-07T07:00:00,2024-07-07T13:00:00,sd,351848,1.419636e-05,2.240577e-04,8.156701e-06
persistence,val,146,2024-07-07T08:00:00,2024-07-07T14:00:00,swvl1,351848,4.368317e-03,1.035391e-02,1.600208e-04
persistence,val,146,2024-07-07T08:00:00,2024-07-07T14:00:00,stl1,351848,2.617151e+00,4.484600e+00,-7.663006e-01
persistence,val,146,2024-07-07T08:00:00,2024-07-07T14:00:00,sd,351848,1.408374e-05,2.293561e-04,7.599311e-06
persistence,val,147,2024-07-07T09:00:00,2024-07-07T15:00:00,swvl1,351848,4.400567e-03,1.048494e-02,1.407994e-04
persistence,val,147,2024-07-07T09:00:00,2024-07-07T15:00:00,stl1,351848,2.604404e+00,4.243875e+00,-4.482859e-01
persistence,val,147,2024-07-07T09:00:00,2024-07-07T15:00:00,sd,351848,1.413231e-05,2.348991e-04,6.987281e-06
persistence,val,148,2024-07-07T10:00:00,2024-07-07T16:00:00,swvl1,351848,3.572237e-03,9.118755e-03,3.019171e-04
persistence,val,148,2024-07-07T10:00:00,2024-07-07T16:00:00,stl1,351848,2.499417e+00,3.917029e+00,-1.770849e-01
persistence,val,148,2024-07-07T10:00:00,2024-07-07T16:00:00,sd,351848,1.087698e-05,1.682329e-04,4.166950e-06
persistence,val,149,2024-07-07T11:00:00,2024-07-07T17:00:00,swvl1,351848,3.541581e-03,9.117605e-03,2.862486e-04
persistence,val,149,2024-07-07T11:00:00,2024-07-07T17:00:00,stl1,351848,2.909492e+00,4.392596e+00,3.475410e-01
persistence,val,149,2024-07-07T11:00:00,2024-07-07T17:00:00,sd,351848,1.090453e-05,1.709481e-04,3.738503e-06
persistence,val,150,2024-07-07T12:00:00,2024-07-07T18:00:00,swvl1,351848,3.561936e-03,9.209483e-03,2.668529e-04
persistence,val,150,2024-07-07T12:00:00,2024-07-07T18:00:00,stl1,351848,3.103795e+00,4.707646e+00,6.293229e-01
persistence,val,150,2024-07-07T12:00:00,2024-07-07T18:00:00,sd,351848,1.123521e-05,1.739069e-04,3.466572e-06
persistence,val,151,2024-07-07T13:00:00,2024-07-07T19:00:00,swvl1,351848,3.577007e-03,9.255608e-03,2.407796e-04
persistence,val,151,2024-07-07T13:00:00,2024-07-07T19:00:00,stl1,351848,3.263330e+00,4.965773e+00,8.862392e-01
persistence,val,151,2024-07-07T13:00:00,2024-07-07T19:00:00,sd,351848,1.156802e-05,1.759076e-04,3.116764e-06
persistence,val,152,2024-07-07T14:00:00,2024-07-07T20:00:00,swvl1,351848,3.585502e-03,9.360120e-03,2.035921e-04
persistence,val,152,2024-07-07T14:00:00,2024-07-07T20:00:00,stl1,351848,3.267975e+00,5.035218e+00,1.098150e+00
persistence,val,152,2024-07-07T14:00:00,2024-07-07T20:00:00,sd,351848,1.181008e-05,1.761559e-04,2.475277e-06
persistence,val,153,2024-07-07T15:00:00,2024-07-07T21:00:00,swvl1,351848,3.552094e-03,9.440566e-03,1.719247e-04
persistence,val,153,2024-07-07T15:00:00,2024-07-07T21:00:00,stl1,351848,3.012527e+00,4.822148e+00,1.306926e+00
persistence,val,153,2024-07-07T15:00:00,2024-07-07T21:00:00,sd,351848,1.180483e-05,1.749476e-04,1.702548e-06
persistence,val,154,2024-07-07T16:00:00,2024-07-07T22:00:00,swvl1,351848,3.959671e-03,9.406106e-03,-1.312330e-04
persistence,val,154,2024-07-07T16:00:00,2024-07-07T22:00:00,stl1,351848,2.846395e+00,4.660993e+00,1.368222e+00
persistence,val,154,2024-07-07T16:00:00,2024-07-07T22:00:00,sd,351848,1.104044e-05,1.580609e-04,1.313050e-06
persistence,val,155,2024-07-07T17:00:00,2024-07-07T23:00:00,swvl1,351848,3.884921e-03,9.386387e-03,-1.486497e-04
persistence,val,155,2024-07-07T17:00:00,2024-07-07T23:00:00,stl1,351848,2.428089e+00,4.003338e+00,1.200146e+00
persistence,val,155,2024-07-07T17:00:00,2024-07-07T23:00:00,sd,351848,1.070583e-05,1.623397e-04,3.646778e-07
persistence,val,156,2024-07-07T18:00:00,2024-07-08T00:00:00,swvl1,351848,3.823188e-03,9.319358e-03,-1.346644e-04
persistence,val,156,2024-07-07T18:00:00,2024-07-08T00:00:00,stl1,351848,2.261556e+00,3.642535e+00,1.237534e+00
persistence,val,156,2024-07-07T18:00:00,2024-07-08T00:00:00,sd,351848,1.349931e-05,1.950687e-04,-2.217259e-06
persistence,val,157,2024-07-07T19:00:00,2024-07-08T01:00:00,swvl1,351848,3.834569e-03,9.386961e-03,-7.075140e-05
persistence,val,157,2024-07-07T19:00:00,2024-07-08T01:00:00,stl1,351848,2.248185e+00,3.510112e+00,1.215836e+00
persistence,val,157,2024-07-07T19:00:00,2024-07-08T01:00:00,sd,351848,1.376858e-05,2.142850e-04,-3.021190e-06
persistence,val,158,2024-07-07T20:00:00,2024-07-08T02:00:00,swvl1,351848,3.874150e-03,9.498317e-03,7.381896e-05
persistence,val,158,2024-07-07T20:00:00,2024-07-08T02:00:00,stl1,351848,2.309442e+00,3.493157e+00,6.171887e-01
persistence,val,158,2024-07-07T20:00:00,2024-07-08T02:00:00,sd,351848,1.421000e-05,2.317754e-04,-3.405882e-06
persistence,val,159,2024-07-07T21:00:00,2024-07-08T03:00:00,swvl1,351848,3.947609e-03,9.650940e-03,2.378722e-04
persistence,val,159,2024-07-07T21:00:00,2024-07-08T03:00:00,stl1,351848,2.449575e+00,3.697753e+00,3.946736e-01
persistence,val,159,2024-07-07T21:00:00,2024-07-08T03:00:00,sd,351848,1.486463e-05,2.427540e-04,-3.068927e-06
persistence,val,160,2024-07-07T22:00:00,2024-07-08T04:00:00,swvl1,351848,3.054548e-03,7.742616e-03,6.999238e-04
persistence,val,160,2024-07-07T22:00:00,2024-07-08T04:00:00,stl1,351848,2.307426e+00,3.608967e+00,2.816135e-01
persistence,val,160,2024-07-07T22:00:00,2024-07-08T04:00:00,sd,351848,1.447682e-05,2.400778e-04,-2.737694e-06
persistence,val,161,2024-07-07T23:00:00,2024-07-08T05:00:00,swvl1,351848,3.122866e-03,7.629690e-03,8.653786e-04
persistence,val,161,2024-07-07T23:00:00,2024-07-08T05:00:00,stl1,351848,2.679832e+00,4.147352e+00,-3.435378e-01
persistence,val,161,2024-07-07T23:00:00,2024-07-08T05:00:00,sd,351848,1.505436e-05,2.289607e-04,-1.495999e-06
persistence,val,162,2024-07-08T00:00:00,2024-07-08T06:00:00,swvl1,351848,3.236732e-03,7.634457e-03,9.946779e-04
persistence,val,162,2024-07-08T00:00:00,2024-07-08T06:00:00,stl1,351848,2.817258e+00,4.426497e+00,-6.592664e-01
persistence,val,162,2024-07-08T00:00:00,2024-07-08T06:00:00,sd,351848,1.009066e-05,1.803407e-04,1.758031e-06
persistence,val,163,2024-07-08T01:00:00,2024-07-08T07:00:00,swvl1,351848,3.394783e-03,7.813080e-03,1.041186e-03
persistence,val,163,2024-07-08T01:00:00,2024-07-08T07:00:00,stl1,351848,2.947313e+00,4.638554e+00,-9.982166e-01
persistence,val,163,2024-07-08T01:00:00,2024-07-08T07:00:00,sd,351848,1.063206e-05,1.698887e-04,3.502744e-06
persistence,val,164,2024-07-08T02:00:00,2024-07-08T08:00:00,swvl1,351848,3.563702e-03,8.146058e-03,1.003105e-03
persistence,val,164,2024-07-08T02:00:00,2024-07-08T08:00:00,stl1,351848,2.846297e+00,4.588032e+00,-1.140708e+00
persistence,val,164,2024-07-08T02:00:00,2024-07-08T08:00:00,sd,351848,1.116812e-05,1.688623e-04,5.162778e-06
persistence,val,165,2024-07-08T03:00:00,2024-07-08T09:00:00,swvl1,351848,3.712442e-03,8.556314e-03,9.137587e-04
persistence,val,165,2024-07-08T03:00:00,2024-07-08T09:00:00,stl1,351848,2.967048e+00,4.915984e+00,-1.434908e+00
persistence,val,165,2024-07-08T03:00:00,2024-07-08T09:00:00,sd,351848,1.139181e-05,1.712519e-04,6.229121e-06
persistence,val,166,2024-07-08T04:00:00,2024-07-08T10:00:00,swvl1,351848,4.205213e-03,9.205804e-03,7.755937e-04
persistence,val,166,2024-07-08T04:00:00,2024-07-08T10:00:00,stl1,351848,3.202539e+00,5.381944e+00,-1.662774e+00
persistence,val,166,2024-07-08T04:00:00,2024-07-08T10:00:00,sd,351848,1.387260e-05,2.079149e-04,9.805535e-06
persistence,val,167,2024-07-08T05:00:00,2024-07-08T11:00:00,swvl1,351848,4.245775e-03,9.460913e-03,6.519072e-04
persistence,val,167,2024-07-08T05:00:00,2024-07-08T11:00:00,stl1,351848,2.970191e+00,5.159627e+00,-1.397553e+00
persistence,val,167,2024-07-08T05:00:00,2024-07-08T11:00:00,sd,351848,1.453644e-05,2.157240e-04,1.036324e-05
persistence,val,168,2024-07-08T06:00:00,2024-07-08T12:00:00,swvl1,351848,4.237445e-03,9.606727e-03,5.371062e-04
persistence,val,168,2024-07-08T06:00:00,2024-07-08T12:00:00,stl1,351848,2.958888e+00,5.212070e+00,-1.394174e+00
persistence,val,168,2024-07-08T06:00:00,2024-07-08T12:00:00,sd,351848,1.458551e-05,2.170228e-04,1.035385e-05
persistence,val,169,2024-07-08T07:00:00,2024-07-08T13:00:00,swvl1,351848,4.243092e-03,9.734563e-03,4.806962e-04
persistence,val,169,2024-07-08T07:00:00,2024-07-08T13:00:00,stl1,351848,2.834905e+00,4.996789e+00,-1.246767e+00
persistence,val,169,2024-07-08T07:00:00,2024-07-08T13:00:00,sd,351848,1.441228e-05,2.163809e-04,1.010307e-05
persistence,val,170,2024-07-08T08:00:00,2024-07-08T14:00:00,swvl1,351848,4.247142e-03,9.797243e-03,4.607920e-04
persistence,val,170,2024-07-08T08:00:00,2024-07-08T14:00:00,stl1,351848,2.691345e+00,4.499937e+00,-7.335595e-01
persistence,val,170,2024-07-08T08:00:00,2024-07-08T14:00:00,sd,351848,1.424600e-05,2.170603e-04,9.767410e-06
persistence,val,171,2024-07-08T09:00:00,2024-07-08T15:00:00,swvl1,351848,4.232665e-03,9.831049e-03,4.609689e-04
persistence,val,171,2024-07-08T09:00:00,2024-07-08T15:00:00,stl1,351848,2.642344e+00,4.267483e+00,-4.290001e-01
persistence,val,171,2024-07-08T09:00:00,2024-07-08T15:00:00,sd,351848,1.394961e-05,2.159778e-04,9.312265e-06
persistence,val,172,2024-07-08T10:00:00,2024-07-08T16:00:00,swvl1,351848,3.361430e-03,8.540972e-03,4.841975e-04
persistence,val,172,2024-07-08T10:00:00,2024-07-08T16:00:00,stl1,351848,2.522482e+00,3.952615e+00,-1.546598e-01
persistence,val,172,2024-07-08T10:00:00,2024-07-08T16:00:00,sd,351848,1.019961e-05,1.549742e-04,6.028408e-06
persistence,val,173,2024-07-08T11:00:00,2024-07-08T17:00:00,swvl1,351848,3.285851e-03,8.439007e-03,4.716653e-04
persistence,val,173,2024-07-08T11:00:00,2024-07-08T17:00:00,stl1,351848,2.978885e+00,4.444214e+00,4.140720e-01
persistence,val,173,2024-07-08T11:00:00,2024-07-08T17:00:00,sd,351848,9.492535e-06,1.499665e-04,5.518175e-06
persistence,val,174,2024-07-08T12:00:00,2024-07-08T18:00:00,swvl1,351848,3.268795e-03,8.464897e-03,4.740822e-04
persistence,val,174,2024-07-08T12:00:00,2024-07-08T18:00:00,stl1,351848,3.207386e+00,4.770328e+00,6.814292e-01
persistence,val,174,2024-07-08T12:00:00,2024-07-08T18:00:00,sd,351848,9.266319e-06,1.482232e-04,5.196415e-06
persistence,val,175,2024-07-08T13:00:00,2024-07-08T19:00:00,swvl1,351848,3.266105e-03,8.547397e-03,4.457985e-04
persistence,val,175,2024-07-08T13:00:00,2024-07-08T19:00:00,stl1,351848,3.382762e+00,5.028493e+00,8.838079e-01
persistence,val,175,2024-07-08T13:00:00,2024-07-08T19:00:00,sd,351848,9.029234e-06,1.447021e-04,4.953844e-06
persistence,val,176,2024-07-08T14:00:00,2024-07-08T20:00:00,swvl1,351848,3.267528e-03,8.716956e-03,3.991202e-04
persistence,val,176,2024-07-08T14:00:00,2024-07-08T20:00:00,stl1,351848,3.381808e+00,5.117830e+00,1.109824e+00
persistence,val,176,2024-07-08T14:00:00,2024-07-08T20:00:00,sd,351848,8.576569e-06,1.386240e-04,4.532523e-06
persistence,val,177,2024-07-08T15:00:00,2024-07-08T21:00:00,swvl1,351848,3.269087e-03,8.844466e-03,3.185083e-04
persistence,val,177,2024-07-08T15:00:00,2024-07-08T21:00:00,stl1,351848,3.111768e+00,4.898313e+00,1.296564e+00
persistence,val,177,2024-07-08T15:00:00,2024-07-08T21:00:00,sd,351848,8.062143e-06,1.295622e-04,4.100950e-06
persistence,val,178,2024-07-08T16:00:00,2024-07-08T22:00:00,swvl1,351848,3.739789e-03,9.375170e-03,3.487639e-05
persistence,val,178,2024-07-08T16:00:00,2024-07-08T22:00:00,stl1,351848,2.984971e+00,4.776804e+00,1.387636e+00
persistence,val,178,2024-07-08T16:00:00,2024-07-08T22:00:00,sd,351848,7.296627e-06,1.165462e-04,3.774916e-06
persistence,val,179,2024-07-08T17:00:00,2024-07-08T23:00:00,swvl1,351848,3.709615e-03,9.360772e-03,-4.518644e-06
persistence,val,179,2024-07-08T17:00:00,2024-07-08T23:00:00,stl1,351848,2.600544e+00,4.128714e+00,1.154381e+00
persistence,val,179,2024-07-08T17:00:00,2024-07-08T23:00:00,sd,351848,6.493839e-06,1.033044e-04,3.043375e-06
persistence,val,180,2024-07-08T18:00:00,2024-07-09T00:00:00,swvl1,351848,3.671753e-03,9.291778e-03,-3.154595e-05
persistence,val,180,2024-07-08T18:00:00,2024-07-09T00:00:00,stl1,351848,2.427964e+00,3.785682e+00,1.180254e+00
persistence,val,180,2024-07-08T18:00:00,2024-07-09T00:00:00,sd,351848,7.659933e-06,1.109633e-04,2.373021e-06
persistence,val,181,2024-07-08T19:00:00,2024-07-09T01:00:00,swvl1,351848,3.710740e-03,9.496835e-03,-5.581937e-06
persistence,val,181,2024-07-08T19:00:00,2024-07-09T01:00:00,stl1,351848,2.393078e+00,3.637686e+00,1.176931e+00
persistence,val,181,2024-07-08T19:00:00,2024-07-09T01:00:00,sd,351848,7.435181e-06,1.060716e-04,1.692281e-06
persistence,val,182,2024-07-08T20:00:00,2024-07-09T02:00:00,swvl1,351848,3.771351e-03,9.706248e-03,7.216163e-05
persistence,val,182,2024-07-08T20:00:00,2024-07-09T02:00:00,stl1,351848,2.382219e+00,3.564391e+00,5.472343e-01
persistence,val,182,2024-07-08T20:00:00,2024-07-09T02:00:00,sd,351848,7.433861e-06,1.039123e-04,1.323339e-06
persistence,val,183,2024-07-08T21:00:00,2024-07-09T03:00:00,swvl1,351848,3.863278e-03,9.836344e-03,2.169177e-04
persistence,val,183,2024-07-08T21:00:00,2024-07-09T03:00:00,stl1,351848,2.530879e+00,3.776348e+00,3.371443e-01
persistence,val,183,2024-07-08T21:00:00,2024-07-09T03:00:00,sd,351848,7.658088e-06,1.040736e-04,1.484114e-06
persistence,val,184,2024-07-08T22:00:00,2024-07-09T04:00:00,swvl1,351848,3.056041e-03,8.230707e-03,5.879907e-04
persistence,val,184,2024-07-08T22:00:00,2024-07-09T04:00:00,stl1,351848,2.394648e+00,3.705604e+00,2.018977e-01
persistence,val,184,2024-07-08T22:00:00,2024-07-09T04:00:00,sd,351848,7.897905e-06,1.059788e-04,1.763596e-06
persistence,val,185,2024-07-08T23:00:00,2024-07-09T05:00:00,swvl1,351848,3.157031e-03,8.250709e-03,7.374011e-04
persistence,val,185,2024-07-08T23:00:00,2024-07-09T05:00:00,stl1,351848,2.812505e+00,4.317558e+00,-3.490031e-01
persistence,val,185,2024-07-08T23:00:00,2024-07-09T05:00:00,sd,351848,8.616999e-06,1.133367e-04,2.569528e-06
persistence,val,186,2024-07-09T00:00:00,2024-07-09T06:00:00,swvl1,351848,3.276826e-03,8.277705e-03,8.491711e-04
persistence,val,186,2024-07-09T00:00:00,2024-07-09T06:00:00,stl1,351848,2.936474e+00,4.622607e+00,-6.865849e-01
persistence,val,186,2024-07-09T00:00:00,2024-07-09T06:00:00,sd,351848,6.020935e-06,9.749614e-05,3.508739e-06
persistence,val,187,2024-07-09T01:00:00,2024-07-09T07:00:00,swvl1,351848,3.416760e-03,8.459142e-03,8.923735e-04
persistence,val,187,2024-07-09T01:00:00,2024-07-09T07:00:00,stl1,351848,3.098436e+00,4.884066e+00,-1.037688e+00
persistence,val,187,2024-07-09T01:00:00,2024-07-09T07:00:00,sd,351848,6.911035e-06,1.184968e-04,4.534211e-06
persistence,val,188,2024-07-09T02:00:00,2024-07-09T08:00:00,swvl1,351848,3.566208e-03,8.768847e-03,8.532349e-04
persistence,val,188,2024-07-09T02:00:00,2024-07-09T08:00:00,stl1,351848,2.977542e+00,4.786594e+00,-1.143248e+00
persistence,val,188,2024-07-09T02:00:00,2024-07-09T08:00:00,sd,351848,7.744194e-06,1.373376e-04,5.375805e-06
persistence,val,189,2024-07-09T03:00:00,2024-07-09T09:00:00,swvl1,351848,3.697981e-03,9.093540e-03,7.486361e-04
persistence,val,189,2024-07-09T03:00:00,2024-07-09T09:00:00,stl1,351848,3.093439e+00,5.085139e+00,-1.427754e+00
persistence,val,189,2024-07-09T03:00:00,2024-07-09T09:00:00,sd,351848,8.244577e-06,1.502833e-04,5.788141e-06
persistence,val,190,2024-07-09T04:00:00,2024-07-09T10:00:00,swvl1,351848,4.143710e-03,9.330574e-03,6.022453e-04
persistence,val,190,2024-07-09T04:00:00,2024-07-09T10:00:00,stl1,351848,3.329519e+00,5.528165e+00,-1.690391e+00
persistence,val,190,2024-07-09T04:00:00,2024-07-09T10:00:00,sd,351848,1.019759e-05,1.805322e-04,7.979880e-06
persistence,val,191,2024-07-09T05:00:00,2024-07-09T11:00:00,swvl1,351848,4.174246e-03,9.503063e-03,4.702176e-04
persistence,val,191,2024-07-09T05:00:00,2024-07-09T11:00:00,stl1,351848,3.042328e+00,5.253699e+00,-1.483516e+00
persistence,val,191,2024-07-09T05:00:00,2024-07-09T11:00:00,sd,351848,1.064964e-05,1.829715e-04,8.115586e-06
persistence,val,192,2024-07-09T06:00:00,2024-07-09T12:00:00,swvl1,351848,4.171554e-03,9.650504e-03,3.288752e-04
persistence,val,192,2024-07-09T06:00:00,2024-07-09T12:00:00,stl1,351848,3.014388e+00,5.304506e+00,-1.426166e+00
persistence,val,192,2024-07-09T06:00:00,2024-07-09T12:00:00,sd,351848,1.068057e-05,1.814361e-04,7.843012e-06
persistence,val,193,2024-07-09T07:00:00,2024-07-09T13:00:00,swvl1,351848,4.185591e-03,9.800566e-03,2.072504e-04
persistence,val,193,2024-07-09T07:00:00,2024-07-09T13:00:00,stl1,351848,2.907649e+00,5.104572e+00,-1.267280e+00
persistence,val,193,2024-07-09T07:00:00,2024-07-09T13:00:00,sd,351848,1.061049e-05,1.796903e-04,7.510367e-06
persistence,val,194,2024-07-09T08:00:00,2024-07-09T14:00:00,swvl1,351848,4.214381e-03,9.951666e-03,1.136099e-04
persistence,val,194,2024-07-09T08:00:00,2024-07-09T14:00:00,stl1,351848,2.770038e+00,4.616539e+00,-7.508190e-01
persistence,val,194,2024-07-09T08:00:00,2024-07-09T14:00:00,sd,351848,1.058808e-05,1.807317e-04,7.244131e-06
persistence,val,195,2024-07-09T09:00:00,2024-07-09T15:00:00,swvl1,351848,4.263538e-03,1.016192e-02,4.785615e-05
persistence,val,195,2024-07-09T09:00:00,2024-07-09T15:00:00,stl1,351848,2.728792e+00,4.403024e+00,-4.117025e-01
persistence,val,195,2024-07-09T09:00:00,2024-07-09T15:00:00,sd,351848,1.047344e-05,1.787396e-04,6.825094e-06
persistence,val,196,2024-07-09T10:00:00,2024-07-09T16:00:00,swvl1,351848,3.438415e-03,9.077581e-03,3.408705e-05
persistence,val,196,2024-07-09T10:00:00,2024-07-09T16:00:00,stl1,351848,2.598938e+00,4.054385e+00,-1.005527e-01
persistence,val,196,2024-07-09T10:00:00,2024-07-09T16:00:00,sd,351848,7.833808e-06,1.266143e-04,4.384666e-06
persistence,val,197,2024-07-09T11:00:00,2024-07-09T17:00:00,swvl1,351848,3.408985e-03,9.246016e-03,6.542186e-06
persistence,val,197,2024-07-09T11:00:00,2024-07-09T17:00:00,stl1,351848,3.057402e+00,4.573911e+00,4.722324e-01
persistence,val,197,2024-07-09T11:00:00,2024-07-09T17:00:00,sd,351848,7.570144e-06,1.269283e-04,3.868164e-06
persistence,val,198,2024-07-09T12:00:00,2024-07-09T18:00:00,swvl1,351848,3.397836e-03,9.422009e-03,-8.752402e-07
persistence,val,198,2024-07-09T12:00:00,2024-07-09T18:00:00,stl1,351848,3.250832e+00,4.858151e+00,7.562445e-01
persistence,val,198,2024-07-09T12:00:00,2024-07-09T18:00:00,sd,351848,7.596273e-06,1.288460e-04,3.532873e-06
persistence,val,199,2024-07-09T13:00:00,2024-07-09T19:00:00,swvl1,351848,3.412101e-03,9.617996e-03,-9.642076e-06
persistence,val,199,2024-07-09T13:00:00,2024-07-09T19:00:00,stl1,351848,3.393079e+00,5.100806e+00,9.617826e-01
persistence,val,199,2024-07-09T13:00:00,2024-07-09T19:00:00,sd,351848,7.846262e-06,1.306366e-04,3.201087e-06
persistence,val,200,2024-07-09T14:00:00,2024-07-09T20:00:00,swvl1,351848,3.413178e-03,9.720743e-03,-1.028256e-05
persistence,val,200,2024-07-09T14:00:00,2024-07-09T20:00:00,stl1,351848,3.434423e+00,5.205647e+00,1.173305e+00
persistence,val,200,2024-07-09T14:00:00,2024-07-09T20:00:00,sd,351848,8.081816e-06,1.324917e-04,2.787087e-06
persistence,val,201,2024-07-09T15:00:00,2024-07-09T21:00:00,swvl1,351848,3.377835e-03,9.658346e-03,-5.039125e-06
persistence,val,201,2024-07-09T15:00:00,2024-07-09T21:00:00,stl1,351848,3.199687e+00,4.995130e+00,1.347993e+00
persistence,val,201,2024-07-09T15:00:00,2024-07-09T21:00:00,sd,351848,8.137071e-06,1.319378e-04,2.581215e-06
persistence,val,202,2024-07-09T16:00:00,2024-07-09T22:00:00,swvl1,351848,3.746285e-03,9.404413e-03,-1.940817e-04
persistence,val,202,2024-07-09T16:00:00,2024-07-09T22:00:00,stl1,351848,3.025402e+00,4.858246e+00,1.424803e+00
persistence,val,202,2024-07-09T16:00:00,2024-07-09T22:00:00,sd,351848,8.082726e-06,1.282906e-04,2.272287e-06
persistence,val,203,2024-07-09T17:00:00,2024-07-09T23:00:00,swvl1,351848,3.704156e-03,9.328088e-03,-1.834253e-04
persistence,val,203,2024-07-09T17:00:00,2024-07-09T23:00:00,stl1,351848,2.552504e+00,4.122089e+00,1.190835e+00
persistence,val,203,2024-07-09T17:00:00,2024-07-09T23:00:00,sd,351848,7.835545e-06,1.257150e-04,1.957154e-06
persistence,val,204,2024-07-09T18:00:00,2024-07-10T00:00:00,swvl1,351848,3.662408e-03,9.330350e-03,-1.447833e-04
persistence,val,204,2024-07-09T18:00:00,2024-07-10T00:00:00,stl1,351848,2.389852e+00,3.781439e+00,1.196451e+00
persistence,val,204,2024-07-09T18:00:00,2024-07-10T00:00:00,sd,351848,8.853430e-06,1.370404e-04,9.560568e-07
persistence,val,205,2024-07-09T19:00:00,2024-07-10T01:00:00,swvl1,351848,3.700869e-03,9.492977e-03,-6.949129e-05
persistence,val,205,2024-07-09T19:00:00,2024-07-10T01:00:00,stl1,351848,2.333571e+00,3.633593e+00,1.173678e+00
persistence,val,205,2024-07-09T19:00:00,2024-07-10T01:00:00,sd,351848,8.887428e-06,1.340876e-04,6.539232e-07
persistence,val,206,2024-07-09T20:00:00,2024-07-10T02:00:00,swvl1,351848,3.780179e-03,9.747777e-03,4.006538e-05
persistence,val,206,2024-07-09T20:00:00,2024-07-10T02:00:00,stl1,351848,2.384840e+00,3.615482e+00,5.240874e-01
persistence,val,206,2024-07-09T20:00:00,2024-07-10T02:00:00,sd,351848,8.891239e-06,1.289592e-04,5.314749e-07
persistence,val,207,2024-07-09T21:00:00,2024-07-10T03:00:00,swvl1,351848,3.898204e-03,1.002166e-02,1.767192e-04
persistence,val,207,2024-07-09T21:00:00,2024-07-10T03:00:00,stl1,351848,2.560467e+00,3.855031e+00,3.040299e-01
persistence,val,207,2024-07-09T21:00:00,2024-07-10T03:00:00,sd,351848,8.941193e-06,1.239312e-04,5.696925e-07
persistence,val,208,2024-07-09T22:00:00,2024-07-10T04:00:00,swvl1,351848,3.182022e-03,9.082004e-03,4.967617e-04
persistence,val,208,2024-07-09T22:00:00,2024-07-10T04:00:00,stl1,351848,2.428381e+00,3.797822e+00,1.610584e-01
persistence,val,208,2024-07-09T22:00:00,2024-07-10T04:00:00,sd,351848,8.547795e-06,1.142391e-04,8.344081e-07
persistence,val,209,2024-07-09T23:00:00,2024-07-10T05:00:00,swvl1,351848,3.296252e-03,9.106666e-03,6.183066e-04
persistence,val,209,2024-07-09T23:00:00,2024-07-10T05:00:00,stl1,351848,2.832451e+00,4.372431e+00,-4.139076e-01
persistence,val,209,2024-07-09T23:00:00,2024-07-10T05:00:00,sd,351848,8.845212e-06,1.142891e-04,1.170715e-06
persistence,val,210,2024-07-10T00:00:00,2024-07-10T06:00:00,swvl1,351848,3.433234e-03,9.132027e-03,7.013414e-04
persistence,val,210,2024-07-10T00:00:00,2024-07-10T06:00:00,stl1,351848,2.978957e+00,4.676221e+00,-7.663301e-01
persistence,val,210,2024-07-10T00:00:00,2024-07-10T06:00:00,sd,351848,6.714171e-06,9.973624e-05,2.363331e-06
persistence,val,211,2024-07-10T01:00:00,2024-07-10T07:00:00,swvl1,351848,3.580981e-03,9.201061e-03,7.315902e-04
persistence,val,211,2024-07-10T01:00:00,2024-07-10T07:00:00,stl1,351848,3.105259e+00,4.889993e+00,-1.109168e+00
persistence,val,211,2024-07-10T01:00:00,2024-07-10T07:00:00,sd,351848,7.106273e-06,1.123961e-04,2.905881e-06
persistence,val,212,2024-07-10T02:00:00,2024-07-10T08:00:00,swvl1,351848,3.694090e-03,9.256621e-03,7.113633e-04
persistence,val,212,2024-07-10T02:00:00,2024-07-10T08:00:00,stl1,351848,2.970415e+00,4.744507e+00,-1.172133e+00
persistence,val,212,2024-07-10T02:00:00,2024-07-10T08:00:00,sd,351848,7.627161e-06,1.289312e-04,3.292411e-06
persistence,val,213,2024-07-10T03:00:00,2024-07-10T09:00:00,swvl1,351848,3.759413e-03,9.303713e-03,6.412169e-04
persistence,val,213,2024-07-10T03:00:00,2024-07-10T09:00:00,stl1,351848,3.043507e+00,5.019851e+00,-1.440293e+00
persistence,val,213,2024-07-10T03:00:00,2024-07-10T09:00:00,sd,351848,8.067892e-06,1.438540e-04,3.399569e-06
persistence,val,214,2024-07-10T04:00:00,2024-07-10T10:00:00,swvl1,351848,4.195744e-03,9.712447e-03,3.936357e-04
persistence,val,214,2024-07-10T04:00:00,2024-07-10T10:00:00,stl1,351848,3.315344e+00,5.516069e+00,-1.642176e+00
persistence,val,214,2024-07-10T04:00:00,2024-07-10T10:00:00,sd,351848,1.119731e-05,2.031433e-04,4.426107e-06
persistence,val,215,2024-07-10T05:00:00,2024-07-10T11:00:00,swvl1,351848,4.195371e-03,9.862683e-03,2.551218e-04
persistence,val,215,2024-07-10T05:00:00,2024-07-10T11:00:00,stl1,351848,3.068607e+00,5.303964e+00,-1.371337e+00
persistence,val,215,2024-07-10T05:00:00,2024-07-10T11:00:00,sd,351848,1.250026e-05,2.351639e-04,3.639376e-06
persistence,val,216,2024-07-10T06:00:00,2024-07-10T12:00:00,swvl1,351848,4.157795e-03,1.003743e-02,1.258845e-04
persistence,val,216,2024-07-10T06:00:00,2024-07-10T12:00:00,stl1,351848,3.045506e+00,5.414905e+00,-1.272662e+00
persistence,val,216,2024-07-10T06:00:00,2024-07-10T12:00:00,sd,351848,1.319325e-05,2.591949e-04,2.876015e-06
persistence,val,217,2024-07-10T07:00:00,2024-07-10T13:00:00,swvl1,351848,4.193014e-03,1.033515e-02,2.024438e-05
persistence,val,217,2024-07-10T07:00:00,2024-07-10T13:00:00,stl1,351848,2.928733e+00,5.213826e+00,-1.109621e+00
persistence,val,217,2024-07-10T07:00:00,2024-07-10T13:00:00,sd,351848,1.349997e-05,2.751941e-04,2.246822e-06
persistence,val,218,2024-07-10T08:00:00,2024-07-10T14:00:00,swvl1,351848,4.261268e-03,1.063244e-02,-6.529089e-05
persistence,val,218,2024-07-10T08:00:00,2024-07-10T14:00:00,stl1,351848,2.772316e+00,4.725723e+00,-5.858877e-01
persistence,val,218,2024-07-10T08:00:00,2024-07-10T14:00:00,sd,351848,1.358567e-05,2.854287e-04,1.791636e-06
persistence,val,219,2024-07-10T09:00:00,2024-07-10T15:00:00,swvl1,351848,4.318754e-03,1.087633e-02,-1.138839e-04
persistence,val,219,2024-07-10T09:00:00,2024-07-10T15:00:00,stl1,351848,2.718400e+00,4.437541e+00,-2.732122e-01
persistence,val,219,2024-07-10T09:00:00,2024-07-10T15:00:00,sd,351848,1.342690e-05,2.842146e-04,1.680924e-06
persistence,val,220,2024-07-10T10:00:00,2024-07-10T16:00:00,swvl1,351848,3.434744e-03,9.599084e-03,1.582764e-05
persistence,val,220,2024-07-10T10:00:00,2024-07-10T16:00:00,stl1,351848,2.584274e+00,4.019365e+00,8.859377e-03
persistence,val,220,2024-07-10T10:00:00,2024-07-10T16:00:00,sd,351848,9.728533e-06,1.925472e-04,5.981172e-07
persistence,val,221,2024-07-10T11:00:00,2024-07-10T17:00:00,swvl1,351848,3.408531e-03,9.545353e-03,4.633224e-05
persistence,val,221,2024-07-10T11:00:00,2024-07-10T17:00:00,stl1,351848,3.046749e+00,4.508283e+00,5.258125e-01
persistence,val,221,2024-07-10T11:00:00,2024-07-10T17:00:00,sd,351848,8.560464e-06,1.521943e-04,1.323442e-06
persistence,val,222,2024-07-10T12:00:00,2024-07-10T18:00:00,swvl1,351848,3.432845e-03,9.513321e-03,6.384982e-05
persistence,val,222,2024-07-10T12:00:00,2024-07-10T18:00:00,stl1,351848,3.262199e+00,4.833569e+00,7.738840e-01
persistence,val,222,2024-07-10T12:00:00,2024-07-10T18:00:00,sd,351848,8.012211e-06,1.328105e-04,1.973685e-06
persistence,val,223,2024-07-10T13:00:00,2024-07-10T19:00:00,swvl1,351848,3.466511e-03,9.515451e-03,7.225236e-05
persistence,val,223,2024-07-10T13:00:00,2024-07-10T19:00:00,stl1,351848,3.453341e+00,5.107547e+00,1.024618e+00
persistence,val,223,2024-07-10T13:00:00,2024-07-10T19:00:00,sd,351848,7.707180e-06,1.236026e-04,2.364676e-06
persistence,val,224,2024-07-10T14:00:00,2024-07-10T20:00:00,swvl1,351848,3.465270e-03,9.481525e-03,8.618483e-05
persistence,val,224,2024-07-10T14:00:00,2024-07-10T20:00:00,stl1,351848,3.440859e+00,5.181420e+00,1.228666e+00
persistence,val,224,2024-07-10T14:00:00,2024-07-10T20:00:00,sd,351848,7.369943e-06,1.177169e-04,2.399001e-06
persistence,val,225,2024-07-10T15:00:00,2024-07-10T21:00:00,swvl1,351848,3.431583e-03,9.396747e-03,7.207537e-05
persistence,val,225,2024-07-10T15:00:00,2024-07-10T21:00:00,stl1,351848,3.192833e+00,4.982969e+00,1.393991e+00
persistence,val,225,2024-07-10T15:00:00,2024-07-10T21:00:00,sd,351848,7.020538e-06,1.109223e-04,2.116974e-06
persistence,val,226,2024-07-10T16:00:00,2024-07-10T22:00:00,swvl1,351848,3.878662e-03,9.736216e-03,-2.593313e-04
persistence,val,226,2024-07-10T16:00:00,2024-07-10T22:00:00,stl1,351848,3.061888e+00,4.873330e+00,1.503236e+00
persistence,val,226,2024-07-10T16:00:00,2024-07-10T22:00:00,sd,351848,6.320266e-06,9.820221e-05,1.728504e-06
persistence,val,227,2024-07-10T17:00:00,2024-07-10T23:00:00,swvl1,351848,3.840270e-03,9.850460e-03,-3.137020e-04
persistence,val,227,2024-07-10T17:00:00,2024-07-10T23:00:00,stl1,351848,2.568423e+00,4.150632e+00,1.292111e+00
persistence,val,227,2024-07-10T17:00:00,2024-07-10T23:00:00,sd,351848,5.669441e-06,8.971528e-05,1.089312e-06
persistence,val,228,2024-07-10T18:00:00,2024-07-11T00:00:00,swvl1,351848,3.823581e-03,1.015501e-02,-3.582075e-04
persistence,val,228,2024-07-10T18:00:00,2024-07-11T00:00:00,stl1,351848,2.403942e+00,3.800899e+00,1.288403e+00
persistence,val,228,2024-07-10T18:00:00,2024-07-11T00:00:00,sd,351848,9.306131e-06,1.374486e-04,6.466862e-07
persistence,val,229,2024-07-10T19:00:00,2024-07-11T01:00:00,swvl1,351848,3.899233e-03,1.056369e-02,-3.584459e-04
persistence,val,229,2024-07-10T19:00:00,2024-07-11T01:00:00,stl1,351848,2.312597e+00,3.616441e+00,1.213350e+00
persistence,val,229,2024-07-10T19:00:00,2024-07-11T01:00:00,sd,351848,9.331991e-06,1.412511e-04,1.966448e-08
persistence,val,230,2024-07-10T20:00:00,2024-07-11T02:00:00,swvl1,351848,4.024385e-03,1.098497e-02,-3.256966e-04
persistence,val,230,2024-07-10T20:00:00,2024-07-11T02:00:00,stl1,351848,2.394809e+00,3.598354e+00,5.944918e-01
persistence,val,230,2024-07-10T20:00:00,2024-07-11T02:00:00,sd,351848,9.610143e-06,1.467287e-04,-2.851309e-07
persistence,val,231,2024-07-10T21:00:00,2024-07-11T03:00:00,swvl1,351848,4.181600e-03,1.127838e-02,-2.273491e-04
persistence,val,231,2024-07-10T21:00:00,2024-07-11T03:00:00,stl1,351848,2.577785e+00,3.851851e+00,3.750302e-01
persistence,val,231,2024-07-10T21:00:00,2024-07-11T03:00:00,sd,351848,1.001548e-05,1.528105e-04,-2.498405e-07
persistence,val,232,2024-07-10T22:00:00,2024-07-11T04:00:00,swvl1,351848,3.365199e-03,9.747717e-03,1.891661e-04
persistence,val,232,2024-07-10T22:00:00,2024-07-11T04:00:00,stl1,351848,2.430573e+00,3.785832e+00,1.958253e-01
persistence,val,232,2024-07-10T22:00:00,2024-07-11T04:00:00,sd,351848,9.942712e-06,1.549607e-04,-1.288559e-08
persistence,val,233,2024-07-10T23:00:00,2024-07-11T05:00:00,swvl1,351848,3.465222e-03,9.684389e-03,3.157900e-04
persistence,val,233,2024-07-10T23:00:00,2024-07-11T05:00:00,stl1,351848,2.815965e+00,4.322396e+00,-3.469942e-01
persistence,val,233,2024-07-10T23:00:00,2024-07-11T05:00:00,sd,351848,1.032697e-05,1.592650e-04,5.084575e-07
persistence,val,234,2024-07-11T00:00:00,2024-07-11T06:00:00,swvl1,351848,3.583817e-03,9.736557e-03,4.163199e-04
persistence,val,234,2024-07-11T00:00:00,2024-07-11T06:00:00,stl1,351848,2.896403e+00,4.544596e+00,-6.548232e-01
persistence,val,234,2024-07-11T00:00:00,2024-07-11T06:00:00,sd,351848,4.762503e-06,8.692607e-05,8.406449e-07
persistence,val,235,2024-07-11T01:00:00,2024-07-11T07:00:00,swvl1,351848,3.702979e-03,9.853097e-03,4.444133e-04
persistence,val,235,2024-07-11T01:00:00,2024-07-11T07:00:00,stl1,351848,2.985475e+00,4.707142e+00,-9.924584e-01
persistence,val,235,2024-07-11T01:00:00,2024-07-11T07:00:00,sd,351848,5.190723e-06,9.752039e-05,1.544237e-06
persistence,val,236,2024-07-11T02:00:00,2024-07-11T08:00:00,swvl1,351848,3.820035e-03,1.003214e-02,4.011491e-04
persistence,val,236,2024-07-11T02:00:00,2024-07-11T08:00:00,stl1,351848,2.826979e+00,4.577766e+00,-1.135636e+00
persistence,val,236,2024-07-11T02:00:00,2024-07-11T08:00:00,sd,351848,5.699541e-06,1.112593e-04,2.132700e-06
persistence,val,237,2024-07-11T03:00:00,2024-07-11T09:00:00,swvl1,351848,3.904325e-03,1.019129e-02,3.015238e-04
persistence,val,237,2024-07-11T03:00:00,2024-07-11T09:00:00,stl1,351848,2.920654e+00,4.875407e+00,-1.379979e+00
persistence,val,237,2024-07-11T03:00:00,2024-07-11T09:00:00,sd,351848,6.153334e-06,1.224766e-04,2.441688e-06
persistence,val,238,2024-07-11T04:00:00,2024-07-11T10:00:00,swvl1,351848,4.234064e-03,1.029010e-02,1.998151e-04
persistence,val,238,2024-07-11T04:00:00,2024-07-11T10:00:00,stl1,351848,3.257215e+00,5.462148e+00,-1.531072e+00
persistence,val,238,2024-07-11T04:00:00,2024-07-11T10:00:00,sd,351848,9.263023e-06,2.509448e-04,5.690198e-06
persistence,val,239,2024-07-11T05:00:00,2024-07-11T11:00:00,swvl1,351848,4.219693e-03,1.035698e-02,1.207878e-04
persistence,val,239,2024-07-11T05:00:00,2024-07-11T11:00:00,stl1,351848,3.076496e+00,5.375259e+00,-1.288595e+00
persistence,val,239,2024-07-11T05:00:00,2024-07-11T11:00:00,sd,351848,1.078728e-05,2.731162e-04,6.526091e-06
persistence,val,240,2024-07-11T06:00:00,2024-07-11T12:00:00,swvl1,351848,4.174217e-03,1.033726e-02,6.506211e-05
persistence,val,240,2024-07-11T06:00:00,2024-07-11T12:00:00,stl1,351848,3.119734e+00,5.530228e+00,-1.226008e+00
persistence,val,240,2024-07-11T06:00:00,2024-07-11T12:00:00,sd,351848,1.192262e-05,2.933016e-04,6.990067e-06
persistence,val,241,2024-07-11T07:00:00,2024-07-11T13:00:00,swvl1,351848,4.175829e-03,1.037262e-02,7.613353e-05
persistence,val,241,2024-07-11T07:00:00,2024-07-11T13:00:00,stl1,351848,3.006682e+00,5.342925e+00,-1.038829e+00
persistence,val,241,2024-07-11T07:00:00,2024-07-11T13:00:00,sd,351848,1.283169e-05,3.091156e-04,7.091200e-06
persistence,val,242,2024-07-11T08:00:00,2024-07-11T14:00:00,swvl1,351848,4.216283e-03,1.052140e-02,1.250204e-04
persistence,val,242,2024-07-11T08:00:00,2024-07-11T14:00:00,stl1,351848,2.854574e+00,4.792537e+00,-4.784742e-01
persistence,val,242,2024-07-11T08:00:00,2024-07-11T14:00:00,sd,351848,1.363092e-05,3.241905e-04,7.146979e-06
persistence,val,243,2024-07-11T09:00:00,2024-07-11T15:00:00,swvl1,351848,4.274066e-03,1.072698e-02,1.852058e-04
persistence,val,243,2024-07-11T09:00:00,2024-07-11T15:00:00,stl1,351848,2.826564e+00,4.528899e+00,-1.697696e-01
persistence,val,243,2024-07-11T09:00:00,2024-07-11T15:00:00,sd,351848,1.417008e-05,3.316126e-04,7.010575e-06
persistence,val,244,2024-07-11T10:00:00,2024-07-11T16:00:00,swvl1,351848,3.290645e-03,8.823523e-03,1.939282e-04
persistence,val,244,2024-07-11T10:00:00,2024-07-11T16:00:00,stl1,351848,2.639559e+00,4.071174e+00,6.631081e-02
persistence,val,244,2024-07-11T10:00:00,2024-07-11T16:00:00,sd,351848,1.053037e-05,2.019246e-04,3.895618e-06
persistence,val,245,2024-07-11T11:00:00,2024-07-11T17:00:00,swvl1,351848,3.264084e-03,8.802294e-03,1.761995e-04
persistence,val,245,2024-07-11T11:00:00,2024-07-11T17:00:00,stl1,351848,3.049338e+00,4.530055e+00,5.788425e-01
persistence,val,245,2024-07-11T11:00:00,2024-07-11T17:00:00,sd,351848,9.885351e-06,1.747723e-04,3.118434e-06
persistence,val,246,2024-07-11T12:00:00,2024-07-11T18:00:00,swvl1,351848,3.275593e-03,8.794294e-03,1.977755e-04
persistence,val,246,2024-07-11T12:00:00,2024-07-11T18:00:00,stl1,351848,3.285117e+00,4.851739e+00,8.243511e-01
persistence,val,246,2024-07-11T12:00:00,2024-07-11T18:00:00,sd,351848,9.742853e-06,1.639148e-04,2.851406e-06
persistence,val,247,2024-07-11T13:00:00,2024-07-11T19:00:00,swvl1,351848,3.315644e-03,8.905914e-03,1.824289e-04
persistence,val,247,2024-07-11T13:00:00,2024-07-11T19:00:00,stl1,351848,3.449164e+00,5.097794e+00,1.009132e+00
persistence,val,247,2024-07-11T13:00:00,2024-07-11T19:00:00,sd,351848,9.695094e-06,1.571528e-04,2.811031e-06
persistence,val,248,2024-07-11T14:00:00,2024-07-11T20:00:00,swvl1,351848,3.355390e-03,9.052372e-03,1.339574e-04
persistence,val,248,2024-07-11T14:00:00,2024-07-11T20:00:00,stl1,351848,3.417435e+00,5.145275e+00,1.180799e+00
persistence,val,248,2024-07-11T14:00:00,2024-07-11T20:00:00,sd,351848,9.600374e-06,1.536746e-04,2.587992e-06
persistence,val,249,2024-07-11T15:00:00,2024-07-11T21:00:00,swvl1,351848,3.355639e-03,9.134412e-03,7.495047e-05
persistence,val,249,2024-07-11T15:00:00,2024-07-11T21:00:00,stl1,351848,3.158207e+00,4.938457e+00,1.319317e+00
persistence,val,249,2024-07-11T15:00:00,2024-07-11T21:00:00,sd,351848,9.434184e-06,1.525364e-04,2.351655e-06
persistence,val,250,2024-07-11T16:00:00,2024-07-11T22:00:00,swvl1,351848,3.864602e-03,9.299263e-03,-2.592041e-04
persistence,val,250,2024-07-11T16:00:00,2024-07-11T22:00:00,stl1,351848,3.002459e+00,4.810281e+00,1.383929e+00
persistence,val,250,2024-07-11T16:00:00,2024-07-11T22:00:00,sd,351848,9.379709e-06,1.614131e-04,1.440486e-06
persistence,val,251,2024-07-11T17:00:00,2024-07-11T23:00:00,swvl1,351848,3.815508e-03,9.214095e-03,-2.443873e-04
persistence,val,251,2024-07-11T17:00:00,2024-07-11T23:00:00,stl1,351848,2.552123e+00,4.118509e+00,1.199548e+00
persistence,val,251,2024-07-11T17:00:00,2024-07-11T23:00:00,sd,351848,8.854775e-06,1.667674e-04,5.915254e-07
persistence,val,252,2024-07-11T18:00:00,2024-07-12T00:00:00,swvl1,351848,3.779754e-03,9.219218e-03,-2.610595e-04
persistence,val,252,2024-07-11T18:00:00,2024-07-12T00:00:00,stl1,351848,2.382577e+00,3.791080e+00,1.215429e+00
persistence,val,252,2024-07-11T18:00:00,2024-07-12T00:00:00,sd,351848,1.291498e-05,2.133836e-04,1.234650e-06
persistence,val,253,2024-07-11T19:00:00,2024-07-12T01:00:00,swvl1,351848,3.818405e-03,9.359509e-03,-2.379876e-04
persistence,val,253,2024-07-11T19:00:00,2024-07-12T01:00:00,stl1,351848,2.337233e+00,3.669837e+00,1.178069e+00
persistence,val,253,2024-07-11T19:00:00,2024-07-12T01:00:00,sd,351848,1.298980e-05,2.269467e-04,2.612760e-07
persistence,val,254,2024-07-11T20:00:00,2024-07-12T02:00:00,swvl1,351848,3.891957e-03,9.560028e-03,-1.522813e-04
persistence,val,254,2024-07-11T20:00:00,2024-07-12T02:00:00,stl1,351848,2.379854e+00,3.655048e+00,5.956722e-01
persistence,val,254,2024-07-11T20:00:00,2024-07-12T02:00:00,sd,351848,1.325529e-05,2.389598e-04,-2.267446e-07
persistence,val,255,2024-07-11T21:00:00,2024-07-12T03:00:00,swvl1,351848,4.002577e-03,9.765251e-03,-4.130991e-05
persistence,val,255,2024-07-11T21:00:00,2024-07-12T03:00:00,stl1,351848,2.548631e+00,3.869251e+00,3.802905e-01
persistence,val,255,2024-07-11T21:00:00,2024-07-12T03:00:00,sd,351848,1.350474e-05,2.465521e-04,-1.897683e-07
persistence,val,256,2024-07-11T22:00:00,2024-07-12T04:00:00,swvl1,351848,3.203694e-03,8.468764e-03,3.923594e-04
persistence,val,256,2024-07-11T22:00:00,2024-07-12T04:00:00,stl1,351848,2.425332e+00,3.769231e+00,2.287250e-01
persistence,val,256,2024-07-11T22:00:00,2024-07-12T04:00:00,sd,351848,1.223191e-05,2.112725e-04,6.187954e-07
persistence,val,257,2024-07-11T23:00:00,2024-07-12T05:00:00,swvl1,351848,3.320231e-03,8.667781e-03,4.576216e-04
persistence,val,257,2024-07-11T23:00:00,2024-07-12T05:00:00,stl1,351848,2.724857e+00,4.218108e+00,-2.943128e-01
persistence,val,257,2024-07-11T23:00:00,2024-07-12T05:00:00,sd,351848,1.200443e-05,2.033359e-04,1.475725e-06
persistence,val,258,2024-07-12T00:00:00,2024-07-12T06:00:00,swvl1,351848,3.463685e-03,8.999622e-03,4.822471e-04
persistence,val,258,2024-07-12T00:00:00,2024-07-12T06:00:00,stl1,351848,2.831151e+00,4.443754e+00,-5.999416e-01
persistence,val,258,2024-07-12T00:00:00,2024-07-12T06:00:00,sd,351848,6.515558e-06,1.490862e-04,7.959357e-07
persistence,val,259,2024-07-12T01:00:00,2024-07-12T07:00:00,swvl1,351848,3.605931e-03,9.350364e-03,4.600855e-04
persistence,val,259,2024-07-12T01:00:00,2024-07-12T07:00:00,stl1,351848,2.901467e+00,4.603932e+00,-9.317521e-01
persistence,val,259,2024-07-12T01:00:00,2024-07-12T07:00:00,sd,351848,6.528954e-06,1.456805e-04,1.877767e-06
persistence,val,260,2024-07-12T02:00:00,2024-07-12T08:00:00,swvl1,351848,3.723003e-03,9.664259e-03,3.749190e-04
persistence,val,260,2024-07-12T02:00:00,2024-07-12T08:00:00,stl1,351848,2.812297e+00,4.538894e+00,-1.040618e+00
persistence,val,260,2024-07-12T02:00:00,2024-07-12T08:00:00,sd,351848,6.731079e-06,1.468589e-04,2.689163e-06
persistence,val,261,2024-07-12T03:00:00,2024-07-12T09:00:00,swvl1,351848,3.802853e-03,9.879382e-03,2.591849e-04
persistence,val,261,2024-07-12T03:00:00,2024-07-12T09:00:00,stl1,351848,2.954765e+00,4.844785e+00,-1.275257e+00
persistence,val,261,2024-07-12T03:00:00,2024-07-12T09:00:00,sd,351848,6.956289e-06,1.484315e-04,3.210536e-06
persistence,val,262,2024-07-12T04:00:00,2024-07-12T10:00:00,swvl1,351848,4.143352e-03,9.871516e-03,-7.926964e-05
persistence,val,262,2024-07-12T04:00:00,2024-07-12T10:00:00,stl1,351848,3.239414e+00,5.338040e+00,-1.396385e+00
persistence,val,262,2024-07-12T04:00:00,2024-07-12T10:00:00,sd,351848,9.384233e-06,1.656267e-04,7.097977e-06
persistence,val,263,2024-07-12T05:00:00,2024-07-12T11:00:00,swvl1,351848,4.156351e-03,1.003157e-02,-2.041679e-04
persistence,val,263,2024-07-12T05:00:00,2024-07-12T11:00:00,stl1,351848,3.065654e+00,5.256436e+00,-1.196791e+00
persistence,val,263,2024-07-12T05:00:00,2024-07-12T11:00:00,sd,351848,1.057974e-05,1.931475e-04,8.256752e-06
persistence,val,264,2024-07-12T06:00:00,2024-07-12T12:00:00,swvl1,351848,4.152973e-03,1.027631e-02,-3.014994e-04
persistence,val,264,2024-07-12T06:00:00,2024-07-12T12:00:00,stl1,351848,3.092695e+00,5.416210e+00,-1.155237e+00
persistence,val,264,2024-07-12T06:00:00,2024-07-12T12:00:00,sd,351848,1.111129e-05,2.125150e-04,8.701647e-06
persistence,val,265,2024-07-12T07:00:00,2024-07-12T13:00:00,swvl1,351848,4.250614e-03,1.079491e-02,-3.706618e-04
persistence,val,265,2024-07-12T07:00:00,2024-07-12T13:00:00,stl1,351848,2.979854e+00,5.257180e+00,-1.012807e+00
persistence,val,265,2024-07-12T07:00:00,2024-07-12T13:00:00,sd,351848,1.130116e-05,2.246850e-04,8.767972e-06
persistence,val,266,2024-07-12T08:00:00,2024-07-12T14:00:00,swvl1,351848,4.352175e-03,1.122228e-02,-3.971503e-04
persistence,val,266,2024-07-12T08:00:00,2024-07-12T14:00:00,stl1,351848,2.836750e+00,4.754046e+00,-4.854116e-01
persistence,val,266,2024-07-12T08:00:00,2024-07-12T14:00:00,sd,351848,1.141304e-05,2.340928e-04,8.787598e-06
persistence,val,267,2024-07-12T09:00:00,2024-07-12T15:00:00,swvl1,351848,4.451050e-03,1.161230e-02,-4.298673e-04
persistence,val,267,2024-07-12T09:00:00,2024-07-12T15:00:00,stl1,351848,2.782093e+00,4.520146e+00,-1.976043e-01
persistence,val,267,2024-07-12T09:00:00,2024-07-12T15:00:00,sd,351848,1.134004e-05,2.361299e-04,8.605934e-06
persistence,val,268,2024-07-12T10:00:00,2024-07-12T16:00:00,swvl1,351848,3.526556e-03,1.020773e-02,-2.535368e-04
persistence,val,268,2024-07-12T10:00:00,2024-07-12T16:00:00,stl1,351848,2.607230e+00,4.062892e+00,7.486151e-03
persistence,val,268,2024-07-12T10:00:00,2024-07-12T16:00:00,sd,351848,7.837930e-06,1.519855e-04,5.005682e-06
persistence,val,269,2024-07-12T11:00:00,2024-07-12T17:00:00,swvl1,351848,3.516464e-03,1.013687e-02,-2.309100e-04
persistence,val,269,2024-07-12T11:00:00,2024-07-12T17:00:00,stl1,351848,3.006695e+00,4.466427e+00,5.058445e-01
persistence,val,269,2024-07-12T11:00:00,2024-07-12T17:00:00,sd,351848,7.286365e-06,1.265101e-04,4.122295e-06
persistence,val,270,2024-07-12T12:00:00,2024-07-12T18:00:00,swvl1,351848,3.517199e-03,1.000175e-02,-1.698792e-04
persistence,val,270,2024-07-12T12:00:00,2024-07-12T18:00:00,stl1,351848,3.212894e+00,4.762223e+00,7.377961e-01
persistence,val,270,2024-07-12T12:00:00,2024-07-12T18:00:00,sd,351848,7.442041e-06,1.208370e-04,3.819695e-06
persistence,val,271,2024-07-12T13:00:00,2024-07-12T19:00:00,swvl1,351848,3.526722e-03,9.951210e-03,-1.208863e-04
persistence,val,271,2024-07-12T13:00:00,2024-07-12T19:00:00,stl1,351848,3.382197e+00,5.014425e+00,9.443010e-01
persistence,val,271,2024-07-12T13:00:00,2024-07-12T19:00:00,sd,351848,7.852198e-06,1.255506e-04,3.778038e-06
persistence,val,272,2024-07-12T14:00:00,2024-07-12T20:00:00,swvl1,351848,3.531823e-03,9.981631e-03,-9.060384e-05
persistence,val,272,2024-07-12T14:00:00,2024-07-12T20:00:00,stl1,351848,3.371593e+00,5.085649e+00,1.076560e+00
persistence,val,272,2024-07-12T14:00:00,2024-07-12T20:00:00,sd,351848,8.101412e-06,1.313238e-04,3.523208e-06
persistence,val,273,2024-07-12T15:00:00,2024-07-12T21:00:00,swvl1,351848,3.502794e-03,9.954324e-03,-6.266336e-05
persistence,val,273,2024-07-12T15:00:00,2024-07-12T21:00:00,stl1,351848,3.122494e+00,4.886947e+00,1.246511e+00
persistence,val,273,2024-07-12T15:00:00,2024-07-12T21:00:00,sd,351848,8.113474e-06,1.383753e-04,3.208630e-06
persistence,val,274,2024-07-12T16:00:00,2024-07-12T22:00:00,swvl1,351848,3.929170e-03,9.819106e-03,-4.190297e-04
persistence,val,274,2024-07-12T16:00:00,2024-07-12T22:00:00,stl1,351848,2.997247e+00,4.767820e+00,1.342985e+00
persistence,val,274,2024-07-12T16:00:00,2024-07-12T22:00:00,sd,351848,7.557765e-06,1.142561e-04,2.656819e-06
persistence,val,275,2024-07-12T17:00:00,2024-07-12T23:00:00,swvl1,351848,3.882513e-03,9.716978e-03,-4.043669e-04
persistence,val,275,2024-07-12T17:00:00,2024-07-12T23:00:00,stl1,351848,2.555783e+00,4.131191e+00,1.152299e+00
persistence,val,275,2024-07-12T17:00:00,2024-07-12T23:00:00,sd,351848,7.098337e-06,1.122935e-04,1.640188e-06
persistence,val,276,2024-07-12T18:00:00,2024-07-13T00:00:00,swvl1,351848,3.841185e-03,9.627342e-03,-3.875705e-04
persistence,val,276,2024-07-12T18:00:00,2024-07-13T00:00:00,stl1,351848,2.370502e+00,3.776630e+00,1.183953e+00
persistence,val,276,2024-07-12T18:00:00,2024-07-13T00:00:00,sd,351848,8.621465e-06,1.256068e-04,-2.491786e-06
persistence,val,277,2024-07-12T19:00:00,2024-07-13T01:00:00,swvl1,351848,3.887360e-03,9.749645e-03,-3.412664e-04
persistence,val,277,2024-07-12T19:00:00,2024-07-13T01:00:00,stl1,351848,2.319300e+00,3.614696e+00,1.181809e+00
persistence,val,277,2024-07-12T19:00:00,2024-07-13T01:00:00,sd,351848,8.594629e-06,1.373098e-04,-3.569592e-06
persistence,val,278,2024-07-12T20:00:00,2024-07-13T02:00:00,swvl1,351848,3.967958e-03,9.990314e-03,-2.536505e-04
persistence,val,278,2024-07-12T20:00:00,2024-07-13T02:00:00,stl1,351848,2.369902e+00,3.578794e+00,6.636774e-01
persistence,val,278,2024-07-12T20:00:00,2024-07-13T02:00:00,sd,351848,8.816728e-06,1.452460e-04,-4.085295e-06
persistence,val,279,2024-07-12T21:00:00,2024-07-13T03:00:00,swvl1,351848,4.076704e-03,1.028903e-02,-1.191036e-04
persistence,val,279,2024-07-12T21:00:00,2024-07-13T03:00:00,stl1,351848,2.506626e+00,3.763261e+00,4.415179e-01
persistence,val,279,2024-07-12T21:00:00,2024-07-13T03:00:00,sd,351848,9.136908e-06,1.498878e-04,-3.969528e-06
persistence,val,280,2024-07-12T22:00:00,2024-07-13T04:00:00,swvl1,351848,3.172423e-03,8.695063e-03,4.117747e-04
persistence,val,280,2024-07-12T22:00:00,2024-07-13T04:00:00,stl1,351848,2.315483e+00,3.601797e+00,2.512248e-01
persistence,val,280,2024-07-12T22:00:00,2024-07-13T04:00:00,sd,351848,8.742973e-06,1.616813e-04,-3.596502e-06
persistence,val,281,2024-07-12T23:00:00,2024-07-13T05:00:00,swvl1,351848,3.236380e-03,8.719466e-03,5.192234e-04
persistence,val,281,2024-07-12T23:00:00,2024-07-13T05:00:00,stl1,351848,2.612633e+00,4.035647e+00,-2.686834e-01
persistence,val,281,2024-07-12T23:00:00,2024-07-13T05:00:00,sd,351848,8.972957e-06,1.552638e-04,-2.639336e-06
persistence,val,282,2024-07-13T00:00:00,2024-07-13T06:00:00,swvl1,351848,3.343042e-03,8.912804e-03,5.769504e-04
persistence,val,282,2024-07-13T00:00:00,2024-07-13T06:00:00,stl1,351848,2.741822e+00,4.311276e+00,-5.811520e-01
persistence,val,282,2024-07-13T00:00:00,2024-07-13T06:00:00,sd,351848,6.372735e-06,1.391081e-04,1.573096e-06
persistence,val,283,2024-07-13T01:00:00,2024-07-13T07:00:00,swvl1,351848,3.438315e-03,9.069406e-03,5.980635e-04
persistence,val,283,2024-07-13T01:00:00,2024-07-13T07:00:00,stl1,351848,2.853595e+00,4.533574e+00,-9.088203e-01
persistence,val,283,2024-07-13T01:00:00,2024-07-13T07:00:00,sd,351848,6.746366e-06,1.315694e-04,2.923402e-06
persistence,val,284,2024-07-13T02:00:00,2024-07-13T08:00:00,swvl1,351848,3.526392e-03,9.278552e-03,5.835700e-04
persistence,val,284,2024-07-13T02:00:00,2024-07-13T08:00:00,stl1,351848,2.806265e+00,4.497548e+00,-1.049564e+00
persistence,val,284,2024-07-13T02:00:00,2024-07-13T08:00:00,sd,351848,7.148372e-06,1.330753e-04,3.978480e-06
persistence,val,285,2024-07-13T03:00:00,2024-07-13T09:00:00,swvl1,351848,3.580896e-03,9.457012e-03,5.132039e-04
persistence,val,285,2024-07-13T03:00:00,2024-07-13T09:00:00,stl1,351848,2.923005e+00,4.785688e+00,-1.292784e+00
persistence,val,285,2024-07-13T03:00:00,2024-07-13T09:00:00,sd,351848,7.263852e-06,1.356231e-04,4.602108e-06
persistence,val,286,2024-07-13T04:00:00,2024-07-13T10:00:00,swvl1,351848,3.951790e-03,9.394038e-03,2.787641e-04
persistence,val,286,2024-07-13T04:00:00,2024-07-13T10:00:00,stl1,351848,3.231292e+00,5.268225e+00,-1.416906e+00
persistence,val,286,2024-07-13T04:00:00,2024-07-13T10:00:00,sd,351848,7.822386e-06,1.440724e-04,5.766319e-06
persistence,val,287,2024-07-13T05:00:00,2024-07-13T11:00:00,swvl1,351848,3.931697e-03,9.383850e-03,1.858985e-04
persistence,val,287,2024-07-13T05:00:00,2024-07-13T11:00:00,stl1,351848,3.044322e+00,5.168462e+00,-1.218013e+00
persistence,val,287,2024-07-13T05:00:00,2024-07-13T11:00:00,sd,351848,7.870068e-06,1.405106e-04,5.479968e-06
persistence,val,288,2024-07-13T06:00:00,2024-07-13T12:00:00,swvl1,351848,3.920143e-03,9.460729e-03,9.400045e-05
persistence,val,288,2024-07-13T06:00:00,2024-07-13T12:00:00,stl1,351848,3.038688e+00,5.322948e+00,-1.177092e+00
persistence,val,288,2024-07-13T06:00:00,2024-07-13T12:00:00,sd,351848,7.761067e-06,1.358789e-04,5.002911e-06
persistence,val,289,2024-07-13T07:00:00,2024-07-13T13:00:00,swvl1,351848,4.019791e-03,9.932280e-03,1.225133e-05
persistence,val,289,2024-07-13T07:00:00,2024-07-13T13:00:00,stl1,351848,2.928500e+00,5.154324e+00,-1.059997e+00
persistence,val,289,2024-07-13T07:00:00,2024-07-13T13:00:00,sd,351848,7.509212e-06,1.314871e-04,4.351468e-06
persistence,val,290,2024-07-13T08:00:00,2024-07-13T14:00:00,swvl1,351848,4.132139e-03,1.043851e-02,-7.334971e-05
persistence,val,290,2024-07-13T08:00:00,2024-07-13T14:00:00,stl1,351848,2.772631e+00,4.643851e+00,-5.937617e-01
persistence,val,290,2024-07-13T08:00:00,2024-07-13T14:00:00,sd,351848,7.415644e-06,1.313356e-04,3.750505e-06
persistence,val,291,2024-07-13T09:00:00,2024-07-13T15:00:00,swvl1,351848,4.233258e-03,1.081963e-02,-1.307198e-04
persistence,val,291,2024-07-13T09:00:00,2024-07-13T15:00:00,stl1,351848,2.736657e+00,4.393082e+00,-3.263760e-01
persistence,val,291,2024-07-13T09:00:00,2024-07-13T15:00:00,sd,351848,7.558131e-06,1.330088e-04,3.255196e-06
persistence,val,292,2024-07-13T10:00:00,2024-07-13T16:00:00,swvl1,351848,3.341251e-03,9.312568e-03,-1.402256e-05
persistence,val,292,2024-07-13T10:00:00,2024-07-13T16:00:00,stl1,351848,2.594363e+00,3.997092e+00,-1.127146e-01
persistence,val,292,2024-07-13T10:00:00,2024-07-13T16:00:00,sd,351848,6.578401e-06,1.064619e-04,2.046171e-06
persistence,val,293,2024-07-13T11:00:00,2024-07-13T17:00:00,swvl1,351848,3.331206e-03,9.285526e-03,-8.763301e-06
persistence,val,293,2024-07-13T11:00:00,2024-07-13T17:00:00,stl1,351848,2.998017e+00,4.434997e+00,3.720813e-01
persistence,val,293,2024-07-13T11:00:00,2024-07-13T17:00:00,sd,351848,7.028732e-06,1.128567e-04,2.179182e-06
persistence,val,294,2024-07-13T12:00:00,2024-07-13T18:00:00,swvl1,351848,3.343172e-03,9.213169e-03,3.198388e-05
persistence,val,294,2024-07-13T12:00:00,2024-07-13T18:00:00,stl1,351848,3.208770e+00,4.733574e+00,6.078308e-01
persistence,val,294,2024-07-13T12:00:00,2024-07-13T18:00:00,sd,351848,7.638366e-06,1.191230e-04,2.392962e-06
persistence,val,295,2024-07-13T13:00:00,2024-07-13T19:00:00,swvl1,351848,3.378050e-03,9.279915e-03,5.555195e-05
persistence,val,295,2024-07-13T13:00:00,2024-07-13T19:00:00,stl1,351848,3.354409e+00,4.975795e+00,8.250158e-01
persistence,val,295,2024-07-13T13:00:00,2024-07-13T19:00:00,sd,351848,8.215686e-06,1.263691e-04,2.685249e-06
persistence,val,296,2024-07-13T14:00:00,2024-07-13T20:00:00,swvl1,351848,3.394345e-03,9.349874e-03,8.581444e-05
persistence,val,296,2024-07-13T14:00:00,2024-07-13T20:00:00,stl1,351848,3.361264e+00,5.050714e+00,1.095136e+00
persistence,val,296,2024-07-13T14:00:00,2024-07-13T20:00:00,sd,351848,8.380523e-06,1.295473e-04,2.731405e-06
persistence,val,297,2024-07-13T15:00:00,2024-07-13T21:00:00,swvl1,351848,3.400125e-03,9.534072e-03,8.772313e-05
persistence,val,297,2024-07-13T15:00:00,2024-07-13T21:00:00,stl1,351848,3.107808e+00,4.806386e+00,1.293518e+00
persistence,val,297,2024-07-13T15:00:00,2024-07-13T21:00:00,sd,351848,8.122421e-06,1.254395e-04,2.389040e-06
persistence,val,298,2024-07-13T16:00:00,2024-07-13T22:00:00,swvl1,351848,3.788301e-03,9.233006e-03,-2.051169e-04
persistence,val,298,2024-07-13T16:00:00,2024-07-13T22:00:00,stl1,351848,2.893231e+00,4.621527e+00,1.370000e+00
persistence,val,298,2024-07-13T16:00:00,2024-07-13T22:00:00,sd,351848,7.858454e-06,1.092354e-04,1.507112e-06
persistence,val,299,2024-07-13T17:00:00,2024-07-13T23:00:00,swvl1,351848,3.752783e-03,9.307230e-03,-2.180676e-04
persistence,val,299,2024-07-13T17:00:00,2024-07-13T23:00:00,stl1,351848,2.460183e+00,3.973519e+00,1.224330e+00
persistence,val,299,2024-07-13T17:00:00,2024-07-13T23:00:00,sd,351848,7.409185e-06,1.020551e-04,5.240427e-07
persistence,val,300,2024-07-13T18:00:00,2024-07-14T00:00:00,swvl1,351848,3.736114e-03,9.490828e-03,-2.459147e-04
persistence,val,300,2024-07-13T18:00:00,2024-07-14T00:00:00,stl1,351848,2.305620e+00,3.652484e+00,1.250091e+00
persistence,val,300,2024-07-13T18:00:00,2024-07-14T00:00:00,sd,351848,7.336788e-06,1.020138e-04,3.798673e-07
persistence,val,301,2024-07-13T19:00:00,2024-07-14T01:00:00,swvl1,351848,3.812680e-03,9.889897e-03,-2.411019e-04
persistence,val,301,2024-07-13T19:00:00,2024-07-14T01:00:00,stl1,351848,2.281364e+00,3.546083e+00,1.238391e+00
persistence,val,301,2024-07-13T19:00:00,2024-07-14T01:00:00,sd,351848,7.274090e-06,1.061118e-04,-6.983370e-07
persistence,val,302,2024-07-13T20:00:00,2024-07-14T02:00:00,swvl1,351848,3.922165e-03,1.030909e-02,-2.046133e-04
persistence,val,302,2024-07-13T20:00:00,2024-07-14T02:00:00,stl1,351848,2.414691e+00,3.639170e+00,5.939309e-01
persistence,val,302,2024-07-13T20:00:00,2024-07-14T02:00:00,sd,351848,7.713273e-06,1.167226e-04,-1.424478e-06
persistence,val,303,2024-07-13T21:00:00,2024-07-14T03:00:00,swvl1,351848,4.049346e-03,1.062449e-02,-1.107117e-04
persistence,val,303,2024-07-13T21:00:00,2024-07-14T03:00:00,stl1,351848,2.555644e+00,3.855081e+00,3.967516e-01
persistence,val,303,2024-07-13T21:00:00,2024-07-14T03:00:00,sd,351848,7.957245e-06,1.165835e-04,-1.255136e-06
persistence,val,304,2024-07-13T22:00:00,2024-07-14T04:00:00,swvl1,351848,3.185361e-03,9.200954e-03,2.789357e-04
persistence,val,304,2024-07-13T22:00:00,2024-07-14T04:00:00,stl1,351848,2.412772e+00,3.727731e+00,2.445671e-01
persistence,val,304,2024-07-13T22:00:00,2024-07-14T04:00:00,sd,351848,6.722400e-06,9.629379e-05,2.636748e-08
persistence,val,305,2024-07-13T23:00:00,2024-07-14T05:00:00,swvl1,351848,3.272398e-03,9.245821e-03,3.754206e-04
persistence,val,305,2024-07-13T23:00:00,2024-07-14T05:00:00,stl1,351848,2.740905e+00,4.176542e+00,-3.256870e-01
persistence,val,305,2024-07-13T23:00:00,2024-07-14T05:00:00,sd,351848,6.763165e-06,9.373116e-05,1.253176e-06
persistence,val,306,2024-07-14T00:00:00,2024-07-14T06:00:00,swvl1,351848,3.378352e-03,9.284510e-03,4.781296e-04
persistence,val,306,2024-07-14T00:00:00,2024-07-14T06:00:00,stl1,351848,2.819547e+00,4.384652e+00,-6.506501e-01
persistence,val,306,2024-07-14T00:00:00,2024-07-14T06:00:00,sd,351848,5.127086e-06,8.376351e-05,1.558885e-06
persistence,val,307,2024-07-14T01:00:00,2024-07-14T07:00:00,swvl1,351848,3.482738e-03,9.352801e-03,5.687871e-04
persistence,val,307,2024-07-14T01:00:00,2024-07-14T07:00:00,stl1,351848,2.924848e+00,4.570049e+00,-9.756854e-01
persistence,val,307,2024-07-14T01:00:00,2024-07-14T07:00:00,sd,351848,5.677082e-06,9.712063e-05,2.715755e-06
persistence,val,308,2024-07-14T02:00:00,2024-07-14T08:00:00,swvl1,351848,3.571589e-03,9.479214e-03,5.994043e-04
persistence,val,308,2024-07-14T02:00:00,2024-07-14T08:00:00,stl1,351848,2.842910e+00,4.460939e+00,-1.075431e+00
persistence,val,308,2024-07-14T02:00:00,2024-07-14T08:00:00,sd,351848,6.360484e-06,1.137711e-04,3.754902e-06
persistence,val,309,2024-07-14T03:00:00,2024-07-14T09:00:00,swvl1,351848,3.625090e-03,9.608400e-03,5.846659e-04
persistence,val,309,2024-07-14T03:00:00,2024-07-14T09:00:00,stl1,351848,2.945563e+00,4.736198e+00,-1.334312e+00
persistence,val,309,2024-07-14T03:00:00,2024-07-14T09:00:00,sd,351848,6.738573e-06,1.213847e-04,4.303089e-06
persistence,val,310,2024-07-14T04:00:00,2024-07-14T10:00:00,swvl1,351848,4.116492e-03,1.032805e-02,3.423093e-04
persistence,val,310,2024-07-14T04:00:00,2024-07-14T10:00:00,stl1,351848,3.197320e+00,5.231548e+00,-1.509502e+00
persistence,val,310,2024-07-14T04:00:00,2024-07-14T10:00:00,sd,351848,7.587691e-06,1.405114e-04,5.326490e-06
persistence,val,311,2024-07-14T05:00:00,2024-07-14T11:00:00,swvl1,351848,4.139109e-03,1.052878e-02,2.377363e-04
persistence,val,311,2024-07-14T05:00:00,2024-07-14T11:00:00,stl1,351848,3.030713e+00,5.171962e+00,-1.288040e+00
persistence,val,311,2024-07-14T05:00:00,2024-07-14T11:00:00,sd,351848,7.310399e-06,1.376476e-04,4.927579e-06
persistence,val,312,2024-07-14T06:00:00,2024-07-14T12:00:00,swvl1,351848,4.150015e-03,1.081615e-02,9.962654e-05
persistence,val,312,2024-07-14T06:00:00,2024-07-14T12:00:00,stl1,351848,3.039910e+00,5.330924e+00,-1.238734e+00
persistence,val,312,2024-07-14T06:00:00,2024-07-14T12:00:00,sd,351848,6.974878e-06,1.371342e-04,4.467490e-06
persistence,val,313,2024-07-14T07:00:00,2024-07-14T13:00:00,swvl1,351848,4.207451e-03,1.127124e-02,-2.364214e-05
persistence,val,313,2024-07-14T07:00:00,2024-07-14T13:00:00,stl1,351848,2.906116e+00,5.157621e+00,-1.136431e+00
persistence,val,313,2024-07-14T07:00:00,2024-07-14T13:00:00,sd,351848,6.659314e-06,1.399135e-04,3.964838e-06
persistence,val,314,2024-07-14T08:00:00,2024-07-14T14:00:00,swvl1,351848,4.230758e-03,1.157566e-02,-1.182336e-04
persistence,val,314,2024-07-14T08:00:00,2024-07-14T14:00:00,stl1,351848,2.769074e+00,4.644343e+00,-6.454490e-01
persistence,val,314,2024-07-14T08:00:00,2024-07-14T14:00:00,sd,351848,6.437003e-06,1.447983e-04,3.483450e-06
persistence,val,315,2024-07-14T09:00:00,2024-07-14T15:00:00,swvl1,351848,4.293987e-03,1.188063e-02,-1.861686e-04
persistence,val,315,2024-07-14T09:00:00,2024-07-14T15:00:00,stl1,351848,2.730100e+00,4.379466e+00,-3.867767e-01
persistence,val,315,2024-07-14T09:00:00,2024-07-14T15:00:00,sd,351848,6.189559e-06,1.406192e-04,2.960362e-06
persistence,val,316,2024-07-14T10:00:00,2024-07-14T16:00:00,swvl1,351848,3.424237e-03,1.031958e-02,-4.558801e-05
persistence,val,316,2024-07-14T10:00:00,2024-07-14T16:00:00,stl1,351848,2.581369e+00,3.994185e+00,-1.536784e-01
persistence,val,316,2024-07-14T10:00:00,2024-07-14T16:00:00,sd,351848,4.711818e-06,9.790376e-05,1.525419e-06
persistence,val,317,2024-07-14T11:00:00,2024-07-14T17:00:00,swvl1,351848,3.429450e-03,1.033470e-02,-3.899374e-05
persistence,val,317,2024-07-14T11:00:00,2024-07-14T17:00:00,stl1,351848,2.965402e+00,4.407245e+00,3.529733e-01
persistence,val,317,2024-07-14T11:00:00,2024-07-14T17:00:00,sd,351848,4.871058e-06,9.466522e-05,1.670808e-06
persistence,val,318,2024-07-14T12:00:00,2024-07-14T18:00:00,swvl1,351848,3.460777e-03,1.034860e-02,1.683892e-06
persistence,val,318,2024-07-14T12:00:00,2024-07-14T18:00:00,stl1,351848,3.192052e+00,4.732019e+00,6.300843e-01
persistence,val,318,2024-07-14T12:00:00,2024-07-14T18:00:00,sd,351848,5.174601e-06,9.205962e-05,2.061867e-06
persistence,val,319,2024-07-14T13:00:00,2024-07-14T19:00:00,swvl1,351848,3.504646e-03,1.046511e-02,1.800978e-05
persistence,val,319,2024-07-14T13:00:00,2024-07-14T19:00:00,stl1,351848,3.373659e+00,4.985302e+00,8.930076e-01
persistence,val,319,2024-07-14T13:00:00,2024-07-14T19:00:00,sd,351848,5.445982e-06,8.851041e-05,2.505124e-06
persistence,val,320,2024-07-14T14:00:00,2024-07-14T20:00:00,swvl1,351848,3.524438e-03,1.067581e-02,2.018216e-05
persistence,val,320,2024-07-14T14:00:00,2024-07-14T20:00:00,stl1,351848,3.340842e+00,5.014168e+00,1.148714e+00
persistence,val,320,2024-07-14T14:00:00,2024-07-14T20:00:00,sd,351848,5.509146e-06,8.626652e-05,2.640740e-06
persistence,val,321,2024-07-14T15:00:00,2024-07-14T21:00:00,swvl1,351848,3.489081e-03,1.075324e-02,9.822867e-06
persistence,val,321,2024-07-14T15:00:00,2024-07-14T21:00:00,stl1,351848,3.086150e+00,4.768182e+00,1.362197e+00
persistence,val,321,2024-07-14T15:00:00,2024-07-14T21:00:00,sd,351848,5.327173e-06,8.256512e-05,2.598942e-06
persistence,val,322,2024-07-14T16:00:00,2024-07-14T22:00:00,swvl1,351848,3.736720e-03,1.022672e-02,-3.364031e-04
persistence,val,322,2024-07-14T16:00:00,2024-07-14T22:00:00,stl1,351848,2.853396e+00,4.549348e+00,1.471643e+00
persistence,val,322,2024-07-14T16:00:00,2024-07-14T22:00:00,sd,351848,4.775752e-06,7.166656e-05,2.038153e-06
persistence,val,323,2024-07-14T17:00:00,2024-07-14T23:00:00,swvl1,351848,3.645728e-03,1.008266e-02,-3.612351e-04
persistence,val,323,2024-07-14T17:00:00,2024-07-14T23:00:00,stl1,351848,2.432162e+00,3.935784e+00,1.318170e+00
persistence,val,323,2024-07-14T17:00:00,2024-07-14T23:00:00,sd,351848,4.192551e-06,6.477366e-05,1.487694e-06
persistence,val,324,2024-07-14T18:00:00,2024-07-15T00:00:00,swvl1,351848,3.570013e-03,1.002177e-02,-3.847705e-04
persistence,val,324,2024-07-14T18:00:00,2024-07-15T00:00:00,stl1,351848,2.286662e+00,3.648106e+00,1.332303e+00
persistence,val,324,2024-07-14T18:00:00,2024-07-15T00:00:00,sd,351848,5.226073e-06,7.665893e-05,9.100466e-07
persistence,val,325,2024-07-14T19:00:00,2024-07-15T01:00:00,swvl1,351848,3.591352e-03,1.009516e-02,-3.638742e-04
persistence,val,325,2024-07-14T19:00:00,2024-07-15T01:00:00,stl1,351848,2.268301e+00,3.532990e+00,1.293463e+00
persistence,val,325,2024-07-14T19:00:00,2024-07-15T01:00:00,sd,351848,5.469438e-06,8.645895e-05,-1.985015e-07
persistence,val,326,2024-07-14T20:00:00,2024-07-15T02:00:00,swvl1,351848,3.665645e-03,1.035187e-02,-2.852304e-04
persistence,val,326,2024-07-14T20:00:00,2024-07-15T02:00:00,stl1,351848,2.404012e+00,3.655124e+00,6.341467e-01
persistence,val,326,2024-07-14T20:00:00,2024-07-15T02:00:00,sd,351848,5.866449e-06,9.505678e-05,-7.283094e-07
persistence,val,327,2024-07-14T21:00:00,2024-07-15T03:00:00,swvl1,351848,3.775082e-03,1.058858e-02,-1.586745e-04
persistence,val,327,2024-07-14T21:00:00,2024-07-15T03:00:00,stl1,351848,2.547931e+00,3.862653e+00,4.157021e-01
persistence,val,327,2024-07-14T21:00:00,2024-07-15T03:00:00,sd,351848,6.229530e-06,1.009897e-04,-7.864571e-07
persistence,val,328,2024-07-14T22:00:00,2024-07-15T04:00:00,swvl1,351848,2.989915e-03,9.158586e-03,3.195906e-04
persistence,val,328,2024-07-14T22:00:00,2024-07-15T04:00:00,stl1,351848,2.408842e+00,3.755724e+00,2.429169e-01
persistence,val,328,2024-07-14T22:00:00,2024-07-15T04:00:00,sd,351848,6.279311e-06,1.012734e-04,-3.488514e-07
persistence,val,329,2024-07-14T23:00:00,2024-07-15T05:00:00,swvl1,351848,3.083618e-03,9.164854e-03,4.898421e-04
persistence,val,329,2024-07-14T23:00:00,2024-07-15T05:00:00,stl1,351848,2.772661e+00,4.192750e+00,-4.102321e-01
persistence,val,329,2024-07-14T23:00:00,2024-07-15T05:00:00,sd,351848,6.750800e-06,1.067211e-04,-5.244222e-08
persistence,val,330,2024-07-15T00:00:00,2024-07-15T06:00:00,swvl1,351848,3.205082e-03,9.190504e-03,6.561218e-04
persistence,val,330,2024-07-15T00:00:00,2024-07-15T06:00:00,stl1,351848,2.812852e+00,4.386200e+00,-6.944724e-01
persistence,val,330,2024-07-15T00:00:00,2024-07-15T06:00:00,sd,351848,5.220487e-06,9.617269e-05,3.242132e-07
persistence,val,331,2024-07-15T01:00:00,2024-07-15T07:00:00,swvl1,351848,3.351061e-03,9.280563e-03,7.705266e-04
persistence,val,331,2024-07-15T01:00:00,2024-07-15T07:00:00,stl1,351848,2.916127e+00,4.571910e+00,-1.033714e+00
persistence,val,331,2024-07-15T01:00:00,2024-07-15T07:00:00,sd,351848,5.262439e-06,8.878846e-05,1.278522e-06
persistence,val,332,2024-07-15T02:00:00,2024-07-15T08:00:00,swvl1,351848,3.503279e-03,9.445929e-03,8.040405e-04
persistence,val,332,2024-07-15T02:00:00,2024-07-15T08:00:00,stl1,351848,2.821973e+00,4.507847e+00,-1.173699e+00
persistence,val,332,2024-07-15T02:00:00,2024-07-15T08:00:00,sd,351848,5.419904e-06,9.212287e-05,1.894284e-06
persistence,val,333,2024-07-15T03:00:00,2024-07-15T09:00:00,swvl1,351848,3.628418e-03,9.645824e-03,7.504951e-04
persistence,val,333,2024-07-15T03:00:00,2024-07-15T09:00:00,stl1,351848,2.953887e+00,4.835877e+00,-1.452338e+00
persistence,val,333,2024-07-15T03:00:00,2024-07-15T09:00:00,sd,351848,5.530949e-06,9.730293e-05,2.121826e-06
persistence,val,334,2024-07-15T04:00:00,2024-07-15T10:00:00,swvl1,351848,4.170875e-03,1.013944e-02,5.167490e-04
persistence,val,334,2024-07-15T04:00:00,2024-07-15T10:00:00,stl1,351848,3.221374e+00,5.326863e+00,-1.636253e+00
persistence,val,334,2024-07-15T04:00:00,2024-07-15T10:00:00,sd,351848,7.769174e-06,1.419027e-04,3.605910e-06
persistence,val,335,2024-07-15T05:00:00,2024-07-15T11:00:00,swvl1,351848,4.223247e-03,1.033714e-02,3.433342e-04
persistence,val,335,2024-07-15T05:00:00,2024-07-15T11:00:00,stl1,351848,3.084446e+00,5.255006e+00,-1.321388e+00
persistence,val,335,2024-07-15T05:00:00,2024-07-15T11:00:00,sd,351848,8.663405e-06,1.591718e-04,3.179235e-06
persistence,val,336,2024-07-15T06:00:00,2024-07-15T12:00:00,swvl1,351848,4.228655e-03,1.050268e-02,1.625993e-04
persistence,val,336,2024-07-15T06:00:00,2024-07-15T12:00:00,stl1,351848,3.050825e+00,5.384980e+00,-1.327422e+00
persistence,val,336,2024-07-15T06:00:00,2024-07-15T12:00:00,sd,351848,9.087539e-06,1.726406e-04,2.546979e-06
persistence,val,337,2024-07-15T07:00:00,2024-07-15T13:00:00,swvl1,351848,4.265023e-03,1.075644e-02,8.395354e-06
persistence,val,337,2024-07-15T07:00:00,2024-07-15T13:00:00,stl1,351848,2.915058e+00,5.187517e+00,-1.209212e+00
persistence,val,337,2024-07-15T07:00:00,2024-07-15T13:00:00,sd,351848,9.344863e-06,1.833247e-04,1.875002e-06
persistence,val,338,2024-07-15T08:00:00,2024-07-15T14:00:00,swvl1,351848,4.320160e-03,1.101841e-02,-1.107317e-04
persistence,val,338,2024-07-15T08:00:00,2024-07-15T14:00:00,stl1,351848,2.770302e+00,4.618393e+00,-6.771511e-01
persistence,val,338,2024-07-15T08:00:00,2024-07-15T14:00:00,sd,351848,9.637716e-06,1.926901e-04,1.261234e-06
persistence,val,339,2024-07-15T09:00:00,2024-07-15T15:00:00,swvl1,351848,4.359759e-03,1.114743e-02,-1.891698e-04
persistence,val,339,2024-07-15T09:00:00,2024-07-15T15:00:00,stl1,351848,2.730862e+00,4.381005e+00,-3.774719e-01
persistence,val,339,2024-07-15T09:00:00,2024-07-15T15:00:00,sd,351848,1.000173e-05,2.007235e-04,7.968626e-07
persistence,val,340,2024-07-15T10:00:00,2024-07-15T16:00:00,swvl1,351848,3.479235e-03,9.858774e-03,-1.222798e-04
persistence,val,340,2024-07-15T10:00:00,2024-07-15T16:00:00,stl1,351848,2.549883e+00,3.992849e+00,-1.125101e-01
persistence,val,340,2024-07-15T10:00:00,2024-07-15T16:00:00,sd,351848,7.414736e-06,1.381849e-04,-8.821721e-07
persistence,val,341,2024-07-15T11:00:00,2024-07-15T17:00:00,swvl1,351848,3.456534e-03,9.863231e-03,-1.146476e-04
persistence,val,341,2024-07-15T11:00:00,2024-07-15T17:00:00,stl1,351848,2.962336e+00,4.451806e+00,3.901239e-01
persistence,val,341,2024-07-15T11:00:00,2024-07-15T17:00:00,sd,351848,7.209420e-06,1.358459e-04,-4.663774e-07
persistence,val,342,2024-07-15T12:00:00,2024-07-15T18:00:00,swvl1,351848,3.462909e-03,9.873900e-03,-8.599887e-05
persistence,val,342,2024-07-15T12:00:00,2024-07-15T18:00:00,stl1,351848,3.219817e+00,4.777034e+00,6.363175e-01
persistence,val,342,2024-07-15T12:00:00,2024-07-15T18:00:00,sd,351848,7.519981e-06,1.369395e-04,6.205627e-08
persistence,val,343,2024-07-15T13:00:00,2024-07-15T19:00:00,swvl1,351848,3.474729e-03,9.902517e-03,-7.238624e-05
persistence,val,343,2024-07-15T13:00:00,2024-07-15T19:00:00,stl1,351848,3.388562e+00,5.001567e+00,8.663397e-01
persistence,val,343,2024-07-15T13:00:00,2024-07-15T19:00:00,sd,351848,8.073056e-06,1.396822e-04,5.116884e-07
persistence,val,344,2024-07-15T14:00:00,2024-07-15T20:00:00,swvl1,351848,3.493727e-03,1.000053e-02,-8.145775e-05
persistence,val,344,2024-07-15T14:00:00,2024-07-15T20:00:00,stl1,351848,3.384808e+00,5.057223e+00,1.137353e+00
persistence,val,344,2024-07-15T14:00:00,2024-07-15T20:00:00,sd,351848,8.485153e-06,1.405440e-04,7.887014e-07
persistence,val,345,2024-07-15T15:00:00,2024-07-15T21:00:00,swvl1,351848,3.479161e-03,1.009272e-02,-9.583551e-05
persistence,val,345,2024-07-15T15:00:00,2024-07-15T21:00:00,stl1,351848,3.106046e+00,4.827911e+00,1.328076e+00
persistence,val,345,2024-07-15T15:00:00,2024-07-15T21:00:00,sd,351848,8.479686e-06,1.389620e-04,8.302611e-07
persistence,val,346,2024-07-15T16:00:00,2024-07-15T22:00:00,swvl1,351848,3.889949e-03,1.030626e-02,-4.246797e-04
persistence,val,346,2024-07-15T16:00:00,2024-07-15T22:00:00,stl1,351848,2.945394e+00,4.686501e+00,1.422788e+00
persistence,val,346,2024-07-15T16:00:00,2024-07-15T22:00:00,sd,351848,8.545209e-06,1.383402e-04,7.149467e-07
persistence,val,347,2024-07-15T17:00:00,2024-07-15T23:00:00,swvl1,351848,3.842341e-03,1.022046e-02,-4.376206e-04
persistence,val,347,2024-07-15T17:00:00,2024-07-15T23:00:00,stl1,351848,2.464622e+00,4.031705e+00,1.231776e+00
persistence,val,347,2024-07-15T17:00:00,2024-07-15T23:00:00,sd,351848,8.162314e-06,1.342415e-04,1.528191e-07
persistence,val,348,2024-07-15T18:00:00,2024-07-16T00:00:00,swvl1,351848,3.776929e-03,1.009721e-02,-4.229200e-04
persistence,val,348,2024-07-15T18:00:00,2024-07-16T00:00:00,stl1,351848,2.328934e+00,3.751719e+00,1.256545e+00
persistence,val,348,2024-07-15T18:00:00,2024-07-16T00:00:00,sd,351848,8.640759e-06,1.341808e-04,8.239294e-08
persistence,val,349,2024-07-15T19:00:00,2024-07-16T01:00:00,swvl1,351848,3.815224e-03,1.011372e-02,-3.665769e-04
persistence,val,349,2024-07-15T19:00:00,2024-07-16T01:00:00,stl1,351848,2.319991e+00,3.621501e+00,1.269807e+00
persistence,val,349,2024-07-15T19:00:00,2024-07-16T01:00:00,sd,351848,8.196238e-06,1.292787e-04,-2.794524e-07
persistence,val,350,2024-07-15T20:00:00,2024-07-16T02:00:00,swvl1,351848,3.907632e-03,1.026591e-02,-2.539345e-04
persistence,val,350,2024-07-15T20:00:00,2024-07-16T02:00:00,stl1,351848,2.364900e+00,3.606067e+00,6.368616e-01
persistence,val,350,2024-07-15T20:00:00,2024-07-16T02:00:00,sd,351848,7.977728e-06,1.255515e-04,-3.786205e-07
persistence,val,351,2024-07-15T21:00:00,2024-07-16T03:00:00,swvl1,351848,4.019714e-03,1.041145e-02,-9.248397e-05
persistence,val,351,2024-07-15T21:00:00,2024-07-16T03:00:00,stl1,351848,2.514058e+00,3.769833e+00,4.354177e-01
persistence,val,351,2024-07-15T21:00:00,2024-07-16T03:00:00,sd,351848,7.913523e-06,1.235390e-04,-1.457421e-07
persistence,val,352,2024-07-15T22:00:00,2024-07-16T04:00:00,swvl1,351848,3.020216e-03,8.182018e-03,4.115252e-04
persistence,val,352,2024-07-15T22:00:00,2024-07-16T04:00:00,stl1,351848,2.384672e+00,3.676148e+00,2.554802e-01
persistence,val,352,2024-07-15T22:00:00,2024-07-16T04:00:00,sd,351848,7.194066e-06,1.130077e-04,1.614737e-07
persistence,val,353,2024-07-15T23:00:00,2024-07-16T05:00:00,swvl1,351848,3.137472e-03,8.351489e-03,5.749112e-04
persistence,val,353,2024-07-15T23:00:00,2024-07-16T05:00:00,stl1,351848,2.758545e+00,4.149192e+00,-3.793992e-01
persistence,val,353,2024-07-15T23:00:00,2024-07-16T05:00:00,sd,351848,7.214676e-06,1.105583e-04,7.164483e-07
persistence,val,354,2025-07-01T06:00:00,2025-07-01T12:00:00,swvl1,351848,4.501961e-03,1.058982e-02,-8.283285e-05
persistence,val,354,2025-07-01T06:00:00,2025-07-01T12:00:00,stl1,351848,2.898808e+00,5.155639e+00,-1.219326e+00
persistence,val,354,2025-07-01T06:00:00,2025-07-01T12:00:00,sd,351848,1.690812e-05,2.426333e-04,8.419546e-06
persistence,val,355,2025-07-01T07:00:00,2025-07-01T13:00:00,swvl1,351848,4.540749e-03,1.084858e-02,-1.337205e-04
persistence,val,355,2025-07-01T07:00:00,2025-07-01T13:00:00,stl1,351848,2.751772e+00,4.905738e+00,-1.042080e+00
persistence,val,355,2025-07-01T07:00:00,2025-07-01T13:00:00,sd,351848,1.787944e-05,2.582216e-04,7.640315e-06
persistence,val,356,2025-07-01T08:00:00,2025-07-01T14:00:00,swvl1,351848,4.614054e-03,1.124883e-02,-1.842140e-04
persistence,val,356,2025-07-01T08:00:00,2025-07-01T14:00:00,stl1,351848,2.572120e+00,4.382087e+00,-6.153983e-01
persistence,val,356,2025-07-01T08:00:00,2025-07-01T14:00:00,sd,351848,1.966147e-05,2.805040e-04,7.111206e-06
persistence,val,357,2025-07-01T09:00:00,2025-07-01T15:00:00,swvl1,351848,4.676021e-03,1.159031e-02,-2.258774e-04
persistence,val,357,2025-07-01T09:00:00,2025-07-01T15:00:00,stl1,351848,2.554913e+00,4.124833e+00,-2.896274e-01
persistence,val,357,2025-07-01T09:00:00,2025-07-01T15:00:00,sd,351848,2.197540e-05,3.067614e-04,6.822462e-06
persistence,val,358,2025-07-01T10:00:00,2025-07-01T16:00:00,swvl1,351848,3.659654e-03,9.843111e-03,-1.700482e-04
persistence,val,358,2025-07-01T10:00:00,2025-07-01T16:00:00,stl1,351848,2.450004e+00,3.824249e+00,-7.817013e-03
persistence,val,358,2025-07-01T10:00:00,2025-07-01T16:00:00,sd,351848,2.239291e-05,2.830385e-04,6.798160e-06
persistence,val,359,2025-07-01T11:00:00,2025-07-01T17:00:00,swvl1,351848,3.665669e-03,9.927748e-03,-1.881028e-04
persistence,val,359,2025-07-01T11:00:00,2025-07-01T17:00:00,stl1,351848,2.864438e+00,4.299259e+00,4.507295e-01
persistence,val,359,2025-07-01T11:00:00,2025-07-01T17:00:00,sd,351848,2.442309e-05,3.025358e-04,7.959264e-06
persistence,val,360,2025-07-01T12:00:00,2025-07-01T18:00:00,swvl1,351848,3.722584e-03,1.006952e-02,-2.020873e-04
persistence,val,360,2025-07-01T12:00:00,2025-07-01T18:00:00,stl1,351848,3.074368e+00,4.621950e+00,6.957629e-01
persistence,val,360,2025-07-01T12:00:00,2025-07-01T18:00:00,sd,351848,2.505642e-05,2.987151e-04,1.022503e-05
persistence,val,361,2025-07-01T13:00:00,2025-07-01T19:00:00,swvl1,351848,3.759676e-03,1.010836e-02,-1.890407e-04
persistence,val,361,2025-07-01T13:00:00,2025-07-01T19:00:00,stl1,351848,3.248179e+00,4.857618e+00,9.001376e-01
persistence,val,361,2025-07-01T13:00:00,2025-07-01T19:00:00,sd,351848,2.550956e-05,2.968550e-04,1.205576e-05
persistence,val,362,2025-07-01T14:00:00,2025-07-01T20:00:00,swvl1,351848,3.783981e-03,1.020542e-02,-1.827501e-04
persistence,val,362,2025-07-01T14:00:00,2025-07-01T20:00:00,stl1,351848,3.245867e+00,4.935700e+00,1.135324e+00
persistence,val,362,2025-07-01T14:00:00,2025-07-01T20:00:00,sd,351848,2.527384e-05,2.908950e-04,1.325746e-05
persistence,val,363,2025-07-01T15:00:00,2025-07-01T21:00:00,swvl1,351848,3.784855e-03,1.033189e-02,-1.954235e-04
persistence,val,363,2025-07-01T15:00:00,2025-07-01T21:00:00,stl1,351848,2.997140e+00,4.717647e+00,1.264716e+00
persistence,val,363,2025-07-01T15:00:00,2025-07-01T21:00:00,sd,351848,2.427541e-05,2.794997e-04,1.402110e-05
persistence,val,364,2025-07-01T16:00:00,2025-07-01T22:00:00,swvl1,351848,4.160509e-03,1.034497e-02,-3.210520e-04
persistence,val,364,2025-07-01T16:00:00,2025-07-01T22:00:00,stl1,351848,2.854855e+00,4.576058e+00,1.334101e+00
persistence,val,364,2025-07-01T16:00:00,2025-07-01T22:00:00,sd,351848,2.103509e-05,2.463324e-04,1.142270e-05
persistence,val,365,2025-07-01T17:00:00,2025-07-01T23:00:00,swvl1,351848,4.131169e-03,1.039729e-02,-3.449463e-04
persistence,val,365,2025-07-01T17:00:00,2025-07-01T23:00:00,stl1,351848,2.416679e+00,3.961327e+00,1.180929e+00
persistence,val,365,2025-07-01T17:00:00,2025-07-01T23:00:00,sd,351848,1.895418e-05,2.256401e-04,1.070534e-05
persistence,val,366,2025-07-01T18:00:00,2025-07-02T00:00:00,swvl1,351848,4.114498e-03,1.044582e-02,-3.360020e-04
persistence,val,366,2025-07-01T18:00:00,2025-07-02T00:00:00,stl1,351848,2.227231e+00,3.607734e+00,1.198506e+00
persistence,val,366,2025-07-01T18:00:00,2025-07-02T00:00:00,sd,351848,3.715485e-05,4.978235e-04,2.727947e-05
persistence,val,367,2025-07-01T19:00:00,2025-07-02T01:00:00,swvl1,351848,4.194937e-03,1.066084e-02,-3.066980e-04
persistence,val,367,2025-07-01T19:00:00,2025-07-02T01:00:00,stl1,351848,2.177108e+00,3.445087e+00,1.174351e+00
persistence,val,367,2025-07-01T19:00:00,2025-07-02T01:00:00,sd,351848,3.607801e-05,4.818486e-04,2.547416e-05
persistence,val,368,2025-07-01T20:00:00,2025-07-02T02:00:00,swvl1,351848,4.291082e-03,1.091748e-02,-2.242664e-04
persistence,val,368,2025-07-01T20:00:00,2025-07-02T02:00:00,stl1,351848,2.198172e+00,3.397161e+00,6.012676e-01
persistence,val,368,2025-07-01T20:00:00,2025-07-02T02:00:00,sd,351848,3.513899e-05,4.664014e-04,2.412937e-05
persistence,val,369,2025-07-01T21:00:00,2025-07-02T03:00:00,swvl1,351848,4.427513e-03,1.126976e-02,-1.172540e-04
persistence,val,369,2025-07-01T21:00:00,2025-07-02T03:00:00,stl1,351848,2.353211e+00,3.615919e+00,3.959027e-01
persistence,val,369,2025-07-01T21:00:00,2025-07-02T03:00:00,sd,351848,3.452824e-05,4.521428e-04,2.321902e-05
persistence,val,370,2025-07-01T22:00:00,2025-07-02T04:00:00,swvl1,351848,3.617133e-03,1.027262e-02,1.087471e-04
persistence,val,370,2025-07-01T22:00:00,2025-07-02T04:00:00,stl1,351848,2.252903e+00,3.662202e+00,1.942270e-01
persistence,val,370,2025-07-01T22:00:00,2025-07-02T04:00:00,sd,351848,3.563258e-05,4.638324e-04,2.550650e-05
persistence,val,371,2025-07-01T23:00:00,2025-07-02T05:00:00,swvl1,351848,3.722275e-03,1.044000e-02,2.077965e-04
persistence,val,371,2025-07-01T23:00:00,2025-07-02T05:00:00,stl1,351848,2.545431e+00,4.099783e+00,-3.606939e-01
persistence,val,371,2025-07-01T23:00:00,2025-07-02T05:00:00,sd,351848,3.534973e-05,4.540536e-04,2.577725e-05
persistence,val,372,2025-07-02T00:00:00,2025-07-02T06:00:00,swvl1,351848,3.866355e-03,1.066509e-02,2.815865e-04
persistence,val,372,2025-07-02T00:00:00,2025-07-02T06:00:00,stl1,351848,2.660387e+00,4.372424e+00,-7.086692e-01
persistence,val,372,2025-07-02T00:00:00,2025-07-02T06:00:00,sd,351848,1.230037e-05,1.412757e-04,7.832962e-06
persistence,val,373,2025-07-02T01:00:00,2025-07-02T07:00:00,swvl1,351848,3.982157e-03,1.078986e-02,3.280728e-04
persistence,val,373,2025-07-02T01:00:00,2025-07-02T07:00:00,stl1,351848,2.781029e+00,4.597917e+00,-1.074227e+00
persistence,val,373,2025-07-02T01:00:00,2025-07-02T07:00:00,sd,351848,1.257176e-05,1.506659e-04,8.639390e-06
persistence,val,374,2025-07-02T02:00:00,2025-07-02T08:00:00,swvl1,351848,4.063293e-03,1.078325e-02,3.211245e-04
persistence,val,374,2025-07-02T02:00:00,2025-07-02T08:00:00,stl1,351848,2.750381e+00,4.563789e+00,-1.204016e+00
persistence,val,374,2025-07-02T02:00:00,2025-07-02T08:00:00,sd,351848,1.303536e-05,1.641774e-04,9.437060e-06
persistence,val,375,2025-07-02T03:00:00,2025-07-02T09:00:00,swvl1,351848,4.115640e-03,1.072751e-02,2.747398e-04
persistence,val,375,2025-07-02T03:00:00,2025-07-02T09:00:00,stl1,351848,2.907169e+00,4.900328e+00,-1.468350e+00
persistence,val,375,2025-07-02T03:00:00,2025-07-02T09:00:00,sd,351848,1.334859e-05,1.752407e-04,1.013277e-05
persistence,val,376,2025-07-02T04:00:00,2025-07-02T10:00:00,swvl1,351848,4.578000e-03,1.054884e-02,2.254643e-04
persistence,val,376,2025-07-02T04:00:00,2025-07-02T10:00:00,stl1,351848,3.177219e+00,5.386035e+00,-1.628962e+00
persistence,val,376,2025-07-02T04:00:00,2025-07-02T10:00:00,sd,351848,1.601501e-05,2.490487e-04,1.117884e-05
persistence,val,377,2025-07-02T05:00:00,2025-07-02T11:00:00,swvl1,351848,4.575010e-03,1.048570e-02,1.783138e-04
persistence,val,377,2025-07-02T05:00:00,2025-07-02T11:00:00,stl1,351848,2.984952e+00,5.234343e+00,-1.381766e+00
persistence,val,377,2025-07-02T05:00:00,2025-07-02T11:00:00,sd,351848,1.704536e-05,2.800081e-04,1.042927e-05
persistence,val,378,2025-07-02T06:00:00,2025-07-02T12:00:00,swvl1,351848,4.518796e-03,1.036650e-02,1.118264e-04
persistence,val,378,2025-07-02T06:00:00,2025-07-02T12:00:00,stl1,351848,2.953788e+00,5.285704e+00,-1.281076e+00
persistence,val,378,2025-07-02T06:00:00,2025-07-02T12:00:00,sd,351848,1.762551e-05,3.047309e-04,9.853226e-06
persistence,val,379,2025-07-02T07:00:00,2025-07-02T13:00:00,swvl1,351848,4.515348e-03,1.037820e-02,5.896350e-05
persistence,val,379,2025-07-02T07:00:00,2025-07-02T13:00:00,stl1,351848,2.803254e+00,5.037617e+00,-1.103986e+00
persistence,val,379,2025-07-02T07:00:00,2025-07-02T13:00:00,sd,351848,1.836873e-05,3.237195e-04,9.563753e-06
persistence,val,380,2025-07-02T08:00:00,2025-07-02T14:00:00,swvl1,351848,4.528696e-03,1.039876e-02,8.590528e-07
persistence,val,380,2025-07-02T08:00:00,2025-07-02T14:00:00,stl1,351848,2.569711e+00,4.422197e+00,-6.486175e-01
persistence,val,380,2025-07-02T08:00:00,2025-07-02T14:00:00,sd,351848,1.941173e-05,3.381027e-04,9.593067e-06
persistence,val,381,2025-07-02T09:00:00,2025-07-02T15:00:00,swvl1,351848,4.529193e-03,1.038164e-02,-1.549953e-05
persistence,val,381,2025-07-02T09:00:00,2025-07-02T15:00:00,stl1,351848,2.513803e+00,4.106067e+00,-3.108318e-01
persistence,val,381,2025-07-02T09:00:00,2025-07-02T15:00:00,sd,351848,2.047238e-05,3.392060e-04,1.009750e-05
persistence,val,382,2025-07-02T10:00:00,2025-07-02T16:00:00,swvl1,351848,3.669732e-03,9.169465e-03,-5.222904e-05
persistence,val,382,2025-07-02T10:00:00,2025-07-02T16:00:00,stl1,351848,2.371632e+00,3.787158e+00,-2.556045e-02
persistence,val,382,2025-07-02T10:00:00,2025-07-02T16:00:00,sd,351848,1.790307e-05,2.464073e-04,1.017008e-05
persistence,val,383,2025-07-02T11:00:00,2025-07-02T17:00:00,swvl1,351848,3.658864e-03,9.180166e-03,-4.979788e-05
persistence,val,383,2025-07-02T11:00:00,2025-07-02T17:00:00,stl1,351848,2.811419e+00,4.252900e+00,4.777000e-01
persistence,val,383,2025-07-02T11:00:00,2025-07-02T17:00:00,sd,351848,1.851492e-05,2.294349e-04,1.216053e-05
persistence,val,384,2025-07-02T12:00:00,2025-07-02T18:00:00,swvl1,351848,3.671462e-03,9.230167e-03,2.848848e-06
persistence,val,384,2025-07-02T12:00:00,2025-07-02T18:00:00,stl1,351848,3.048073e+00,4.564165e+00,7.321148e-01
persistence,val,384,2025-07-02T12:00:00,2025-07-02T18:00:00,sd,351848,1.959653e-05,2.358777e-04,1.356301e-05
persistence,val,385,2025-07-02T13:00:00,2025-07-02T19:00:00,swvl1,351848,3.726799e-03,9.448742e-03,3.260050e-05
persistence,val,385,2025-07-02T13:00:00,2025-07-02T19:00:00,stl1,351848,3.223414e+00,4.782909e+00,9.421780e-01
persistence,val,385,2025-07-02T13:00:00,2025-07-02T19:00:00,sd,351848,2.074098e-05,2.503372e-04,1.417580e-05
persistence,val,386,2025-07-02T14:00:00,2025-07-02T20:00:00,swvl1,351848,3.781395e-03,9.672711e-03,5.825674e-05
persistence,val,386,2025-07-02T14:00:00,2025-07-02T20:00:00,stl1,351848,3.271813e+00,4.910160e+00,1.235619e+00
persistence,val,386,2025-07-02T14:00:00,2025-07-02T20:00:00,sd,351848,2.174795e-05,2.636359e-04,1.370248e-05
persistence,val,387,2025-07-02T15:00:00,2025-07-02T21:00:00,swvl1,351848,3.782882e-03,9.733378e-03,6.298589e-05
persistence,val,387,2025-07-02T15:00:00,2025-07-02T21:00:00,stl1,351848,3.057923e+00,4.746393e+00,1.381013e+00
persistence,val,387,2025-07-02T15:00:00,2025-07-02T21:00:00,sd,351848,2.231382e-05,2.713028e-04,1.188854e-05
persistence,val,388,2025-07-02T16:00:00,2025-07-02T22:00:00,swvl1,351848,4.194219e-03,1.012911e-02,-1.725760e-04
persistence,val,388,2025-07-02T16:00:00,2025-07-02T22:00:00,stl1,351848,2.850018e+00,4.557224e+00,1.440108e+00
persistence,val,388,2025-07-02T16:00:00,2025-07-02T22:00:00,sd,351848,2.058200e-05,2.527622e-04,8.003757e-06
persistence,val,389,2025-07-02T17:00:00,2025-07-02T23:00:00,swvl1,351848,4.147629e-03,1.017246e-02,-2.171345e-04
persistence,val,389,2025-07-02T17:00:00,2025-07-02T23:00:00,stl1,351848,2.399530e+00,3.926403e+00,1.242002e+00
persistence,val,389,2025-07-02T17:00:00,2025-07-02T23:00:00,sd,351848,1.998217e-05,2.526619e-04,5.119456e-06
persistence,val,390,2025-07-02T18:00:00,2025-07-03T00:00:00,swvl1,351848,4.106960e-03,1.028339e-02,-2.663054e-04
persistence,val,390,2025-07-02T18:00:00,2025-07-03T00:00:00,stl1,351848,2.238490e+00,3.614142e+00,1.224218e+00
persistence,val,390,2025-07-02T18:00:00,2025-07-03T00:00:00,sd,351848,2.792877e-05,3.673756e-04,7.183625e-06
persistence,val,391,2025-07-02T19:00:00,2025-07-03T01:00:00,swvl1,351848,4.172962e-03,1.061330e-02,-2.760312e-04
persistence,val,391,2025-07-02T19:00:00,2025-07-03T01:00:00,stl1,351848,2.227711e+00,3.508236e+00,1.216005e+00
persistence,val,391,2025-07-02T19:00:00,2025-07-03T01:00:00,sd,351848,2.677886e-05,3.545793e-04,4.747707e-06
persistence,val,392,2025-07-02T20:00:00,2025-07-03T02:00:00,swvl1,351848,4.264170e-03,1.092672e-02,-2.275539e-04
persistence,val,392,2025-07-02T20:00:00,2025-07-03T02:00:00,stl1,351848,2.271161e+00,3.491170e+00,6.034344e-01
persistence,val,392,2025-07-02T20:00:00,2025-07-03T02:00:00,sd,351848,2.584240e-05,3.387119e-04,2.955990e-06
persistence,val,393,2025-07-02T21:00:00,2025-07-03T03:00:00,swvl1,351848,4.370343e-03,1.113433e-02,-1.353900e-04
persistence,val,393,2025-07-02T21:00:00,2025-07-03T03:00:00,stl1,351848,2.439677e+00,3.725368e+00,4.038691e-01
persistence,val,393,2025-07-02T21:00:00,2025-07-03T03:00:00,sd,351848,2.470668e-05,3.180100e-04,2.384690e-06
persistence,val,394,2025-07-02T22:00:00,2025-07-03T04:00:00,swvl1,351848,3.459042e-03,9.423739e-03,1.959248e-04
persistence,val,394,2025-07-02T22:00:00,2025-07-03T04:00:00,stl1,351848,2.270979e+00,3.723877e+00,2.302904e-01
persistence,val,394,2025-07-02T22:00:00,2025-07-03T04:00:00,sd,351848,2.328847e-05,2.968025e-04,4.061882e-06
persistence,val,395,2025-07-02T23:00:00,2025-07-03T05:00:00,swvl1,351848,3.517113e-03,9.405217e-03,3.087087e-04
persistence,val,395,2025-07-02T23:00:00,2025-07-03T05:00:00,stl1,351848,2.580743e+00,4.102854e+00,-2.961465e-01
persistence,val,395,2025-07-02T23:00:00,2025-07-03T05:00:00,sd,351848,2.218302e-05,2.772404e-04,4.710397e-06
persistence,val,396,2025-07-03T00:00:00,2025-07-03T06:00:00,swvl1,351848,3.600703e-03,9.402624e-03,3.936813e-04
persistence,val,396,2025-07-03T00:00:00,2025-07-03T06:00:00,stl1,351848,2.706041e+00,4.338262e+00,-6.169084e-01
persistence,val,396,2025-07-03T00:00:00,2025-07-03T06:00:00,sd,351848,1.236689e-05,1.529750e-04,9.824270e-07
persistence,val,397,2025-07-03T01:00:00,2025-07-03T07:00:00,swvl1,351848,3.698831e-03,9.423765e-03,4.395916e-04
persistence,val,397,2025-07-03T01:00:00,2025-07-03T07:00:00,stl1,351848,2.799128e+00,4.533149e+00,-9.863056e-01
persistence,val,397,2025-07-03T01:00:00,2025-07-03T07:00:00,sd,351848,1.259141e-05,1.530409e-04,2.308840e-06
persistence,val,398,2025-07-03T02:00:00,2025-07-03T08:00:00,swvl1,351848,3.769743e-03,9.438936e-03,4.621543e-04
persistence,val,398,2025-07-03T02:00:00,2025-07-03T08:00:00,stl1,351848,2.727504e+00,4.483913e+00,-1.097875e+00
persistence,val,398,2025-07-03T02:00:00,2025-07-03T08:00:00,sd,351848,1.291822e-05,1.590273e-04,3.632093e-06
persistence,val,399,2025-07-03T03:00:00,2025-07-03T09:00:00,swvl1,351848,3.804314e-03,9.358791e-03,4.428654e-04
persistence,val,399,2025-07-03T03:00:00,2025-07-03T09:00:00,stl1,351848,2.889149e+00,4.849467e+00,-1.360618e+00
persistence,val,399,2025-07-03T03:00:00,2025-07-03T09:00:00,sd,351848,1.343355e-05,1.708853e-04,4.497224e-06
persistence,val,400,2025-07-03T04:00:00,2025-07-03T10:00:00,swvl1,351848,4.289066e-03,9.862538e-03,3.324957e-04
persistence,val,400,2025-07-03T04:00:00,2025-07-03T10:00:00,stl1,351848,3.204064e+00,5.362511e+00,-1.494986e+00
persistence,val,400,2025-07-03T04:00:00,2025-07-03T10:00:00,sd,351848,1.571299e-05,2.269066e-04,4.876880e-06
persistence,val,401,2025-07-03T05:00:00,2025-07-03T11:00:00,swvl1,351848,4.296744e-03,1.003375e-02,2.694986e-04
persistence,val,401,2025-07-03T05:00:00,2025-07-03T11:00:00,stl1,351848,2.973859e+00,5.216686e+00,-1.279557e+00
persistence,val,401,2025-07-03T05:00:00,2025-07-03T11:00:00,sd,351848,1.601105e-05,2.370718e-04,4.762972e-06
persistence,val,402,2025-07-03T06:00:00,2025-07-03T12:00:00,swvl1,351848,4.297213e-03,1.032121e-02,2.071601e-04
persistence,val,402,2025-07-03T06:00:00,2025-07-03T12:00:00,stl1,351848,2.951421e+00,5.247623e+00,-1.204984e+00
persistence,val,402,2025-07-03T06:00:00,2025-07-03T12:00:00,sd,351848,1.611869e-05,2.439114e-04,4.393473e-06
persistence,val,403,2025-07-03T07:00:00,2025-07-03T13:00:00,swvl1,351848,4.353691e-03,1.073519e-02,1.520542e-04
persistence,val,403,2025-07-03T07:00:00,2025-07-03T13:00:00,stl1,351848,2.801732e+00,5.011254e+00,-1.033641e+00
persistence,val,403,2025-07-03T07:00:00,2025-07-03T13:00:00,sd,351848,1.658111e-05,2.507971e-04,4.097500e-06
persistence,val,404,2025-07-03T08:00:00,2025-07-03T14:00:00,swvl1,351848,4.429666e-03,1.115216e-02,8.038025e-05
persistence,val,404,2025-07-03T08:00:00,2025-07-03T14:00:00,stl1,351848,2.619235e+00,4.455182e+00,-5.972679e-01
persistence,val,404,2025-07-03T08:00:00,2025-07-03T14:00:00,sd,351848,1.768098e-05,2.610762e-04,4.218772e-06
persistence,val,405,2025-07-03T09:00:00,2025-07-03T15:00:00,swvl1,351848,4.525372e-03,1.155287e-02,1.333224e-06
persistence,val,405,2025-07-03T09:00:00,2025-07-03T15:00:00,stl1,351848,2.558015e+00,4.155427e+00,-3.082859e-01
persistence,val,405,2025-07-03T09:00:00,2025-07-03T15:00:00,sd,351848,1.924664e-05,2.741389e-04,4.615398e-06
persistence,val,406,2025-07-03T10:00:00,2025-07-03T16:00:00,swvl1,351848,3.672409e-03,1.015902e-02,4.858287e-05
persistence,val,406,2025-07-03T10:00:00,2025-07-03T16:00:00,stl1,351848,2.420896e+00,3.824253e+00,-6.418805e-02
persistence,val,406,2025-07-03T10:00:00,2025-07-03T16:00:00,sd,351848,1.787556e-05,2.453665e-04,5.596421e-06
persistence,val,407,2025-07-03T11:00:00,2025-07-03T17:00:00,swvl1,351848,3.658568e-03,1.013843e-02,6.382813e-05
persistence,val,407,2025-07-03T11:00:00,2025-07-03T17:00:00,stl1,351848,2.827004e+00,4.268506e+00,4.301090e-01
persistence,val,407,2025-07-03T11:00:00,2025-07-03T17:00:00,sd,351848,1.951518e-05,2.677019e-04,6.946814e-06
persistence,val,408,2025-07-03T12:00:00,2025-07-03T18:00:00,swvl1,351848,3.693789e-03,1.025012e-02,9.944220e-05
persistence,val,408,2025-07-03T12:00:00,2025-07-03T18:00:00,stl1,351848,3.057974e+00,4.571862e+00,6.899676e-01
persistence,val,408,2025-07-03T12:00:00,2025-07-03T18:00:00,sd,351848,2.115716e-05,2.882711e-04,8.241200e-06
persistence,val,409,2025-07-03T13:00:00,2025-07-03T19:00:00,swvl1,351848,3.740198e-03,1.028992e-02,1.289689e-04
persistence,val,409,2025-07-03T13:00:00,2025-07-03T19:00:00,stl1,351848,3.243230e+00,4.807474e+00,9.112968e-01
persistence,val,409,2025-07-03T13:00:00,2025-07-03T19:00:00,sd,351848,2.276741e-05,3.065934e-04,9.028413e-06
persistence,val,410,2025-07-03T14:00:00,2025-07-03T20:00:00,swvl1,351848,3.776852e-03,1.033798e-02,1.383055e-04
persistence,val,410,2025-07-03T14:00:00,2025-07-03T20:00:00,stl1,351848,3.276064e+00,4.896079e+00,1.179392e+00
persistence,val,410,2025-07-03T14:00:00,2025-07-03T20:00:00,sd,351848,2.367369e-05,3.176223e-04,8.843537e-06
persistence,val,411,2025-07-03T15:00:00,2025-07-03T21:00:00,swvl1,351848,3.770062e-03,1.042581e-02,1.319020e-04
persistence,val,411,2025-07-03T15:00:00,2025-07-03T21:00:00,stl1,351848,3.020710e+00,4.672285e+00,1.354006e+00
persistence,val,411,2025-07-03T15:00:00,2025-07-03T21:00:00,sd,351848,2.343235e-05,3.173940e-04,7.997591e-06
persistence,val,412,2025-07-03T16:00:00,2025-07-03T22:00:00,swvl1,351848,4.080496e-03,1.048437e-02,4.015071e-05
persistence,val,412,2025-07-03T16:00:00,2025-07-03T22:00:00,stl1,351848,2.824522e+00,4.517166e+00,1.405761e+00
persistence,val,412,2025-07-03T16:00:00,2025-07-03T22:00:00,sd,351848,2.081971e-05,2.725520e-04,6.959791e-06
persistence,val,413,2025-07-03T17:00:00,2025-07-03T23:00:00,swvl1,351848,4.030504e-03,1.051396e-02,-6.171141e-06
persistence,val,413,2025-07-03T17:00:00,2025-07-03T23:00:00,stl1,351848,2.409218e+00,3.920124e+00,1.234909e+00
persistence,val,413,2025-07-03T17:00:00,2025-07-03T23:00:00,sd,351848,1.928132e-05,2.531765e-04,5.413087e-06
persistence,val,414,2025-07-03T18:00:00,2025-07-04T00:00:00,swvl1,351848,4.008694e-03,1.065740e-02,-4.656240e-05
persistence,val,414,2025-07-03T18:00:00,2025-07-04T00:00:00,stl1,351848,2.281672e+00,3.646650e+00,1.228225e+00
persistence,val,414,2025-07-03T18:00:00,2025-07-04T00:00:00,sd,351848,2.316206e-05,2.919665e-04,5.739190e-06
persistence,val,415,2025-07-03T19:00:00,2025-07-04T01:00:00,swvl1,351848,4.081383e-03,1.094863e-02,-5.043089e-05
persistence,val,415,2025-07-03T19:00:00,2025-07-04T01:00:00,stl1,351848,2.278643e+00,3.548251e+00,1.192100e+00
persistence,val,415,2025-07-03T19:00:00,2025-07-04T01:00:00,sd,351848,2.166585e-05,2.710174e-04,4.602119e-06
persistence,val,416,2025-07-03T20:00:00,2025-07-04T02:00:00,swvl1,351848,4.196711e-03,1.126479e-02,-5.355868e-06
persistence,val,416,2025-07-03T20:00:00,2025-07-04T02:00:00,stl1,351848,2.368754e+00,3.588720e+00,5.779582e-01
persistence,val,416,2025-07-03T20:00:00,2025-07-04T02:00:00,sd,351848,2.079074e-05,2.554230e-04,4.320219e-06
persistence,val,417,2025-07-03T21:00:00,2025-07-04T03:00:00,swvl1,351848,4.353742e-03,1.157962e-02,1.071484e-04
persistence,val,417,2025-07-03T21:00:00,2025-07-04T03:00:00,stl1,351848,2.540489e+00,3.819436e+00,3.904520e-01
persistence,val,417,2025-07-03T21:00:00,2025-07-04T03:00:00,sd,351848,2.037131e-05,2.477958e-04,4.888456e-06
persistence,val,418,2025-07-03T22:00:00,2025-07-04T04:00:00,swvl1,351848,3.541462e-03,1.019137e-02,2.734886e-04
persistence,val,418,2025-07-03T22:00:00,2025-07-04T04:00:00,stl1,351848,2.332586e+00,3.727810e+00,2.227404e-01
persistence,val,418,2025-07-03T22:00:00,2025-07-04T04:00:00,sd,351848,1.755511e-05,2.055910e-04,5.733736e-06
persistence,val,419,2025-07-03T23:00:00,2025-07-04T05:00:00,swvl1,351848,3.637654e-03,1.026986e-02,3.933642e-04
persistence,val,419,2025-07-03T23:00:00,2025-07-04T05:00:00,stl1,351848,2.620574e+00,4.134194e+00,-3.417504e-01
persistence,val,419,2025-07-03T23:00:00,2025-07-04T05:00:00,sd,351848,1.763343e-05,1.976003e-04,7.425375e-06
persistence,val,420,2025-07-04T00:00:00,2025-07-04T06:00:00,swvl1,351848,3.747953e-03,1.033841e-02,4.885349e-04
persistence,val,420,2025-07-04T00:00:00,2025-07-04T06:00:00,stl1,351848,2.708124e+00,4.312570e+00,-6.785538e-01
persistence,val,420,2025-07-04T00:00:00,2025-07-04T06:00:00,sd,351848,1.246504e-05,1.500278e-04,7.621014e-06
persistence,val,421,2025-07-04T01:00:00,2025-07-04T07:00:00,swvl1,351848,3.842552e-03,1.034585e-02,5.443928e-04
persistence,val,421,2025-07-04T01:00:00,2025-07-04T07:00:00,stl1,351848,2.821946e+00,4.518773e+00,-1.055341e+00
persistence,val,421,2025-07-04T01:00:00,2025-07-04T07:00:00,sd,351848,1.359448e-05,1.707229e-04,9.552461e-06
persistence,val,422,2025-07-04T02:00:00,2025-07-04T08:00:00,swvl1,351848,3.900544e-03,1.034117e-02,5.713806e-04
persistence,val,422,2025-07-04T02:00:00,2025-07-04T08:00:00,stl1,351848,2.743183e+00,4.478469e+00,-1.115322e+00
persistence,val,422,2025-07-04T02:00:00,2025-07-04T08:00:00,sd,351848,1.476562e-05,1.916526e-04,1.096668e-05
persistence,val,423,2025-07-04T03:00:00,2025-07-04T09:00:00,swvl1,351848,3.923098e-03,1.033684e-02,5.348003e-04
persistence,val,423,2025-07-04T03:00:00,2025-07-04T09:00:00,stl1,351848,2.927236e+00,4.885499e+00,-1.412658e+00
persistence,val,423,2025-07-04T03:00:00,2025-07-04T09:00:00,sd,351848,1.554410e-05,2.076276e-04,1.164934e-05
persistence,val,424,2025-07-04T04:00:00,2025-07-04T10:00:00,swvl1,351848,4.322433e-03,1.024490e-02,3.985361e-04
persistence,val,424,2025-07-04T04:00:00,2025-07-04T10:00:00,stl1,351848,3.204840e+00,5.361804e+00,-1.554603e+00
persistence,val,424,2025-07-04T04:00:00,2025-07-04T10:00:00,sd,351848,1.500208e-05,2.021870e-04,1.183549e-05
persistence,val,425,2025-07-04T05:00:00,2025-07-04T11:00:00,swvl1,351848,4.292657e-03,1.029114e-02,3.196995e-04
persistence,val,425,2025-07-04T05:00:00,2025-07-04T11:00:00,stl1,351848,3.018841e+00,5.229183e+00,-1.320099e+00
persistence,val,425,2025-07-04T05:00:00,2025-07-04T11:00:00,sd,351848,1.449729e-05,1.986732e-04,1.110313e-05
persistence,val,426,2025-07-04T06:00:00,2025-07-04T12:00:00,swvl1,351848,4.243021e-03,1.027338e-02,2.289239e-04
persistence,val,426,2025-07-04T06:00:00,2025-07-04T12:00:00,stl1,351848,2.980345e+00,5.263299e+00,-1.234266e+00
persistence,val,426,2025-07-04T06:00:00,2025-07-04T12:00:00,sd,351848,1.349805e-05,1.886147e-04,1.004019e-05
persistence,val,427,2025-07-04T07:00:00,2025-07-04T13:00:00,swvl1,351848,4.271984e-03,1.041823e-02,1.399849e-04
persistence,val,427,2025-07-04T07:00:00,2025-07-04T13:00:00,stl1,351848,2.810124e+00,4.983945e+00,-1.051435e+00
persistence,val,427,2025-07-04T07:00:00,2025-07-04T13:00:00,sd,351848,1.270712e-05,1.794394e-04,9.113256e-06
persistence,val,428,2025-07-04T08:00:00,2025-07-04T14:00:00,swvl1,351848,4.315105e-03,1.067391e-02,4.943838e-05
persistence,val,428,2025-07-04T08:00:00,2025-07-04T14:00:00,stl1,351848,2.636328e+00,4.475919e+00,-6.496271e-01
persistence,val,428,2025-07-04T08:00:00,2025-07-04T14:00:00,sd,351848,1.257208e-05,1.785604e-04,8.658986e-06
persistence,val,429,2025-07-04T09:00:00,2025-07-04T15:00:00,swvl1,351848,4.350636e-03,1.085651e-02,1.212572e-05
persistence,val,429,2025-07-04T09:00:00,2025-07-04T15:00:00,stl1,351848,2.597145e+00,4.216155e+00,-3.128017e-01
persistence,val,429,2025-07-04T09:00:00,2025-07-04T15:00:00,sd,351848,1.303748e-05,1.822050e-04,8.634725e-06
persistence,val,430,2025-07-04T10:00:00,2025-07-04T16:00:00,swvl1,351848,3.453172e-03,9.352283e-03,8.533338e-05
persistence,val,430,2025-07-04T10:00:00,2025-07-04T16:00:00,stl1,351848,2.487817e+00,3.906480e+00,-2.882186e-02
persistence,val,430,2025-07-04T10:00:00,2025-07-04T16:00:00,sd,351848,1.359673e-05,1.796818e-04,8.893188e-06
persistence,val,431,2025-07-04T11:00:00,2025-07-04T17:00:00,swvl1,351848,3.441386e-03,9.355307e-03,1.070445e-04
persistence,val,431,2025-07-04T11:00:00,2025-07-04T17:00:00,stl1,351848,2.909684e+00,4.364236e+00,4.545140e-01
persistence,val,431,2025-07-04T11:00:00,2025-07-04T17:00:00,sd,351848,1.507916e-05,1.938270e-04,9.912740e-06
persistence,val,432,2025-07-04T12:00:00,2025-07-04T18:00:00,swvl1,351848,3.509652e-03,9.516294e-03,1.521881e-04
persistence,val,432,2025-07-04T12:00:00,2025-07-04T18:00:00,stl1,351848,3.150838e+00,4.690098e+00,7.168063e-01
persistence,val,432,2025-07-04T12:00:00,2025-07-04T18:00:00,sd,351848,1.644127e-05,2.087404e-04,1.096675e-05
persistence,val,433,2025-07-04T13:00:00,2025-07-04T19:00:00,swvl1,351848,3.601553e-03,9.795245e-03,1.825273e-04
persistence,val,433,2025-07-04T13:00:00,2025-07-04T19:00:00,stl1,351848,3.331221e+00,4.913450e+00,9.442280e-01
persistence,val,433,2025-07-04T13:00:00,2025-07-04T19:00:00,sd,351848,1.768717e-05,2.210139e-04,1.175271e-05
persistence,val,434,2025-07-04T14:00:00,2025-07-04T20:00:00,swvl1,351848,3.662258e-03,1.011784e-02,1.906689e-04
persistence,val,434,2025-07-04T14:00:00,2025-07-04T20:00:00,stl1,351848,3.337191e+00,4.984670e+00,1.218050e+00
persistence,val,434,2025-07-04T14:00:00,2025-07-04T20:00:00,sd,351848,1.817976e-05,2.251508e-04,1.186982e-05
persistence,val,435,2025-07-04T15:00:00,2025-07-04T21:00:00,swvl1,351848,3.684676e-03,1.050391e-02,1.611164e-04
persistence,val,435,2025-07-04T15:00:00,2025-07-04T21:00:00,stl1,351848,3.038651e+00,4.727284e+00,1.354637e+00
persistence,val,435,2025-07-04T15:00:00,2025-07-04T21:00:00,sd,351848,1.775040e-05,2.186461e-04,1.143125e-05
persistence,val,436,2025-07-04T16:00:00,2025-07-04T22:00:00,swvl1,351848,4.063071e-03,1.053578e-02,6.924857e-05
persistence,val,436,2025-07-04T16:00:00,2025-07-04T22:00:00,stl1,351848,2.861596e+00,4.586906e+00,1.426064e+00
persistence,val,436,2025-07-04T16:00:00,2025-07-04T22:00:00,sd,351848,1.637558e-05,2.069699e-04,9.705961e-06
persistence,val,437,2025-07-04T17:00:00,2025-07-04T23:00:00,swvl1,351848,4.014345e-03,1.057219e-02,5.152935e-05
persistence,val,437,2025-07-04T17:00:00,2025-07-04T23:00:00,stl1,351848,2.457194e+00,3.972395e+00,1.270781e+00
persistence,val,437,2025-07-04T17:00:00,2025-07-04T23:00:00,sd,351848,1.478078e-05,1.889579e-04,8.057378e-06
persistence,val,438,2025-07-04T18:00:00,2025-07-05T00:00:00,swvl1,351848,3.959893e-03,1.053910e-02,3.682952e-05
persistence,val,438,2025-07-04T18:00:00,2025-07-05T00:00:00,stl1,351848,2.301017e+00,3.657774e+00,1.277845e+00
persistence,val,438,2025-07-04T18:00:00,2025-07-05T00:00:00,sd,351848,1.627909e-05,2.199111e-04,6.736622e-06
persistence,val,439,2025-07-04T19:00:00,2025-07-05T01:00:00,swvl1,351848,4.013204e-03,1.062952e-02,7.135332e-05
persistence,val,439,2025-07-04T19:00:00,2025-07-05T01:00:00,stl1,351848,2.299099e+00,3.543363e+00,1.243027e+00
persistence,val,439,2025-07-04T19:00:00,2025-07-05T01:00:00,sd,351848,1.505890e-05,2.075294e-04,5.181664e-06
persistence,val,440,2025-07-04T20:00:00,2025-07-05T02:00:00,swvl1,351848,4.102486e-03,1.073961e-02,1.696126e-04
persistence,val,440,2025-07-04T20:00:00,2025-07-05T02:00:00,stl1,351848,2.334091e+00,3.519922e+00,6.415679e-01
persistence,val,440,2025-07-04T20:00:00,2025-07-05T02:00:00,sd,351848,1.440280e-05,2.013281e-04,4.338033e-06
persistence,val,441,2025-07-04T21:00:00,2025-07-05T03:00:00,swvl1,351848,4.222360e-03,1.084767e-02,3.102448e-04
persistence,val,441,2025-07-04T21:00:00,2025-07-05T03:00:00,stl1,351848,2.468836e+00,3.736927e+00,3.959920e-01
persistence,val,441,2025-07-04T21:00:00,2025-07-05T03:00:00,sd,351848,1.461396e-05,2.013176e-04,4.311188e-06
persistence,val,442,2025-07-04T22:00:00,2025-07-05T04:00:00,swvl1,351848,3.369708e-03,9.427194e-03,5.211369e-04
persistence,val,442,2025-07-04T22:00:00,2025-07-05T04:00:00,stl1,351848,2.315660e+00,3.712944e+00,2.231377e-01
persistence,val,442,2025-07-04T22:00:00,2025-07-05T04:00:00,sd,351848,1.469908e-05,1.970222e-04,5.526306e-06
persistence,val,443,2025-07-04T23:00:00,2025-07-05T05:00:00,swvl1,351848,3.468538e-03,9.532677e-03,6.549273e-04
persistence,val,443,2025-07-04T23:00:00,2025-07-05T05:00:00,stl1,351848,2.602425e+00,4.136563e+00,-2.909404e-01
persistence,val,443,2025-07-04T23:00:00,2025-07-05T05:00:00,sd,351848,1.583927e-05,2.086731e-04,6.671831e-06
persistence,val,444,2025-07-05T00:00:00,2025-07-05T06:00:00,swvl1,351848,3.579022e-03,9.585922e-03,7.735656e-04
persistence,val,444,2025-07-05T00:00:00,2025-07-05T06:00:00,stl1,351848,2.712494e+00,4.388682e+00,-6.375909e-01
persistence,val,444,2025-07-05T00:00:00,2025-07-05T06:00:00,sd,351848,1.240844e-05,1.868212e-04,7.659993e-06
persistence,val,445,2025-07-05T01:00:00,2025-07-05T07:00:00,swvl1,351848,3.678861e-03,9.589658e-03,8.520712e-04
persistence,val,445,2025-07-05T01:00:00,2025-07-05T07:00:00,stl1,351848,2.811559e+00,4.579129e+00,-1.016838e+00
persistence,val,445,2025-07-05T01:00:00,2025-07-05T07:00:00,sd,351848,1.360407e-05,2.043303e-04,9.067040e-06
persistence,val,446,2025-07-05T02:00:00,2025-07-05T08:00:00,swvl1,351848,3.768743e-03,9.630057e-03,8.463675e-04
persistence,val,446,2025-07-05T02:00:00,2025-07-05T08:00:00,stl1,351848,2.762106e+00,4.550391e+00,-1.117580e+00
persistence,val,446,2025-07-05T02:00:00,2025-07-05T08:00:00,sd,351848,1.454300e-05,2.185775e-04,9.959788e-06
persistence,val,447,2025-07-05T03:00:00,2025-07-05T09:00:00,swvl1,351848,3.828770e-03,9.706525e-03,7.768031e-04
persistence,val,447,2025-07-05T03:00:00,2025-07-05T09:00:00,stl1,351848,2.912568e+00,4.899499e+00,-1.328729e+00
persistence,val,447,2025-07-05T03:00:00,2025-07-05T09:00:00,sd,351848,1.509283e-05,2.253077e-04,1.031272e-05
persistence,val,448,2025-07-05T04:00:00,2025-07-05T10:00:00,swvl1,351848,4.343096e-03,1.028650e-02,6.291971e-04
persistence,val,448,2025-07-05T04:00:00,2025-07-05T10:00:00,stl1,351848,3.199384e+00,5.380400e+00,-1.514373e+00
persistence,val,448,2025-07-05T04:00:00,2025-07-05T10:00:00,sd,351848,1.530565e-05,2.326372e-04,1.092274e-05
persistence,val,449,2025-07-05T05:00:00,2025-07-05T11:00:00,swvl1,351848,4.355823e-03,1.038243e-02,4.863852e-04
persistence,val,449,2025-07-05T05:00:00,2025-07-05T11:00:00,stl1,351848,3.003699e+00,5.261384e+00,-1.320853e+00
persistence,val,449,2025-07-05T05:00:00,2025-07-05T11:00:00,sd,351848,1.507219e-05,2.313401e-04,1.039199e-05
persistence,val,450,2025-07-05T06:00:00,2025-07-05T12:00:00,swvl1,351848,4.337968e-03,1.048356e-02,3.328932e-04
persistence,val,450,2025-07-05T06:00:00,2025-07-05T12:00:00,stl1,351848,2.969156e+00,5.304029e+00,-1.264342e+00
persistence,val,450,2025-07-05T06:00:00,2025-07-05T12:00:00,sd,351848,1.454106e-05,2.268495e-04,9.476617e-06
persistence,val,451,2025-07-05T07:00:00,2025-07-05T13:00:00,swvl1,351848,4.346691e-03,1.067626e-02,2.056897e-04
persistence,val,451,2025-07-05T07:00:00,2025-07-05T13:00:00,stl1,351848,2.828173e+00,5.047036e+00,-1.101473e+00
persistence,val,451,2025-07-05T07:00:00,2025-07-05T13:00:00,sd,351848,1.398860e-05,2.236531e-04,8.528385e-06
persistence,val,452,2025-07-05T08:00:00,2025-07-05T14:00:00,swvl1,351848,4.335118e-03,1.078827e-02,1.313335e-04
persistence,val,452,2025-07-05T08:00:00,2025-07-05T14:00:00,stl1,351848,2.653949e+00,4.507063e+00,-6.907028e-01
persistence,val,452,2025-07-05T08:00:00,2025-07-05T14:00:00,sd,351848,1.372689e-05,2.250824e-04,7.987464e-06
persistence,val,453,2025-07-05T09:00:00,2025-07-05T15:00:00,swvl1,351848,4.346565e-03,1.084458e-02,9.532469e-05
persistence,val,453,2025-07-05T09:00:00,2025-07-05T15:00:00,stl1,351848,2.629402e+00,4.270745e+00,-3.927010e-01
persistence,val,453,2025-07-05T09:00:00,2025-07-05T15:00:00,sd,351848,1.366280e-05,2.250940e-04,7.765514e-06
persistence,val,454,2025-07-05T10:00:00,2025-07-05T16:00:00,swvl1,351848,3.480419e-03,9.493440e-03,1.368372e-04
persistence,val,454,2025-07-05T10:00:00,2025-07-05T16:00:00,stl1,351848,2.542752e+00,3.993677e+00,-1.577293e-01
persistence,val,454,2025-07-05T10:00:00,2025-07-05T16:00:00,sd,351848,1.236379e-05,1.791471e-04,7.241613e-06
persistence,val,455,2025-07-05T11:00:00,2025-07-05T17:00:00,swvl1,351848,3.475438e-03,9.474386e-03,1.647024e-04
persistence,val,455,2025-07-05T11:00:00,2025-07-05T17:00:00,stl1,351848,2.947862e+00,4.445159e+00,3.399418e-01
persistence,val,455,2025-07-05T11:00:00,2025-07-05T17:00:00,sd,351848,1.270807e-05,1.821668e-04,7.712462e-06
persistence,val,456,2025-07-05T12:00:00,2025-07-05T18:00:00,swvl1,351848,3.514866e-03,9.424348e-03,2.403610e-04
persistence,val,456,2025-07-05T12:00:00,2025-07-05T18:00:00,stl1,351848,3.167571e+00,4.757109e+00,6.086375e-01
persistence,val,456,2025-07-05T12:00:00,2025-07-05T18:00:00,sd,351848,1.323055e-05,1.860934e-04,8.514998e-06
persistence,val,457,2025-07-05T13:00:00,2025-07-05T19:00:00,swvl1,351848,3.576619e-03,9.482672e-03,3.001019e-04
persistence,val,457,2025-07-05T13:00:00,2025-07-05T19:00:00,stl1,351848,3.350923e+00,4.986209e+00,8.581313e-01
persistence,val,457,2025-07-05T13:00:00,2025-07-05T19:00:00,sd,351848,1.368360e-05,1.892444e-04,9.221033e-06
persistence,val,458,2025-07-05T14:00:00,2025-07-05T20:00:00,swvl1,351848,3.586312e-03,9.499077e-03,3.317583e-04
persistence,val,458,2025-07-05T14:00:00,2025-07-05T20:00:00,stl1,351848,3.342091e+00,5.033531e+00,1.170878e+00
persistence,val,458,2025-07-05T14:00:00,2025-07-05T20:00:00,sd,351848,1.378056e-05,1.895233e-04,9.511690e-06
persistence,val,459,2025-07-05T15:00:00,2025-07-05T21:00:00,swvl1,351848,3.555619e-03,9.492428e-03,3.274105e-04
persistence,val,459,2025-07-05T15:00:00,2025-07-05T21:00:00,stl1,351848,3.031190e+00,4.774346e+00,1.314919e+00
persistence,val,459,2025-07-05T15:00:00,2025-07-05T21:00:00,sd,351848,1.322625e-05,1.809500e-04,9.396910e-06
persistence,val,460,2025-07-05T16:00:00,2025-07-05T22:00:00,swvl1,351848,3.877429e-03,9.588426e-03,1.664023e-04
persistence,val,460,2025-07-05T16:00:00,2025-07-05T22:00:00,stl1,351848,2.846438e+00,4.631390e+00,1.396144e+00
persistence,val,460,2025-07-05T16:00:00,2025-07-05T22:00:00,sd,351848,1.088485e-05,1.449554e-04,7.353734e-06
persistence,val,461,2025-07-05T17:00:00,2025-07-05T23:00:00,swvl1,351848,3.826199e-03,9.566282e-03,1.256182e-04
persistence,val,461,2025-07-05T17:00:00,2025-07-05T23:00:00,stl1,351848,2.468264e+00,4.007228e+00,1.232748e+00
persistence,val,461,2025-07-05T17:00:00,2025-07-05T23:00:00,sd,351848,9.821280e-06,1.320178e-04,6.505381e-06
persistence,val,462,2025-07-05T18:00:00,2025-07-06T00:00:00,swvl1,351848,3.822749e-03,9.753558e-03,4.432327e-05
persistence,val,462,2025-07-05T18:00:00,2025-07-06T00:00:00,stl1,351848,2.321632e+00,3.684320e+00,1.227595e+00
persistence,val,462,2025-07-05T18:00:00,2025-07-06T00:00:00,sd,351848,1.279284e-05,1.744163e-04,6.307549e-06
persistence,val,463,2025-07-05T19:00:00,2025-07-06T01:00:00,swvl1,351848,3.913803e-03,1.017016e-02,1.764871e-06
persistence,val,463,2025-07-05T19:00:00,2025-07-06T01:00:00,stl1,351848,2.288922e+00,3.517435e+00,1.189098e+00
persistence,val,463,2025-07-05T19:00:00,2025-07-06T01:00:00,sd,351848,1.231501e-05,1.749592e-04,5.351438e-06
persistence,val,464,2025-07-05T20:00:00,2025-07-06T02:00:00,swvl1,351848,4.049531e-03,1.056927e-02,3.665726e-05
persistence,val,464,2025-07-05T20:00:00,2025-07-06T02:00:00,stl1,351848,2.328503e+00,3.518976e+00,5.680859e-01
persistence,val,464,2025-07-05T20:00:00,2025-07-06T02:00:00,sd,351848,1.229537e-05,1.811321e-04,4.772497e-06
persistence,val,465,2025-07-05T21:00:00,2025-07-06T03:00:00,swvl1,351848,4.207396e-03,1.088170e-02,1.338978e-04
persistence,val,465,2025-07-05T21:00:00,2025-07-06T03:00:00,stl1,351848,2.461422e+00,3.715285e+00,3.522197e-01
persistence,val,465,2025-07-05T21:00:00,2025-07-06T03:00:00,sd,351848,1.287336e-05,1.923197e-04,4.644332e-06
persistence,val,466,2025-07-05T22:00:00,2025-07-06T04:00:00,swvl1,351848,3.388776e-03,9.525558e-03,3.917485e-04
persistence,val,466,2025-07-05T22:00:00,2025-07-06T04:00:00,stl1,351848,2.316826e+00,3.741125e+00,1.842730e-01
persistence,val,466,2025-07-05T22:00:00,2025-07-06T04:00:00,sd,351848,1.355133e-05,2.018370e-04,6.464962e-06
persistence,val,467,2025-07-05T23:00:00,2025-07-06T05:00:00,swvl1,351848,3.482420e-03,9.544651e-03,5.370960e-04
persistence,val,467,2025-07-05T23:00:00,2025-07-06T05:00:00,stl1,351848,2.603994e+00,4.186970e+00,-3.639536e-01
persistence,val,467,2025-07-05T23:00:00,2025-07-06T05:00:00,sd,351848,1.469817e-05,2.133686e-04,7.148066e-06
persistence,val,468,2025-07-06T00:00:00,2025-07-06T06:00:00,swvl1,351848,3.560730e-03,9.464030e-03,6.949699e-04
persistence,val,468,2025-07-06T00:00:00,2025-07-06T06:00:00,stl1,351848,2.727630e+00,4.447387e+00,-6.590427e-01
persistence,val,468,2025-07-06T00:00:00,2025-07-06T06:00:00,sd,351848,1.144085e-05,1.876298e-04,7.050565e-06
persistence,val,469,2025-07-06T01:00:00,2025-07-06T07:00:00,swvl1,351848,3.649047e-03,9.418301e-03,7.992626e-04
persistence,val,469,2025-07-06T01:00:00,2025-07-06T07:00:00,stl1,351848,2.832384e+00,4.649233e+00,-1.013364e+00
persistence,val,469,2025-07-06T01:00:00,2025-07-06T07:00:00,sd,351848,1.289899e-05,2.046951e-04,7.684916e-06
persistence,val,470,2025-07-06T02:00:00,2025-07-06T08:00:00,swvl1,351848,3.703575e-03,9.373905e-03,8.449328e-04
persistence,val,470,2025-07-06T02:00:00,2025-07-06T08:00:00,stl1,351848,2.818855e+00,4.665867e+00,-1.138119e+00
persistence,val,470,2025-07-06T02:00:00,2025-07-06T08:00:00,sd,351848,1.399243e-05,2.173285e-04,7.924654e-06
persistence,val,471,2025-07-06T03:00:00,2025-07-06T09:00:00,swvl1,351848,3.725146e-03,9.385131e-03,8.236072e-04
persistence,val,471,2025-07-06T03:00:00,2025-07-06T09:00:00,stl1,351848,2.959829e+00,4.987795e+00,-1.346310e+00
persistence,val,471,2025-07-06T03:00:00,2025-07-06T09:00:00,sd,351848,1.455881e-05,2.234751e-04,7.911324e-06
persistence,val,472,2025-07-06T04:00:00,2025-07-06T10:00:00,swvl1,351848,4.217312e-03,9.735107e-03,6.422510e-04
persistence,val,472,2025-07-06T04:00:00,2025-07-06T10:00:00,stl1,351848,3.225441e+00,5.473299e+00,-1.488507e+00
persistence,val,472,2025-07-06T04:00:00,2025-07-06T10:00:00,sd,351848,2.098340e-05,4.094530e-04,1.426929e-05
persistence,val,473,2025-07-06T05:00:00,2025-07-06T11:00:00,swvl1,351848,4.192326e-03,9.822288e-03,5.264525e-04
persistence,val,473,2025-07-06T05:00:00,2025-07-06T11:00:00,stl1,351848,3.044593e+00,5.334090e+00,-1.251582e+00
persistence,val,473,2025-07-06T05:00:00,2025-07-06T11:00:00,sd,351848,2.047713e-05,4.084292e-04,1.364790e-05
persistence,val,474,2025-07-06T06:00:00,2025-07-06T12:00:00,swvl1,351848,4.147045e-03,9.977203e-03,3.982666e-04
persistence,val,474,2025-07-06T06:00:00,2025-07-06T12:00:00,stl1,351848,3.002633e+00,5.377240e+00,-1.221005e+00
persistence,val,474,2025-07-06T06:00:00,2025-07-06T12:00:00,sd,351848,1.947146e-05,4.036530e-04,1.291638e-05
persistence,val,475,2025-07-06T07:00:00,2025-07-06T13:00:00,swvl1,351848,4.167839e-03,1.028306e-02,2.537321e-04
persistence,val,475,2025-07-06T07:00:00,2025-07-06T13:00:00,stl1,351848,2.882123e+00,5.113860e+00,-1.056800e+00
persistence,val,475,2025-07-06T07:00:00,2025-07-06T13:00:00,sd,351848,1.847354e-05,3.991794e-04,1.242960e-05
persistence,val,476,2025-07-06T08:00:00,2025-07-06T14:00:00,swvl1,351848,4.190956e-03,1.053239e-02,1.161875e-04
persistence,val,476,2025-07-06T08:00:00,2025-07-06T14:00:00,stl1,351848,2.692931e+00,4.507178e+00,-5.957430e-01
persistence,val,476,2025-07-06T08:00:00,2025-07-06T14:00:00,sd,351848,1.771462e-05,3.952959e-04,1.245328e-05
persistence,val,477,2025-07-06T09:00:00,2025-07-06T15:00:00,swvl1,351848,4.233404e-03,1.080111e-02,2.119979e-05
persistence,val,477,2025-07-06T09:00:00,2025-07-06T15:00:00,stl1,351848,2.670859e+00,4.278014e+00,-3.145377e-01
persistence,val,477,2025-07-06T09:00:00,2025-07-06T15:00:00,sd,351848,1.730031e-05,3.886904e-04,1.270514e-05
persistence,val,478,2025-07-06T10:00:00,2025-07-06T16:00:00,swvl1,351848,3.342074e-03,9.142388e-03,8.616912e-05
persistence,val,478,2025-07-06T10:00:00,2025-07-06T16:00:00,stl1,351848,2.562565e+00,4.025072e+00,-3.884846e-02
persistence,val,478,2025-07-06T10:00:00,2025-07-06T16:00:00,sd,351848,1.102396e-05,1.613598e-04,6.674557e-06
persistence,val,479,2025-07-06T11:00:00,2025-07-06T17:00:00,swvl1,351848,3.346535e-03,9.154433e-03,6.205760e-05
persistence,val,479,2025-07-06T11:00:00,2025-07-06T17:00:00,stl1,351848,2.978291e+00,4.495518e+00,4.338150e-01
persistence,val,479,2025-07-06T11:00:00,2025-07-06T17:00:00,sd,351848,1.152132e-05,1.627481e-04,7.539502e-06
persistence,val,480,2025-07-06T12:00:00,2025-07-06T18:00:00,swvl1,351848,3.399779e-03,9.221209e-03,7.013967e-05
persistence,val,480,2025-07-06T12:00:00,2025-07-06T18:00:00,stl1,351848,3.214011e+00,4.819528e+00,6.911635e-01
persistence,val,480,2025-07-06T12:00:00,2025-07-06T18:00:00,sd,351848,1.227529e-05,1.700030e-04,8.496475e-06
persistence,val,481,2025-07-06T13:00:00,2025-07-06T19:00:00,swvl1,351848,3.473294e-03,9.402838e-03,9.430998e-05
persistence,val,481,2025-07-06T13:00:00,2025-07-06T19:00:00,stl1,351848,3.369026e+00,5.031020e+00,9.214775e-01
persistence,val,481,2025-07-06T13:00:00,2025-07-06T19:00:00,sd,351848,1.292743e-05,1.791914e-04,9.071431e-06
persistence,val,482,2025-07-06T14:00:00,2025-07-06T20:00:00,swvl1,351848,3.516221e-03,9.645125e-03,9.665677e-05
persistence,val,482,2025-07-06T14:00:00,2025-07-06T20:00:00,stl1,351848,3.378591e+00,5.106286e+00,1.184478e+00
persistence,val,482,2025-07-06T14:00:00,2025-07-06T20:00:00,sd,351848,1.323661e-05,1.861978e-04,8.997904e-06
persistence,val,483,2025-07-06T15:00:00,2025-07-06T21:00:00,swvl1,351848,3.545849e-03,9.980746e-03,5.560161e-05
persistence,val,483,2025-07-06T15:00:00,2025-07-06T21:00:00,stl1,351848,3.088332e+00,4.852621e+00,1.334541e+00
persistence,val,483,2025-07-06T15:00:00,2025-07-06T21:00:00,sd,351848,1.303829e-05,1.822445e-04,8.473888e-06
persistence,val,484,2025-07-06T16:00:00,2025-07-06T22:00:00,swvl1,351848,4.002626e-03,1.054299e-02,-1.341173e-04
persistence,val,484,2025-07-06T16:00:00,2025-07-06T22:00:00,stl1,351848,2.885134e+00,4.696894e+00,1.345378e+00
persistence,val,484,2025-07-06T16:00:00,2025-07-06T22:00:00,sd,351848,1.272128e-05,1.756408e-04,7.433292e-06
persistence,val,485,2025-07-06T17:00:00,2025-07-06T23:00:00,swvl1,351848,3.977764e-03,1.060214e-02,-1.604726e-04
persistence,val,485,2025-07-06T17:00:00,2025-07-06T23:00:00,stl1,351848,2.492555e+00,4.052317e+00,1.162776e+00
persistence,val,485,2025-07-06T17:00:00,2025-07-06T23:00:00,sd,351848,1.193119e-05,1.662583e-04,5.840147e-06
persistence,val,486,2025-07-06T18:00:00,2025-07-07T00:00:00,swvl1,351848,3.967027e-03,1.061574e-02,-1.950970e-04
persistence,val,486,2025-07-06T18:00:00,2025-07-07T00:00:00,stl1,351848,2.333503e+00,3.709093e+00,1.177106e+00
persistence,val,486,2025-07-06T18:00:00,2025-07-07T00:00:00,sd,351848,1.421551e-05,2.226146e-04,6.132346e-06
persistence,val,487,2025-07-06T19:00:00,2025-07-07T01:00:00,swvl1,351848,4.037624e-03,1.071116e-02,-1.890130e-04
persistence,val,487,2025-07-06T19:00:00,2025-07-07T01:00:00,stl1,351848,2.309406e+00,3.570905e+00,1.133851e+00
persistence,val,487,2025-07-06T19:00:00,2025-07-07T01:00:00,sd,351848,1.360028e-05,2.200258e-04,4.515596e-06
persistence,val,488,2025-07-06T20:00:00,2025-07-07T02:00:00,swvl1,351848,4.132707e-03,1.082379e-02,-1.174869e-04
persistence,val,488,2025-07-06T20:00:00,2025-07-07T02:00:00,stl1,351848,2.323313e+00,3.576218e+00,5.254676e-01
persistence,val,488,2025-07-06T20:00:00,2025-07-07T02:00:00,sd,351848,1.348694e-05,2.220353e-04,3.349472e-06
persistence,val,489,2025-07-06T21:00:00,2025-07-07T03:00:00,swvl1,351848,4.272508e-03,1.107204e-02,3.545283e-05
persistence,val,489,2025-07-06T21:00:00,2025-07-07T03:00:00,stl1,351848,2.476489e+00,3.831370e+00,3.038407e-01
persistence,val,489,2025-07-06T21:00:00,2025-07-07T03:00:00,sd,351848,1.373395e-05,2.261974e-04,2.720946e-06
persistence,val,490,2025-07-06T22:00:00,2025-07-07T04:00:00,swvl1,351848,3.380870e-03,9.411517e-03,3.370430e-04
persistence,val,490,2025-07-06T22:00:00,2025-07-07T04:00:00,stl1,351848,2.344968e+00,3.821330e+00,1.566150e-01
persistence,val,490,2025-07-06T22:00:00,2025-07-07T04:00:00,sd,351848,1.373525e-05,2.264595e-04,2.434351e-06
persistence,val,491,2025-07-06T23:00:00,2025-07-07T05:00:00,swvl1,351848,3.407407e-03,9.353080e-03,4.947062e-04
persistence,val,491,2025-07-06T23:00:00,2025-07-07T05:00:00,stl1,351848,2.646657e+00,4.265739e+00,-3.444773e-01
persistence,val,491,2025-07-06T23:00:00,2025-07-07T05:00:00,sd,351848,1.438414e-05,2.311500e-04,2.712082e-06
persistence,val,492,2025-07-07T00:00:00,2025-07-07T06:00:00,swvl1,351848,3.437656e-03,9.269600e-03,6.487476e-04
persistence,val,492,2025-07-07T00:00:00,2025-07-07T06:00:00,stl1,351848,2.772831e+00,4.495154e+00,-6.497913e-01
persistence,val,492,2025-07-07T00:00:00,2025-07-07T06:00:00,sd,351848,1.120519e-05,1.783447e-04,1.118975e-06
persistence,val,493,2025-07-07T01:00:00,2025-07-07T07:00:00,swvl1,351848,3.486095e-03,9.242349e-03,7.354577e-04
persistence,val,493,2025-07-07T01:00:00,2025-07-07T07:00:00,stl1,351848,2.901652e+00,4.686166e+00,-9.827623e-01
persistence,val,493,2025-07-07T01:00:00,2025-07-07T07:00:00,sd,351848,1.166225e-05,1.815305e-04,1.637158e-06
persistence,val,494,2025-07-07T02:00:00,2025-07-07T08:00:00,swvl1,351848,3.525338e-03,9.168977e-03,7.561984e-04
persistence,val,494,2025-07-07T02:00:00,2025-07-07T08:00:00,stl1,351848,2.860459e+00,4.668660e+00,-1.074022e+00
persistence,val,494,2025-07-07T02:00:00,2025-07-07T08:00:00,sd,351848,1.188371e-05,1.819052e-04,2.114526e-06
persistence,val,495,2025-07-07T03:00:00,2025-07-07T09:00:00,swvl1,351848,3.553227e-03,9.123584e-03,7.080638e-04
persistence,val,495,2025-07-07T03:00:00,2025-07-07T09:00:00,stl1,351848,2.982969e+00,4.975880e+00,-1.292103e+00
persistence,val,495,2025-07-07T03:00:00,2025-07-07T09:00:00,sd,351848,1.191905e-05,1.800105e-04,2.279529e-06
persistence,val,496,2025-07-07T04:00:00,2025-07-07T10:00:00,swvl1,351848,4.053651e-03,9.572813e-03,4.268976e-04
persistence,val,496,2025-07-07T04:00:00,2025-07-07T10:00:00,stl1,351848,3.293878e+00,5.493308e+00,-1.412573e+00
persistence,val,496,2025-07-07T04:00:00,2025-07-07T10:00:00,sd,351848,1.413352e-05,2.457084e-04,5.640322e-06
persistence,val,497,2025-07-07T05:00:00,2025-07-07T11:00:00,swvl1,351848,4.056683e-03,9.734577e-03,3.046332e-04
persistence,val,497,2025-07-07T05:00:00,2025-07-07T11:00:00,stl1,351848,3.052191e+00,5.299010e+00,-1.230537e+00
persistence,val,497,2025-07-07T05:00:00,2025-07-07T11:00:00,sd,351848,1.414668e-05,2.461053e-04,5.626401e-06
persistence,val,498,2025-07-07T06:00:00,2025-07-07T12:00:00,swvl1,351848,4.052511e-03,9.913954e-03,1.535071e-04
persistence,val,498,2025-07-07T06:00:00,2025-07-07T12:00:00,stl1,351848,3.023787e+00,5.342356e+00,-1.198359e+00
persistence,val,498,2025-07-07T06:00:00,2025-07-07T12:00:00,sd,351848,1.417716e-05,2.455292e-04,5.671298e-06
persistence,val,499,2025-07-07T07:00:00,2025-07-07T13:00:00,swvl1,351848,4.084275e-03,1.026361e-02,4.439127e-05
persistence,val,499,2025-07-07T07:00:00,2025-07-07T13:00:00,stl1,351848,2.910767e+00,5.118280e+00,-1.054484e+00
persistence,val,499,2025-07-07T07:00:00,2025-07-07T13:00:00,sd,351848,1.436061e-05,2.456042e-04,5.871420e-06
persistence,val,500,2025-07-07T08:00:00,2025-07-07T14:00:00,swvl1,351848,4.135807e-03,1.059536e-02,-6.244672e-05
persistence,val,500,2025-07-07T08:00:00,2025-07-07T14:00:00,stl1,351848,2.723174e+00,4.548640e+00,-6.332424e-01
persistence,val,500,2025-07-07T08:00:00,2025-07-07T14:00:00,sd,351848,1.485615e-05,2.486741e-04,6.390698e-06
persistence,val,501,2025-07-07T09:00:00,2025-07-07T15:00:00,swvl1,351848,4.210940e-03,1.089773e-02,-1.373132e-04
persistence,val,501,2025-07-07T09:00:00,2025-07-07T15:00:00,stl1,351848,2.728846e+00,4.357373e+00,-3.815812e-01
persistence,val,501,2025-07-07T09:00:00,2025-07-07T15:00:00,sd,351848,1.556864e-05,2.539967e-04,7.339041e-06
persistence,val,502,2025-07-07T10:00:00,2025-07-07T16:00:00,swvl1,351848,3.402048e-03,9.439401e-03,3.461184e-05
persistence,val,502,2025-07-07T10:00:00,2025-07-07T16:00:00,stl1,351848,2.580755e+00,4.054511e+00,-1.639698e-01
persistence,val,502,2025-07-07T10:00:00,2025-07-07T16:00:00,sd,351848,1.270837e-05,1.688027e-04,5.305210e-06
persistence,val,503,2025-07-07T11:00:00,2025-07-07T17:00:00,swvl1,351848,3.466422e-03,9.567438e-03,4.124349e-05
persistence,val,503,2025-07-07T11:00:00,2025-07-07T17:00:00,stl1,351848,3.029015e+00,4.558656e+00,3.157045e-01
persistence,val,503,2025-07-07T11:00:00,2025-07-07T17:00:00,sd,351848,1.357432e-05,1.821075e-04,6.728021e-06
persistence,val,504,2025-07-07T12:00:00,2025-07-07T18:00:00,swvl1,351848,3.555955e-03,9.796365e-03,5.369180e-05
persistence,val,504,2025-07-07T12:00:00,2025-07-07T18:00:00,stl1,351848,3.253314e+00,4.850918e+00,5.795931e-01
persistence,val,504,2025-07-07T12:00:00,2025-07-07T18:00:00,sd,351848,1.445570e-05,1.955464e-04,8.097103e-06
persistence,val,505,2025-07-07T13:00:00,2025-07-07T19:00:00,swvl1,351848,3.644004e-03,1.000381e-02,4.818920e-05
persistence,val,505,2025-07-07T13:00:00,2025-07-07T19:00:00,stl1,351848,3.396538e+00,5.084894e+00,8.072767e-01
persistence,val,505,2025-07-07T13:00:00,2025-07-07T19:00:00,sd,351848,1.517879e-05,2.061821e-04,9.126754e-06
persistence,val,506,2025-07-07T14:00:00,2025-07-07T20:00:00,swvl1,351848,3.661966e-03,1.015783e-02,3.604657e-05
persistence,val,506,2025-07-07T14:00:00,2025-07-07T20:00:00,stl1,351848,3.408845e+00,5.143393e+00,1.069028e+00
persistence,val,506,2025-07-07T14:00:00,2025-07-07T20:00:00,sd,351848,1.542281e-05,2.091832e-04,9.394817e-06
persistence,val,507,2025-07-07T15:00:00,2025-07-07T21:00:00,swvl1,351848,3.625923e-03,1.021447e-02,-3.981419e-06
persistence,val,507,2025-07-07T15:00:00,2025-07-07T21:00:00,stl1,351848,3.108889e+00,4.865478e+00,1.254439e+00
persistence,val,507,2025-07-07T15:00:00,2025-07-07T21:00:00,sd,351848,1.515091e-05,2.030212e-04,8.723019e-06
persistence,val,508,2025-07-07T16:00:00,2025-07-07T22:00:00,swvl1,351848,4.001403e-03,1.056945e-02,-2.672574e-04
persistence,val,508,2025-07-07T16:00:00,2025-07-07T22:00:00,stl1,351848,2.875614e+00,4.636017e+00,1.250748e+00
persistence,val,508,2025-07-07T16:00:00,2025-07-07T22:00:00,sd,351848,1.463127e-05,1.929521e-04,6.903045e-06
persistence,val,509,2025-07-07T17:00:00,2025-07-07T23:00:00,swvl1,351848,3.940787e-03,1.054508e-02,-3.339005e-04
persistence,val,509,2025-07-07T17:00:00,2025-07-07T23:00:00,stl1,351848,2.454212e+00,3.980115e+00,1.099363e+00
persistence,val,509,2025-07-07T17:00:00,2025-07-07T23:00:00,sd,351848,1.375261e-05,1.812588e-04,5.186156e-06
persistence,val,510,2025-07-07T18:00:00,2025-07-08T00:00:00,swvl1,351848,3.900164e-03,1.064616e-02,-3.845223e-04
persistence,val,510,2025-07-07T18:00:00,2025-07-08T00:00:00,stl1,351848,2.308493e+00,3.664257e+00,1.137035e+00
persistence,val,510,2025-07-07T18:00:00,2025-07-08T00:00:00,sd,351848,1.702419e-05,2.052353e-04,4.755497e-06
persistence,val,511,2025-07-07T19:00:00,2025-07-08T01:00:00,swvl1,351848,3.971109e-03,1.092025e-02,-3.786144e-04
persistence,val,511,2025-07-07T19:00:00,2025-07-08T01:00:00,stl1,351848,2.265624e+00,3.552807e+00,1.131391e+00
persistence,val,511,2025-07-07T19:00:00,2025-07-08T01:00:00,sd,351848,1.655958e-05,2.068853e-04,2.907152e-06
persistence,val,512,2025-07-07T20:00:00,2025-07-08T02:00:00,swvl1,351848,4.088038e-03,1.123699e-02,-3.068947e-04
persistence,val,512,2025-07-07T20:00:00,2025-07-08T02:00:00,stl1,351848,2.343697e+00,3.591401e+00,5.497429e-01
persistence,val,512,2025-07-07T20:00:00,2025-07-08T02:00:00,sd,351848,1.652260e-05,2.132074e-04,1.374529e-06
persistence,val,513,2025-07-07T21:00:00,2025-07-08T03:00:00,swvl1,351848,4.232172e-03,1.156433e-02,-1.806560e-04
persistence,val,513,2025-07-07T21:00:00,2025-07-08T03:00:00,stl1,351848,2.528358e+00,3.866587e+00,3.555338e-01
persistence,val,513,2025-07-07T21:00:00,2025-07-08T03:00:00,sd,351848,1.712159e-05,2.271994e-04,9.374711e-08
persistence,val,514,2025-07-07T22:00:00,2025-07-08T04:00:00,swvl1,351848,3.389674e-03,9.964234e-03,1.666832e-04
persistence,val,514,2025-07-07T22:00:00,2025-07-08T04:00:00,stl1,351848,2.393744e+00,3.845216e+00,2.765169e-01
persistence,val,514,2025-07-07T22:00:00,2025-07-08T04:00:00,sd,351848,1.782458e-05,2.392049e-04,-1.087387e-07
persistence,val,515,2025-07-07T23:00:00,2025-07-08T05:00:00,swvl1,351848,3.456117e-03,9.773550e-03,3.254550e-04
persistence,val,515,2025-07-07T23:00:00,2025-07-08T05:00:00,stl1,351848,2.728559e+00,4.277923e+00,-2.745154e-01
persistence,val,515,2025-07-07T23:00:00,2025-07-08T05:00:00,sd,351848,1.818017e-05,2.454038e-04,-3.819137e-07
persistence,val,516,2025-07-08T00:00:00,2025-07-08T06:00:00,swvl1,351848,3.554900e-03,9.634046e-03,4.559631e-04
persistence,val,516,2025-07-08T00:00:00,2025-07-08T06:00:00,stl1,351848,2.847583e+00,4.538018e+00,-5.921059e-01
persistence,val,516,2025-07-08T00:00:00,2025-07-08T06:00:00,sd,351848,1.332030e-05,2.240035e-04,-1.888148e-06
persistence,val,517,2025-07-08T01:00:00,2025-07-08T07:00:00,swvl1,351848,3.675639e-03,9.657879e-03,5.220058e-04
persistence,val,517,2025-07-08T01:00:00,2025-07-08T07:00:00,stl1,351848,2.940662e+00,4.711959e+00,-9.313979e-01
persistence,val,517,2025-07-08T01:00:00,2025-07-08T07:00:00,sd,351848,1.324758e-05,2.173153e-04,-1.749141e-06
persistence,val,518,2025-07-08T02:00:00,2025-07-08T08:00:00,swvl1,351848,3.772369e-03,9.738153e-03,5.288735e-04
persistence,val,518,2025-07-08T02:00:00,2025-07-08T08:00:00,stl1,351848,2.852959e+00,4.627984e+00,-1.036595e+00
persistence,val,518,2025-07-08T02:00:00,2025-07-08T08:00:00,sd,351848,1.301479e-05,2.084898e-04,-1.423142e-06
persistence,val,519,2025-07-08T03:00:00,2025-07-08T09:00:00,swvl1,351848,3.825509e-03,9.811055e-03,4.810135e-04
persistence,val,519,2025-07-08T03:00:00,2025-07-08T09:00:00,stl1,351848,2.952762e+00,4.912248e+00,-1.295488e+00
persistence,val,519,2025-07-08T03:00:00,2025-07-08T09:00:00,sd,351848,1.232399e-05,1.877562e-04,-7.134804e-07
persistence,val,520,2025-07-08T04:00:00,2025-07-08T10:00:00,swvl1,351848,4.213707e-03,1.005240e-02,3.150831e-04
persistence,val,520,2025-07-08T04:00:00,2025-07-08T10:00:00,stl1,351848,3.221419e+00,5.398165e+00,-1.494015e+00
persistence,val,520,2025-07-08T04:00:00,2025-07-08T10:00:00,sd,351848,1.349615e-05,2.367036e-04,2.458507e-06
persistence,val,521,2025-07-08T05:00:00,2025-07-08T11:00:00,swvl1,351848,4.221213e-03,1.020202e-02,2.005452e-04
persistence,val,521,2025-07-08T05:00:00,2025-07-08T11:00:00,stl1,351848,2.975628e+00,5.223132e+00,-1.259444e+00
persistence,val,521,2025-07-08T05:00:00,2025-07-08T11:00:00,sd,351848,1.363265e-05,2.419180e-04,2.757261e-06
persistence,val,522,2025-07-08T06:00:00,2025-07-08T12:00:00,swvl1,351848,4.207316e-03,1.029764e-02,1.125959e-04
persistence,val,522,2025-07-08T06:00:00,2025-07-08T12:00:00,stl1,351848,2.967687e+00,5.310537e+00,-1.263242e+00
persistence,val,522,2025-07-08T06:00:00,2025-07-08T12:00:00,sd,351848,1.394984e-05,2.492571e-04,3.047661e-06
persistence,val,523,2025-07-08T07:00:00,2025-07-08T13:00:00,swvl1,351848,4.235419e-03,1.049748e-02,3.474035e-05
persistence,val,523,2025-07-08T07:00:00,2025-07-08T13:00:00,stl1,351848,2.863541e+00,5.117976e+00,-1.142816e+00
persistence,val,523,2025-07-08T07:00:00,2025-07-08T13:00:00,sd,351848,1.466800e-05,2.599443e-04,3.287318e-06
persistence,val,524,2025-07-08T08:00:00,2025-07-08T14:00:00,swvl1,351848,4.249071e-03,1.069789e-02,-2.894093e-05
persistence,val,524,2025-07-08T08:00:00,2025-07-08T14:00:00,stl1,351848,2.733453e+00,4.588332e+00,-7.618838e-01
persistence,val,524,2025-07-08T08:00:00,2025-07-08T14:00:00,sd,351848,1.582507e-05,2.752046e-04,3.564976e-06
persistence,val,525,2025-07-08T09:00:00,2025-07-08T15:00:00,swvl1,351848,4.281302e-03,1.081877e-02,-4.177573e-05
persistence,val,525,2025-07-08T09:00:00,2025-07-08T15:00:00,stl1,351848,2.734826e+00,4.371214e+00,-4.596560e-01
persistence,val,525,2025-07-08T09:00:00,2025-07-08T15:00:00,sd,351848,1.715315e-05,2.859178e-04,3.720842e-06
persistence,val,526,2025-07-08T10:00:00,2025-07-08T16:00:00,swvl1,351848,3.472507e-03,9.314198e-03,4.061229e-05
persistence,val,526,2025-07-08T10:00:00,2025-07-08T16:00:00,stl1,351848,2.591370e+00,4.074281e+00,-1.699094e-01
persistence,val,526,2025-07-08T10:00:00,2025-07-08T16:00:00,sd,351848,1.428952e-05,1.830715e-04,1.315333e-06
persistence,val,527,2025-07-08T11:00:00,2025-07-08T17:00:00,swvl1,351848,3.496558e-03,9.337883e-03,4.372115e-05
persistence,val,527,2025-07-08T11:00:00,2025-07-08T17:00:00,stl1,351848,3.016821e+00,4.546223e+00,3.324544e-01
persistence,val,527,2025-07-08T11:00:00,2025-07-08T17:00:00,sd,351848,1.536126e-05,1.970662e-04,1.721145e-06
persistence,val,528,2025-07-08T12:00:00,2025-07-08T18:00:00,swvl1,351848,3.579924e-03,9.618411e-03,3.750822e-05
persistence,val,528,2025-07-08T12:00:00,2025-07-08T18:00:00,stl1,351848,3.222242e+00,4.838307e+00,6.088363e-01
persistence,val,528,2025-07-08T12:00:00,2025-07-08T18:00:00,sd,351848,1.631685e-05,2.101513e-04,2.176301e-06
persistence,val,529,2025-07-08T13:00:00,2025-07-08T19:00:00,swvl1,351848,3.653550e-03,9.963042e-03,1.394921e-05
persistence,val,529,2025-07-08T13:00:00,2025-07-08T19:00:00,stl1,351848,3.370873e+00,5.058792e+00,8.148560e-01
persistence,val,529,2025-07-08T13:00:00,2025-07-08T19:00:00,sd,351848,1.683630e-05,2.170304e-04,2.605412e-06
persistence,val,530,2025-07-08T14:00:00,2025-07-08T20:00:00,swvl1,351848,3.714409e-03,1.032184e-02,-3.817136e-05
persistence,val,530,2025-07-08T14:00:00,2025-07-08T20:00:00,stl1,351848,3.311166e+00,5.072950e+00,1.128320e+00
persistence,val,530,2025-07-08T14:00:00,2025-07-08T20:00:00,sd,351848,1.684453e-05,2.177873e-04,2.719875e-06
persistence,val,531,2025-07-08T15:00:00,2025-07-08T21:00:00,swvl1,351848,3.744478e-03,1.064714e-02,-1.499080e-04
persistence,val,531,2025-07-08T15:00:00,2025-07-08T21:00:00,stl1,351848,3.035147e+00,4.832552e+00,1.296273e+00
persistence,val,531,2025-07-08T15:00:00,2025-07-08T21:00:00,sd,351848,1.622553e-05,2.090347e-04,2.675507e-06
persistence,val,532,2025-07-08T16:00:00,2025-07-08T22:00:00,swvl1,351848,4.089838e-03,1.076307e-02,-3.957799e-04
persistence,val,532,2025-07-08T16:00:00,2025-07-08T22:00:00,stl1,351848,2.870827e+00,4.636090e+00,1.317127e+00
persistence,val,532,2025-07-08T16:00:00,2025-07-08T22:00:00,sd,351848,1.457526e-05,1.791962e-04,3.157784e-06
persistence,val,533,2025-07-08T17:00:00,2025-07-08T23:00:00,swvl1,351848,4.037387e-03,1.077966e-02,-4.711713e-04
persistence,val,533,2025-07-08T17:00:00,2025-07-08T23:00:00,stl1,351848,2.452550e+00,3.980375e+00,1.127184e+00
persistence,val,533,2025-07-08T17:00:00,2025-07-08T23:00:00,sd,351848,1.315711e-05,1.629141e-04,2.628941e-06
persistence,val,534,2025-07-08T18:00:00,2025-07-09T00:00:00,swvl1,351848,3.984675e-03,1.082797e-02,-5.287278e-04
persistence,val,534,2025-07-08T18:00:00,2025-07-09T00:00:00,stl1,351848,2.274959e+00,3.640176e+00,1.147357e+00
persistence,val,534,2025-07-08T18:00:00,2025-07-09T00:00:00,sd,351848,1.933315e-05,2.115788e-04,9.850039e-06
persistence,val,535,2025-07-08T19:00:00,2025-07-09T01:00:00,swvl1,351848,4.052112e-03,1.104897e-02,-5.119407e-04
persistence,val,535,2025-07-08T19:00:00,2025-07-09T01:00:00,stl1,351848,2.272559e+00,3.554729e+00,1.147461e+00
persistence,val,535,2025-07-08T19:00:00,2025-07-09T01:00:00,sd,351848,1.911741e-05,2.173609e-04,8.930408e-06
persistence,val,536,2025-07-08T20:00:00,2025-07-09T02:00:00,swvl1,351848,4.157516e-03,1.124351e-02,-4.259615e-04
persistence,val,536,2025-07-08T20:00:00,2025-07-09T02:00:00,stl1,351848,2.392584e+00,3.636715e+00,5.606866e-01
persistence,val,536,2025-07-08T20:00:00,2025-07-09T02:00:00,sd,351848,1.909639e-05,2.288985e-04,8.249190e-06
persistence,val,537,2025-07-08T21:00:00,2025-07-09T03:00:00,swvl1,351848,4.280385e-03,1.141365e-02,-2.485784e-04
persistence,val,537,2025-07-08T21:00:00,2025-07-09T03:00:00,stl1,351848,2.599384e+00,3.920312e+00,3.832042e-01
persistence,val,537,2025-07-08T21:00:00,2025-07-09T03:00:00,sd,351848,1.927328e-05,2.402100e-04,7.965515e-06
persistence,val,538,2025-07-08T22:00:00,2025-07-09T04:00:00,swvl1,351848,3.394237e-03,9.632234e-03,7.550543e-05
persistence,val,538,2025-07-08T22:00:00,2025-07-09T04:00:00,stl1,351848,2.455566e+00,3.881359e+00,2.614557e-01
persistence,val,538,2025-07-08T22:00:00,2025-07-09T04:00:00,sd,351848,1.761305e-05,2.275555e-04,7.088636e-06
persistence,val,539,2025-07-08T23:00:00,2025-07-09T05:00:00,swvl1,351848,3.486831e-03,9.588074e-03,2.576142e-04
persistence,val,539,2025-07-08T23:00:00,2025-07-09T05:00:00,stl1,351848,2.759440e+00,4.273604e+00,-2.839964e-01
persistence,val,539,2025-07-08T23:00:00,2025-07-09T05:00:00,sd,351848,1.732595e-05,2.213822e-04,7.141965e-06
persistence,val,540,2025-07-09T00:00:00,2025-07-09T06:00:00,swvl1,351848,3.616076e-03,9.663201e-03,4.150181e-04
persistence,val,540,2025-07-09T00:00:00,2025-07-09T06:00:00,stl1,351848,2.888257e+00,4.530726e+00,-6.275669e-01
persistence,val,540,2025-07-09T00:00:00,2025-07-09T06:00:00,sd,351848,8.539945e-06,1.590142e-04,-6.359907e-07
persistence,val,541,2025-07-09T01:00:00,2025-07-09T07:00:00,swvl1,351848,3.754612e-03,9.870061e-03,5.058955e-04
persistence,val,541,2025-07-09T01:00:00,2025-07-09T07:00:00,stl1,351848,2.947340e+00,4.685438e+00,-9.847884e-01
persistence,val,541,2025-07-09T01:00:00,2025-07-09T07:00:00,sd,351848,8.459647e-06,1.409292e-04,-1.489811e-07
persistence,val,542,2025-07-09T02:00:00,2025-07-09T08:00:00,swvl1,351848,3.864606e-03,1.004193e-02,5.548617e-04
persistence,val,542,2025-07-09T02:00:00,2025-07-09T08:00:00,stl1,351848,2.795917e+00,4.551966e+00,-1.062605e+00
persistence,val,542,2025-07-09T02:00:00,2025-07-09T08:00:00,sd,351848,8.587687e-06,1.298877e-04,2.681470e-07
persistence,val,543,2025-07-09T03:00:00,2025-07-09T09:00:00,swvl1,351848,3.927688e-03,1.019570e-02,5.235699e-04
persistence,val,543,2025-07-09T03:00:00,2025-07-09T09:00:00,stl1,351848,2.904713e+00,4.844845e+00,-1.332629e+00
persistence,val,543,2025-07-09T03:00:00,2025-07-09T09:00:00,sd,351848,8.822320e-06,1.274805e-04,4.551507e-07
persistence,val,544,2025-07-09T04:00:00,2025-07-09T10:00:00,swvl1,351848,4.384944e-03,1.029469e-02,2.885838e-04
persistence,val,544,2025-07-09T04:00:00,2025-07-09T10:00:00,stl1,351848,3.158047e+00,5.323181e+00,-1.570235e+00
persistence,val,544,2025-07-09T04:00:00,2025-07-09T10:00:00,sd,351848,1.116151e-05,1.708928e-04,2.604908e-06
persistence,val,545,2025-07-09T05:00:00,2025-07-09T11:00:00,swvl1,351848,4.374325e-03,1.030867e-02,1.863341e-04
persistence,val,545,2025-07-09T05:00:00,2025-07-09T11:00:00,stl1,351848,2.936614e+00,5.118116e+00,-1.334372e+00
persistence,val,545,2025-07-09T05:00:00,2025-07-09T11:00:00,sd,351848,1.247368e-05,2.066665e-04,3.198859e-06
persistence,val,546,2025-07-09T06:00:00,2025-07-09T12:00:00,swvl1,351848,4.346961e-03,1.033229e-02,7.508749e-05
persistence,val,546,2025-07-09T06:00:00,2025-07-09T12:00:00,stl1,351848,2.910674e+00,5.203587e+00,-1.250128e+00
persistence,val,546,2025-07-09T06:00:00,2025-07-09T12:00:00,sd,351848,1.356017e-05,2.355755e-04,3.414057e-06
persistence,val,547,2025-07-09T07:00:00,2025-07-09T13:00:00,swvl1,351848,4.380734e-03,1.049051e-02,-9.044737e-06
persistence,val,547,2025-07-09T07:00:00,2025-07-09T13:00:00,stl1,351848,2.841079e+00,5.020528e+00,-1.085910e+00
persistence,val,547,2025-07-09T07:00:00,2025-07-09T13:00:00,sd,351848,1.447271e-05,2.564577e-04,3.461794e-06
persistence,val,548,2025-07-09T08:00:00,2025-07-09T14:00:00,swvl1,351848,4.445911e-03,1.078009e-02,-9.134698e-05
persistence,val,548,2025-07-09T08:00:00,2025-07-09T14:00:00,stl1,351848,2.734683e+00,4.592222e+00,-7.108614e-01
persistence,val,548,2025-07-09T08:00:00,2025-07-09T14:00:00,sd,351848,1.542407e-05,2.725076e-04,3.545496e-06
persistence,val,549,2025-07-09T09:00:00,2025-07-09T15:00:00,swvl1,351848,4.510674e-03,1.108575e-02,-1.512160e-04
persistence,val,549,2025-07-09T09:00:00,2025-07-09T15:00:00,stl1,351848,2.738892e+00,4.400011e+00,-4.198747e-01
persistence,val,549,2025-07-09T09:00:00,2025-07-09T15:00:00,sd,351848,1.609757e-05,2.776257e-04,3.407367e-06
persistence,val,550,2025-07-09T10:00:00,2025-07-09T16:00:00,swvl1,351848,3.684400e-03,9.782502e-03,-2.713220e-05
persistence,val,550,2025-07-09T10:00:00,2025-07-09T16:00:00,stl1,351848,2.574073e+00,4.052088e+00,-6.848065e-02
persistence,val,550,2025-07-09T10:00:00,2025-07-09T16:00:00,sd,351848,1.396204e-05,2.101892e-04,1.488402e-06
persistence,val,551,2025-07-09T11:00:00,2025-07-09T17:00:00,swvl1,351848,3.719369e-03,9.933925e-03,-8.674575e-05
persistence,val,551,2025-07-09T11:00:00,2025-07-09T17:00:00,stl1,351848,2.961471e+00,4.466502e+00,4.170821e-01
persistence,val,551,2025-07-09T11:00:00,2025-07-09T17:00:00,sd,351848,1.422716e-05,1.947740e-04,1.275407e-06
persistence,val,552,2025-07-09T12:00:00,2025-07-09T18:00:00,swvl1,351848,3.780799e-03,1.014693e-02,-1.320719e-04
persistence,val,552,2025-07-09T12:00:00,2025-07-09T18:00:00,stl1,351848,3.130802e+00,4.724182e+00,6.667651e-01
persistence,val,552,2025-07-09T12:00:00,2025-07-09T18:00:00,sd,351848,1.480405e-05,1.932428e-04,1.445164e-06
persistence,val,553,2025-07-09T13:00:00,2025-07-09T19:00:00,swvl1,351848,3.846356e-03,1.041709e-02,-2.073688e-04
persistence,val,553,2025-07-09T13:00:00,2025-07-09T19:00:00,stl1,351848,3.259217e+00,4.921789e+00,8.822196e-01
persistence,val,553,2025-07-09T13:00:00,2025-07-09T19:00:00,sd,351848,1.556748e-05,1.973119e-04,1.684659e-06
persistence,val,554,2025-07-09T14:00:00,2025-07-09T20:00:00,swvl1,351848,3.884674e-03,1.066357e-02,-3.009744e-04
persistence,val,554,2025-07-09T14:00:00,2025-07-09T20:00:00,stl1,351848,3.252588e+00,4.999858e+00,1.195721e+00
persistence,val,554,2025-07-09T14:00:00,2025-07-09T20:00:00,sd,351848,1.609825e-05,2.006066e-04,1.835616e-06
persistence,val,555,2025-07-09T15:00:00,2025-07-09T21:00:00,swvl1,351848,3.883700e-03,1.086103e-02,-4.182651e-04
persistence,val,555,2025-07-09T15:00:00,2025-07-09T21:00:00,stl1,351848,2.973298e+00,4.748000e+00,1.348220e+00
persistence,val,555,2025-07-09T15:00:00,2025-07-09T21:00:00,sd,351848,1.598031e-05,1.958296e-04,2.023967e-06
persistence,val,556,2025-07-09T16:00:00,2025-07-09T22:00:00,swvl1,351848,4.223341e-03,1.089764e-02,-6.521905e-04
persistence,val,556,2025-07-09T16:00:00,2025-07-09T22:00:00,stl1,351848,2.819368e+00,4.614158e+00,1.369243e+00
persistence,val,556,2025-07-09T16:00:00,2025-07-09T22:00:00,sd,351848,1.474284e-05,1.789219e-04,2.079889e-06
persistence,val,557,2025-07-09T17:00:00,2025-07-09T23:00:00,swvl1,351848,4.134415e-03,1.079882e-02,-6.815640e-04
persistence,val,557,2025-07-09T17:00:00,2025-07-09T23:00:00,stl1,351848,2.412872e+00,3.967312e+00,1.192857e+00
persistence,val,557,2025-07-09T17:00:00,2025-07-09T23:00:00,sd,351848,1.372605e-05,1.663301e-04,1.661062e-06
persistence,val,558,2025-07-09T18:00:00,2025-07-10T00:00:00,swvl1,351848,4.073226e-03,1.069683e-02,-6.847984e-04
persistence,val,558,2025-07-09T18:00:00,2025-07-10T00:00:00,stl1,351848,2.255457e+00,3.646872e+00,1.223395e+00
persistence,val,558,2025-07-09T18:00:00,2025-07-10T00:00:00,sd,351848,1.827388e-05,1.958340e-04,8.557802e-06
persistence,val,559,2025-07-09T19:00:00,2025-07-10T01:00:00,swvl1,351848,4.128660e-03,1.084120e-02,-6.151524e-04
persistence,val,559,2025-07-09T19:00:00,2025-07-10T01:00:00,stl1,351848,2.267219e+00,3.538222e+00,1.214821e+00
persistence,val,559,2025-07-09T19:00:00,2025-07-10T01:00:00,sd,351848,1.764501e-05,1.921715e-04,8.106435e-06
persistence,val,560,2025-07-09T20:00:00,2025-07-10T02:00:00,swvl1,351848,4.230185e-03,1.104481e-02,-4.734746e-04
persistence,val,560,2025-07-09T20:00:00,2025-07-10T02:00:00,stl1,351848,2.388873e+00,3.564029e+00,6.245982e-01
persistence,val,560,2025-07-09T20:00:00,2025-07-10T02:00:00,sd,351848,1.722451e-05,1.904381e-04,7.859590e-06
persistence,val,561,2025-07-09T21:00:00,2025-07-10T03:00:00,swvl1,351848,4.377928e-03,1.129814e-02,-2.665689e-04
persistence,val,561,2025-07-09T21:00:00,2025-07-10T03:00:00,stl1,351848,2.544694e+00,3.789353e+00,4.191899e-01
persistence,val,561,2025-07-09T21:00:00,2025-07-10T03:00:00,sd,351848,1.699991e-05,1.884829e-04,8.063303e-06
persistence,val,562,2025-07-09T22:00:00,2025-07-10T04:00:00,swvl1,351848,3.404607e-03,9.626753e-03,9.089675e-05
persistence,val,562,2025-07-09T22:00:00,2025-07-10T04:00:00,stl1,351848,2.365559e+00,3.703082e+00,3.024642e-01
persistence,val,562,2025-07-09T22:00:00,2025-07-10T04:00:00,sd,351848,1.634583e-05,1.807276e-04,8.235635e-06
persistence,val,563,2025-07-09T23:00:00,2025-07-10T05:00:00,swvl1,351848,3.490018e-03,9.554055e-03,3.065393e-04
persistence,val,563,2025-07-09T23:00:00,2025-07-10T05:00:00,stl1,351848,2.683728e+00,4.190699e+00,-2.625237e-01
persistence,val,563,2025-07-09T23:00:00,2025-07-10T05:00:00,sd,351848,1.597074e-05,1.774437e-04,8.618693e-06
persistence,val,564,2025-07-10T00:00:00,2025-07-10T06:00:00,swvl1,351848,3.554205e-03,9.377550e-03,5.077679e-04
persistence,val,564,2025-07-10T00:00:00,2025-07-10T06:00:00,stl1,351848,2.822801e+00,4.481295e+00,-5.964555e-01
persistence,val,564,2025-07-10T00:00:00,2025-07-10T06:00:00,sd,351848,7.940221e-06,1.067370e-04,1.676503e-06
persistence,val,565,2025-07-10T01:00:00,2025-07-10T07:00:00,swvl1,351848,3.619782e-03,9.270818e-03,6.584610e-04
persistence,val,565,2025-07-10T01:00:00,2025-07-10T07:00:00,stl1,351848,2.922783e+00,4.683724e+00,-9.640839e-01
persistence,val,565,2025-07-10T01:00:00,2025-07-10T07:00:00,sd,351848,8.241639e-06,1.117251e-04,2.148014e-06
persistence,val,566,2025-07-10T02:00:00,2025-07-10T08:00:00,swvl1,351848,3.685606e-03,9.223675e-03,7.465608e-04
persistence,val,566,2025-07-10T02:00:00,2025-07-10T08:00:00,stl1,351848,2.826252e+00,4.599140e+00,-1.109188e+00
persistence,val,566,2025-07-10T02:00:00,2025-07-10T08:00:00,sd,351848,8.698286e-06,1.202196e-04,2.467294e-06
persistence,val,567,2025-07-10T03:00:00,2025-07-10T09:00:00,swvl1,351848,3.736332e-03,9.244588e-03,7.664828e-04
persistence,val,567,2025-07-10T03:00:00,2025-07-10T09:00:00,stl1,351848,2.940099e+00,4.889285e+00,-1.356478e+00
persistence,val,567,2025-07-10T03:00:00,2025-07-10T09:00:00,sd,351848,8.955442e-06,1.265896e-04,2.526364e-06
persistence,val,568,2025-07-10T04:00:00,2025-07-10T10:00:00,swvl1,351848,4.213480e-03,9.226008e-03,6.615485e-04
persistence,val,568,2025-07-10T04:00:00,2025-07-10T10:00:00,stl1,351848,3.184991e+00,5.317663e+00,-1.566352e+00
persistence,val,568,2025-07-10T04:00:00,2025-07-10T10:00:00,sd,351848,9.670673e-06,1.541875e-04,4.052498e-06
persistence,val,569,2025-07-10T05:00:00,2025-07-10T11:00:00,swvl1,351848,4.205400e-03,9.234360e-03,5.395575e-04
persistence,val,569,2025-07-10T05:00:00,2025-07-10T11:00:00,stl1,351848,2.975513e+00,5.128336e+00,-1.314257e+00
persistence,val,569,2025-07-10T05:00:00,2025-07-10T11:00:00,sd,351848,9.943211e-06,1.574385e-04,3.966451e-06
persistence,val,570,2025-07-10T06:00:00,2025-07-10T12:00:00,swvl1,351848,4.207731e-03,9.388346e-03,3.959520e-04
persistence,val,570,2025-07-10T06:00:00,2025-07-10T12:00:00,stl1,351848,2.967516e+00,5.219059e+00,-1.254973e+00
persistence,val,570,2025-07-10T06:00:00,2025-07-10T12:00:00,sd,351848,1.022460e-05,1.607466e-04,3.526010e-06
persistence,val,571,2025-07-10T07:00:00,2025-07-10T13:00:00,swvl1,351848,4.248972e-03,9.788323e-03,2.651047e-04
persistence,val,571,2025-07-10T07:00:00,2025-07-10T13:00:00,stl1,351848,2.890861e+00,5.050109e+00,-1.095045e+00
persistence,val,571,2025-07-10T07:00:00,2025-07-10T13:00:00,sd,351848,1.077181e-05,1.683034e-04,2.985032e-06
persistence,val,572,2025-07-10T08:00:00,2025-07-10T14:00:00,swvl1,351848,4.326456e-03,1.024734e-02,1.288109e-04
persistence,val,572,2025-07-10T08:00:00,2025-07-10T14:00:00,stl1,351848,2.719449e+00,4.568820e+00,-6.325104e-01
persistence,val,572,2025-07-10T08:00:00,2025-07-10T14:00:00,sd,351848,1.171434e-05,1.836156e-04,2.349803e-06
persistence,val,573,2025-07-10T09:00:00,2025-07-10T15:00:00,swvl1,351848,4.399318e-03,1.065779e-02,1.585403e-05
persistence,val,573,2025-07-10T09:00:00,2025-07-10T15:00:00,stl1,351848,2.662783e+00,4.339549e+00,-3.265507e-01
persistence,val,573,2025-07-10T09:00:00,2025-07-10T15:00:00,sd,351848,1.304901e-05,2.036495e-04,1.617876e-06
persistence,val,574,2025-07-10T10:00:00,2025-07-10T16:00:00,swvl1,351848,3.628163e-03,9.824135e-03,-2.228336e-07
persistence,val,574,2025-07-10T10:00:00,2025-07-10T16:00:00,stl1,351848,2.471018e+00,3.954469e+00,-9.338947e-03
persistence,val,574,2025-07-10T10:00:00,2025-07-10T16:00:00,sd,351848,1.318806e-05,2.069369e-04,-6.299219e-07
persistence,val,575,2025-07-10T11:00:00,2025-07-10T17:00:00,swvl1,351848,3.632803e-03,9.774554e-03,-4.671876e-06
persistence,val,575,2025-07-10T11:00:00,2025-07-10T17:00:00,stl1,351848,2.849310e+00,4.337238e+00,4.625493e-01
persistence,val,575,2025-07-10T11:00:00,2025-07-10T17:00:00,sd,351848,1.511880e-05,2.432960e-04,-1.264549e-06
persistence,val,576,2025-07-10T12:00:00,2025-07-10T18:00:00,swvl1,351848,3.628899e-03,9.657634e-03,1.341660e-05
persistence,val,576,2025-07-10T12:00:00,2025-07-10T18:00:00,stl1,351848,3.040682e+00,4.599204e+00,6.989920e-01
persistence,val,576,2025-07-10T12:00:00,2025-07-10T18:00:00,sd,351848,1.704218e-05,2.736754e-04,-1.718472e-06
persistence,val,577,2025-07-10T13:00:00,2025-07-10T19:00:00,swvl1,351848,3.621941e-03,9.558833e-03,9.593582e-06
persistence,val,577,2025-07-10T13:00:00,2025-07-10T19:00:00,stl1,351848,3.222331e+00,4.844078e+00,8.948918e-01
persistence,val,577,2025-07-10T13:00:00,2025-07-10T19:00:00,sd,351848,1.863998e-05,2.972006e-04,-2.109802e-06
persistence,val,578,2025-07-10T14:00:00,2025-07-10T20:00:00,swvl1,351848,3.581370e-03,9.460425e-03,1.609523e-05
persistence,val,578,2025-07-10T14:00:00,2025-07-10T20:00:00,stl1,351848,3.274667e+00,4.960178e+00,1.143539e+00
persistence,val,578,2025-07-10T14:00:00,2025-07-10T20:00:00,sd,351848,1.961603e-05,3.158510e-04,-2.475859e-06
persistence,val,579,2025-07-10T15:00:00,2025-07-10T21:00:00,swvl1,351848,3.523480e-03,9.403658e-03,-1.436636e-05
persistence,val,579,2025-07-10T15:00:00,2025-07-10T21:00:00,stl1,351848,3.026804e+00,4.760875e+00,1.294201e+00
persistence,val,579,2025-07-10T15:00:00,2025-07-10T21:00:00,sd,351848,1.997116e-05,3.220979e-04,-2.866647e-06
persistence,val,580,2025-07-10T16:00:00,2025-07-10T22:00:00,swvl1,351848,3.872786e-03,9.676503e-03,-1.955518e-04
persistence,val,580,2025-07-10T16:00:00,2025-07-10T22:00:00,stl1,351848,2.846787e+00,4.617228e+00,1.349214e+00
persistence,val,580,2025-07-10T16:00:00,2025-07-10T22:00:00,sd,351848,1.960309e-05,3.270778e-04,-3.583215e-06
persistence,val,581,2025-07-10T17:00:00,2025-07-10T23:00:00,swvl1,351848,3.797461e-03,9.693604e-03,-2.416724e-04
persistence,val,581,2025-07-10T17:00:00,2025-07-10T23:00:00,stl1,351848,2.420635e+00,3.966513e+00,1.184801e+00
persistence,val,581,2025-07-10T17:00:00,2025-07-10T23:00:00,sd,351848,1.870431e-05,3.161249e-04,-4.190553e-06
persistence,val,582,2025-07-10T18:00:00,2025-07-11T00:00:00,swvl1,351848,3.778962e-03,9.938976e-03,-2.752168e-04
persistence,val,582,2025-07-10T18:00:00,2025-07-11T00:00:00,stl1,351848,2.259553e+00,3.633129e+00,1.209400e+00
persistence,val,582,2025-07-10T18:00:00,2025-07-11T00:00:00,sd,351848,2.089863e-05,3.098240e-04,-4.105282e-07
persistence,val,583,2025-07-10T19:00:00,2025-07-11T01:00:00,swvl1,351848,3.845250e-03,1.022364e-02,-2.569445e-04
persistence,val,583,2025-07-10T19:00:00,2025-07-11T01:00:00,stl1,351848,2.282512e+00,3.529157e+00,1.195971e+00
persistence,val,583,2025-07-10T19:00:00,2025-07-11T01:00:00,sd,351848,2.029947e-05,2.925126e-04,-6.170499e-07
persistence,val,584,2025-07-10T20:00:00,2025-07-11T02:00:00,swvl1,351848,3.947279e-03,1.051108e-02,-1.915133e-04
persistence,val,584,2025-07-10T20:00:00,2025-07-11T02:00:00,stl1,351848,2.369988e+00,3.558196e+00,5.873845e-01
persistence,val,584,2025-07-10T20:00:00,2025-07-11T02:00:00,sd,351848,1.945292e-05,2.671094e-04,-5.135234e-07
persistence,val,585,2025-07-10T21:00:00,2025-07-11T03:00:00,swvl1,351848,4.091355e-03,1.078331e-02,-5.602839e-05
persistence,val,585,2025-07-10T21:00:00,2025-07-11T03:00:00,stl1,351848,2.522579e+00,3.822256e+00,3.470495e-01
persistence,val,585,2025-07-10T21:00:00,2025-07-11T03:00:00,sd,351848,1.835083e-05,2.374712e-04,-6.538473e-08
persistence,val,586,2025-07-10T22:00:00,2025-07-11T04:00:00,swvl1,351848,3.336344e-03,9.606792e-03,2.409959e-04
persistence,val,586,2025-07-10T22:00:00,2025-07-11T04:00:00,stl1,351848,2.379682e+00,3.768998e+00,1.702839e-01
persistence,val,586,2025-07-10T22:00:00,2025-07-11T04:00:00,sd,351848,1.655104e-05,2.005088e-04,7.384845e-07
persistence,val,587,2025-07-10T23:00:00,2025-07-11T05:00:00,swvl1,351848,3.441823e-03,9.553154e-03,3.891408e-04
persistence,val,587,2025-07-10T23:00:00,2025-07-11T05:00:00,stl1,351848,2.709475e+00,4.240335e+00,-4.062068e-01
persistence,val,587,2025-07-10T23:00:00,2025-07-11T05:00:00,sd,351848,1.541404e-05,1.744425e-04,1.495257e-06
persistence,val,588,2025-07-11T00:00:00,2025-07-11T06:00:00,swvl1,351848,3.550802e-03,9.566497e-03,5.437418e-04
persistence,val,588,2025-07-11T00:00:00,2025-07-11T06:00:00,stl1,351848,2.823258e+00,4.477917e+00,-7.335471e-01
persistence,val,588,2025-07-11T00:00:00,2025-07-11T06:00:00,sd,351848,8.294433e-06,1.181546e-04,-1.805324e-06
persistence,val,589,2025-07-11T01:00:00,2025-07-11T07:00:00,swvl1,351848,3.640003e-03,9.511510e-03,6.804361e-04
persistence,val,589,2025-07-11T01:00:00,2025-07-11T07:00:00,stl1,351848,2.931857e+00,4.649349e+00,-1.064459e+00
persistence,val,589,2025-07-11T01:00:00,2025-07-11T07:00:00,sd,351848,8.030360e-06,1.150899e-04,-8.614857e-07
persistence,val,590,2025-07-11T02:00:00,2025-07-11T08:00:00,swvl1,351848,3.707069e-03,9.412307e-03,7.552136e-04
persistence,val,590,2025-07-11T02:00:00,2025-07-11T08:00:00,stl1,351848,2.819624e+00,4.532433e+00,-1.160106e+00
persistence,val,590,2025-07-11T02:00:00,2025-07-11T08:00:00,sd,351848,8.010379e-06,1.181144e-04,-1.808427e-08
persistence,val,591,2025-07-11T03:00:00,2025-07-11T09:00:00,swvl1,351848,3.737671e-03,9.299541e-03,7.479112e-04
persistence,val,591,2025-07-11T03:00:00,2025-07-11T09:00:00,stl1,351848,2.913861e+00,4.833575e+00,-1.393094e+00
persistence,val,591,2025-07-11T03:00:00,2025-07-11T09:00:00,sd,351848,7.890695e-06,1.176532e-04,5.885086e-07
persistence,val,592,2025-07-11T04:00:00,2025-07-11T10:00:00,swvl1,351848,4.169076e-03,9.461786e-03,6.007898e-04
persistence,val,592,2025-07-11T04:00:00,2025-07-11T10:00:00,stl1,351848,3.154290e+00,5.342376e+00,-1.594242e+00
persistence,val,592,2025-07-11T04:00:00,2025-07-11T10:00:00,sd,351848,1.360258e-05,3.921371e-04,5.679584e-06
persistence,val,593,2025-07-11T05:00:00,2025-07-11T11:00:00,swvl1,351848,4.147741e-03,9.502316e-03,5.400681e-04
persistence,val,593,2025-07-11T05:00:00,2025-07-11T11:00:00,stl1,351848,2.954963e+00,5.135963e+00,-1.312816e+00
persistence,val,593,2025-07-11T05:00:00,2025-07-11T11:00:00,sd,351848,1.400702e-05,3.952662e-04,5.540948e-06
persistence,val,594,2025-07-11T06:00:00,2025-07-11T12:00:00,swvl1,351848,4.137438e-03,9.644503e-03,4.246393e-04
persistence,val,594,2025-07-11T06:00:00,2025-07-11T12:00:00,stl1,351848,2.974019e+00,5.220802e+00,-1.253814e+00
persistence,val,594,2025-07-11T06:00:00,2025-07-11T12:00:00,sd,351848,1.461994e-05,4.009360e-04,5.069871e-06
persistence,val,595,2025-07-11T07:00:00,2025-07-11T13:00:00,swvl1,351848,4.183291e-03,9.918772e-03,2.915610e-04
persistence,val,595,2025-07-11T07:00:00,2025-07-11T13:00:00,stl1,351848,2.859559e+00,5.014632e+00,-1.104923e+00
persistence,val,595,2025-07-11T07:00:00,2025-07-11T13:00:00,sd,351848,1.553474e-05,4.084253e-04,4.404794e-06
persistence,val,596,2025-07-11T08:00:00,2025-07-11T14:00:00,swvl1,351848,4.221749e-03,1.007171e-02,1.961920e-04
persistence,val,596,2025-07-11T08:00:00,2025-07-11T14:00:00,stl1,351848,2.680494e+00,4.494755e+00,-6.359995e-01
persistence,val,596,2025-07-11T08:00:00,2025-07-11T14:00:00,sd,351848,1.689123e-05,4.175708e-04,3.654918e-06
persistence,val,597,2025-07-11T09:00:00,2025-07-11T15:00:00,swvl1,351848,4.248502e-03,1.010607e-02,1.468560e-04
persistence,val,597,2025-07-11T09:00:00,2025-07-11T15:00:00,stl1,351848,2.624253e+00,4.216594e+00,-3.031557e-01
persistence,val,597,2025-07-11T09:00:00,2025-07-11T15:00:00,sd,351848,1.866167e-05,4.275603e-04,2.949924e-06
persistence,val,598,2025-07-11T10:00:00,2025-07-11T16:00:00,swvl1,351848,3.401997e-03,8.757160e-03,2.335647e-04
persistence,val,598,2025-07-11T10:00:00,2025-07-11T16:00:00,stl1,351848,2.472813e+00,3.855162e+00,1.936230e-02
persistence,val,598,2025-07-11T10:00:00,2025-07-11T16:00:00,sd,351848,1.405731e-05,1.949001e-04,-2.162610e-06
persistence,val,599,2025-07-11T11:00:00,2025-07-11T17:00:00,swvl1,351848,3.351340e-03,8.576961e-03,2.289059e-04
persistence,val,599,2025-07-11T11:00:00,2025-07-11T17:00:00,stl1,351848,2.873429e+00,4.314866e+00,4.890106e-01
persistence,val,599,2025-07-11T11:00:00,2025-07-11T17:00:00,sd,351848,1.562287e-05,2.114991e-04,-2.050266e-06
persistence,val,600,2025-07-11T12:00:00,2025-07-11T18:00:00,swvl1,351848,3.309485e-03,8.423839e-03,2.537935e-04
persistence,val,600,2025-07-11T12:00:00,2025-07-11T18:00:00,stl1,351848,3.077424e+00,4.635898e+00,7.315551e-01
persistence,val,600,2025-07-11T12:00:00,2025-07-11T18:00:00,sd,351848,1.708008e-05,2.257551e-04,-1.856313e-06
persistence,val,601,2025-07-11T13:00:00,2025-07-11T19:00:00,swvl1,351848,3.276654e-03,8.327724e-03,2.504813e-04
persistence,val,601,2025-07-11T13:00:00,2025-07-11T19:00:00,stl1,351848,3.257998e+00,4.918084e+00,9.364449e-01
persistence,val,601,2025-07-11T13:00:00,2025-07-11T19:00:00,sd,351848,1.857511e-05,2.375772e-04,-1.831968e-06
persistence,val,602,2025-07-11T14:00:00,2025-07-11T20:00:00,swvl1,351848,3.256347e-03,8.444373e-03,1.757264e-04
persistence,val,602,2025-07-11T14:00:00,2025-07-11T20:00:00,stl1,351848,3.328208e+00,5.041077e+00,1.217692e+00
persistence,val,602,2025-07-11T14:00:00,2025-07-11T20:00:00,sd,351848,1.977440e-05,2.433188e-04,-2.034139e-06
persistence,val,603,2025-07-11T15:00:00,2025-07-11T21:00:00,swvl1,351848,3.217946e-03,8.535331e-03,7.421463e-05
persistence,val,603,2025-07-11T15:00:00,2025-07-11T21:00:00,stl1,351848,3.067100e+00,4.822040e+00,1.341691e+00
persistence,val,603,2025-07-11T15:00:00,2025-07-11T21:00:00,sd,351848,2.038340e-05,2.454231e-04,-2.597289e-06
persistence,val,604,2025-07-11T16:00:00,2025-07-11T22:00:00,swvl1,351848,3.485503e-03,8.430461e-03,-1.367275e-04
persistence,val,604,2025-07-11T16:00:00,2025-07-11T22:00:00,stl1,351848,2.890275e+00,4.699210e+00,1.407399e+00
persistence,val,604,2025-07-11T16:00:00,2025-07-11T22:00:00,sd,351848,2.052902e-05,2.467586e-04,-3.650172e-06
persistence,val,605,2025-07-11T17:00:00,2025-07-11T23:00:00,swvl1,351848,3.447211e-03,8.526819e-03,-2.358664e-04
persistence,val,605,2025-07-11T17:00:00,2025-07-11T23:00:00,stl1,351848,2.456852e+00,4.015590e+00,1.214873e+00
persistence,val,605,2025-07-11T17:00:00,2025-07-11T23:00:00,sd,351848,2.045419e-05,2.542270e-04,-4.623960e-06
persistence,val,606,2025-07-11T18:00:00,2025-07-12T00:00:00,swvl1,351848,3.462169e-03,8.722341e-03,-3.183776e-04
persistence,val,606,2025-07-11T18:00:00,2025-07-12T00:00:00,stl1,351848,2.301370e+00,3.664491e+00,1.216032e+00
persistence,val,606,2025-07-11T18:00:00,2025-07-12T00:00:00,sd,351848,2.264212e-05,2.673006e-04,7.978381e-06
persistence,val,607,2025-07-11T19:00:00,2025-07-12T01:00:00,swvl1,351848,3.566405e-03,9.100027e-03,-3.445148e-04
persistence,val,607,2025-07-11T19:00:00,2025-07-12T01:00:00,stl1,351848,2.296971e+00,3.538191e+00,1.187928e+00
persistence,val,607,2025-07-11T19:00:00,2025-07-12T01:00:00,sd,351848,2.305084e-05,2.838134e-04,7.333335e-06
persistence,val,608,2025-07-11T20:00:00,2025-07-12T02:00:00,swvl1,351848,3.714499e-03,9.526022e-03,-2.828391e-04
persistence,val,608,2025-07-11T20:00:00,2025-07-12T02:00:00,stl1,351848,2.324928e+00,3.569363e+00,5.278247e-01
persistence,val,608,2025-07-11T20:00:00,2025-07-12T02:00:00,sd,351848,2.313650e-05,2.907682e-04,7.072501e-06
persistence,val,609,2025-07-11T21:00:00,2025-07-12T03:00:00,swvl1,351848,3.889670e-03,9.949917e-03,-1.420914e-04
persistence,val,609,2025-07-11T21:00:00,2025-07-12T03:00:00,stl1,351848,2.460665e+00,3.804479e+00,3.128434e-01
persistence,val,609,2025-07-11T21:00:00,2025-07-12T03:00:00,sd,351848,2.318457e-05,2.900515e-04,7.375537e-06
persistence,val,610,2025-07-11T22:00:00,2025-07-12T04:00:00,swvl1,351848,3.140727e-03,8.703598e-03,1.055118e-04
persistence,val,610,2025-07-11T22:00:00,2025-07-12T04:00:00,stl1,351848,2.320465e+00,3.748953e+00,1.333738e-01
persistence,val,610,2025-07-11T22:00:00,2025-07-12T04:00:00,sd,351848,2.332463e-05,2.926139e-04,8.235161e-06
persistence,val,611,2025-07-11T23:00:00,2025-07-12T05:00:00,swvl1,351848,3.248425e-03,8.771548e-03,2.467952e-04
persistence,val,611,2025-07-11T23:00:00,2025-07-12T05:00:00,stl1,351848,2.628515e+00,4.173916e+00,-4.370686e-01
persistence,val,611,2025-07-11T23:00:00,2025-07-12T05:00:00,sd,351848,2.314607e-05,2.833402e-04,9.075258e-06
persistence,val,612,2025-07-12T00:00:00,2025-07-12T06:00:00,swvl1,351848,3.379602e-03,8.934432e-03,3.715092e-04
persistence,val,612,2025-07-12T00:00:00,2025-07-12T06:00:00,stl1,351848,2.754069e+00,4.387531e+00,-7.379370e-01
persistence,val,612,2025-07-12T00:00:00,2025-07-12T06:00:00,sd,351848,1.349369e-05,2.014465e-04,-3.467787e-06
persistence,val,613,2025-07-12T01:00:00,2025-07-12T07:00:00,swvl1,351848,3.516876e-03,9.080546e-03,4.673416e-04
persistence,val,613,2025-07-12T01:00:00,2025-07-12T07:00:00,stl1,351848,2.865652e+00,4.552606e+00,-1.089495e+00
persistence,val,613,2025-07-12T01:00:00,2025-07-12T07:00:00,sd,351848,1.309214e-05,1.867543e-04,-2.665527e-06
persistence,val,614,2025-07-12T02:00:00,2025-07-12T08:00:00,swvl1,351848,3.649872e-03,9.367456e-03,5.091783e-04
persistence,val,614,2025-07-12T02:00:00,2025-07-12T08:00:00,stl1,351848,2.842796e+00,4.539857e+00,-1.216244e+00
persistence,val,614,2025-07-12T02:00:00,2025-07-12T08:00:00,sd,351848,1.293778e-05,1.768693e-04,-1.983795e-06
persistence,val,615,2025-07-12T03:00:00,2025-07-12T09:00:00,swvl1,351848,3.785379e-03,9.775633e-03,4.543427e-04
persistence,val,615,2025-07-12T03:00:00,2025-07-12T09:00:00,stl1,351848,2.964803e+00,4.914170e+00,-1.448736e+00
persistence,val,615,2025-07-12T03:00:00,2025-07-12T09:00:00,sd,351848,1.279464e-05,1.697739e-04,-1.436149e-06
persistence,val,616,2025-07-12T04:00:00,2025-07-12T10:00:00,swvl1,351848,4.364486e-03,1.085546e-02,2.282583e-04
persistence,val,616,2025-07-12T04:00:00,2025-07-12T10:00:00,stl1,351848,3.206003e+00,5.433492e+00,-1.623519e+00
persistence,val,616,2025-07-12T04:00:00,2025-07-12T10:00:00,sd,351848,1.562905e-05,3.115814e-04,2.075333e-06
persistence,val,617,2025-07-12T05:00:00,2025-07-12T11:00:00,swvl1,351848,4.407501e-03,1.118035e-02,1.116654e-04
persistence,val,617,2025-07-12T05:00:00,2025-07-12T11:00:00,stl1,351848,2.969216e+00,5.196538e+00,-1.326154e+00
persistence,val,617,2025-07-12T05:00:00,2025-07-12T11:00:00,sd,351848,1.572648e-05,3.234737e-04,2.380906e-06
persistence,val,618,2025-07-12T06:00:00,2025-07-12T12:00:00,swvl1,351848,4.433801e-03,1.146806e-02,-1.888033e-05
persistence,val,618,2025-07-12T06:00:00,2025-07-12T12:00:00,stl1,351848,3.015399e+00,5.288278e+00,-1.266168e+00
persistence,val,618,2025-07-12T06:00:00,2025-07-12T12:00:00,sd,351848,1.598652e-05,3.344515e-04,2.476532e-06
persistence,val,619,2025-07-12T07:00:00,2025-07-12T13:00:00,swvl1,351848,4.523252e-03,1.187143e-02,-1.383709e-04
persistence,val,619,2025-07-12T07:00:00,2025-07-12T13:00:00,stl1,351848,2.909532e+00,5.083558e+00,-1.075285e+00
persistence,val,619,2025-07-12T07:00:00,2025-07-12T13:00:00,sd,351848,1.635569e-05,3.445503e-04,2.756285e-06
persistence,val,620,2025-07-12T08:00:00,2025-07-12T14:00:00,swvl1,351848,4.584046e-03,1.219222e-02,-2.289553e-04
persistence,val,620,2025-07-12T08:00:00,2025-07-12T14:00:00,stl1,351848,2.717225e+00,4.483782e+00,-5.097906e-01
persistence,val,620,2025-07-12T08:00:00,2025-07-12T14:00:00,sd,351848,1.660482e-05,3.548598e-04,3.218784e-06
persistence,val,621,2025-07-12T09:00:00,2025-07-12T15:00:00,swvl1,351848,4.624619e-03,1.234806e-02,-2.691950e-04
persistence,val,621,2025-07-12T09:00:00,2025-07-12T15:00:00,stl1,351848,2.656844e+00,4.196305e+00,-1.998184e-01
persistence,val,621,2025-07-12T09:00:00,2025-07-12T15:00:00,sd,351848,1.682078e-05,3.629685e-04,3.900617e-06
persistence,val,622,2025-07-12T10:00:00,2025-07-12T16:00:00,swvl1,351848,3.627368e-03,1.043437e-02,-1.660890e-04
persistence,val,622,2025-07-12T10:00:00,2025-07-12T16:00:00,stl1,351848,2.508246e+00,3.848068e+00,6.640229e-02
persistence,val,622,2025-07-12T10:00:00,2025-07-12T16:00:00,sd,351848,1.254758e-05,1.730758e-04,1.608313e-06
persistence,val,623,2025-07-12T11:00:00,2025-07-12T17:00:00,swvl1,351848,3.587936e-03,1.045175e-02,-1.774585e-04
persistence,val,623,2025-07-12T11:00:00,2025-07-12T17:00:00,stl1,351848,2.900004e+00,4.307302e+00,5.266454e-01
persistence,val,623,2025-07-12T11:00:00,2025-07-12T17:00:00,sd,351848,1.306347e-05,1.791139e-04,2.483359e-06
persistence,val,624,2025-07-12T12:00:00,2025-07-12T18:00:00,swvl1,351848,3.583014e-03,1.056240e-02,-1.761263e-04
persistence,val,624,2025-07-12T12:00:00,2025-07-12T18:00:00,stl1,351848,3.114395e+00,4.630840e+00,7.704718e-01
persistence,val,624,2025-07-12T12:00:00,2025-07-12T18:00:00,sd,351848,1.375954e-05,1.847118e-04,3.514987e-06
persistence,val,625,2025-07-12T13:00:00,2025-07-12T19:00:00,swvl1,351848,3.573349e-03,1.064950e-02,-1.966327e-04
persistence,val,625,2025-07-12T13:00:00,2025-07-12T19:00:00,stl1,351848,3.285698e+00,4.903305e+00,9.787305e-01
persistence,val,625,2025-07-12T13:00:00,2025-07-12T19:00:00,sd,351848,1.420642e-05,1.883019e-04,4.451498e-06
persistence,val,626,2025-07-12T14:00:00,2025-07-12T20:00:00,swvl1,351848,3.567637e-03,1.077236e-02,-2.630820e-04
persistence,val,626,2025-07-12T14:00:00,2025-07-12T20:00:00,stl1,351848,3.317690e+00,5.042834e+00,1.197928e+00
persistence,val,626,2025-07-12T14:00:00,2025-07-12T20:00:00,sd,351848,1.440352e-05,1.897571e-04,5.066374e-06
persistence,val,627,2025-07-12T15:00:00,2025-07-12T21:00:00,swvl1,351848,3.556824e-03,1.089237e-02,-3.595481e-04
persistence,val,627,2025-07-12T15:00:00,2025-07-12T21:00:00,stl1,351848,3.035465e+00,4.816221e+00,1.333853e+00
persistence,val,627,2025-07-12T15:00:00,2025-07-12T21:00:00,sd,351848,1.409074e-05,1.843108e-04,5.161843e-06
persistence,val,628,2025-07-12T16:00:00,2025-07-12T22:00:00,swvl1,351848,3.907239e-03,1.060902e-02,-5.565345e-04
persistence,val,628,2025-07-12T16:00:00,2025-07-12T22:00:00,stl1,351848,2.874046e+00,4.689134e+00,1.430974e+00
persistence,val,628,2025-07-12T16:00:00,2025-07-12T22:00:00,sd,351848,1.293688e-05,1.581888e-04,4.174141e-06
persistence,val,629,2025-07-12T17:00:00,2025-07-12T23:00:00,swvl1,351848,3.875205e-03,1.055619e-02,-5.846454e-04
persistence,val,629,2025-07-12T17:00:00,2025-07-12T23:00:00,stl1,351848,2.472192e+00,4.013468e+00,1.231595e+00
persistence,val,629,2025-07-12T17:00:00,2025-07-12T23:00:00,sd,351848,1.186200e-05,1.435093e-04,3.424099e-06
persistence,val,630,2025-07-12T18:00:00,2025-07-13T00:00:00,swvl1,351848,3.843357e-03,1.048762e-02,-5.727499e-04
persistence,val,630,2025-07-12T18:00:00,2025-07-13T00:00:00,stl1,351848,2.328646e+00,3.687091e+00,1.225846e+00
persistence,val,630,2025-07-12T18:00:00,2025-07-13T00:00:00,sd,351848,1.846866e-05,1.870849e-04,9.812482e-06
persistence,val,631,2025-07-12T19:00:00,2025-07-13T01:00:00,swvl1,351848,3.917446e-03,1.067847e-02,-5.195902e-04
persistence,val,631,2025-07-12T19:00:00,2025-07-13T01:00:00,stl1,351848,2.327901e+00,3.594225e+00,1.161393e+00
persistence,val,631,2025-07-12T19:00:00,2025-07-13T01:00:00,sd,351848,1.743841e-05,1.801074e-04,8.700950e-06
persistence,val,632,2025-07-12T20:00:00,2025-07-13T02:00:00,swvl1,351848,4.038169e-03,1.103062e-02,-4.000633e-04
persistence,val,632,2025-07-12T20:00:00,2025-07-13T02:00:00,stl1,351848,2.330308e+00,3.622835e+00,5.225375e-01
persistence,val,632,2025-07-12T20:00:00,2025-07-13T02:00:00,sd,351848,1.678937e-05,1.759745e-04,7.645722e-06
persistence,val,633,2025-07-12T21:00:00,2025-07-13T03:00:00,swvl1,351848,4.207858e-03,1.154556e-02,-2.386728e-04
persistence,val,633,2025-07-12T21:00:00,2025-07-13T03:00:00,stl1,351848,2.466112e+00,3.854888e+00,3.380128e-01
persistence,val,633,2025-07-12T21:00:00,2025-07-13T03:00:00,sd,351848,1.639144e-05,1.721566e-04,6.808571e-06
persistence,val,634,2025-07-12T22:00:00,2025-07-13T04:00:00,swvl1,351848,3.299158e-03,9.814718e-03,6.536810e-05
persistence,val,634,2025-07-12T22:00:00,2025-07-13T04:00:00,stl1,351848,2.321194e+00,3.789034e+00,1.113853e-01
persistence,val,634,2025-07-12T22:00:00,2025-07-13T04:00:00,sd,351848,1.548302e-05,1.670417e-04,6.856574e-06
persistence,val,635,2025-07-12T23:00:00,2025-07-13T05:00:00,swvl1,351848,3.399947e-03,9.887204e-03,2.081159e-04
persistence,val,635,2025-07-12T23:00:00,2025-07-13T05:00:00,stl1,351848,2.632551e+00,4.188569e+00,-4.659036e-01
persistence,val,635,2025-07-12T23:00:00,2025-07-13T05:00:00,sd,351848,1.514922e-05,1.615621e-04,6.549821e-06
persistence,val,636,2025-07-13T00:00:00,2025-07-13T06:00:00,swvl1,351848,3.528732e-03,9.960812e-03,3.198666e-04
persistence,val,636,2025-07-13T00:00:00,2025-07-13T06:00:00,stl1,351848,2.745222e+00,4.372854e+00,-7.892122e-01
persistence,val,636,2025-07-13T00:00:00,2025-07-13T06:00:00,sd,351848,7.534655e-06,1.139411e-04,-1.044191e-06
persistence,val,637,2025-07-13T01:00:00,2025-07-13T07:00:00,swvl1,351848,3.662152e-03,1.004644e-02,4.026902e-04
persistence,val,637,2025-07-13T01:00:00,2025-07-13T07:00:00,stl1,351848,2.849408e+00,4.541839e+00,-1.137344e+00
persistence,val,637,2025-07-13T01:00:00,2025-07-13T07:00:00,sd,351848,8.245580e-06,1.226716e-04,-1.178955e-06
persistence,val,638,2025-07-13T02:00:00,2025-07-13T08:00:00,swvl1,351848,3.774951e-03,1.019437e-02,4.611862e-04
persistence,val,638,2025-07-13T02:00:00,2025-07-13T08:00:00,stl1,351848,2.824877e+00,4.552216e+00,-1.264144e+00
persistence,val,638,2025-07-13T02:00:00,2025-07-13T08:00:00,sd,351848,8.952701e-06,1.306607e-04,-1.278514e-06
persistence,val,639,2025-07-13T03:00:00,2025-07-13T09:00:00,swvl1,351848,3.840377e-03,1.026949e-02,4.939444e-04
persistence,val,639,2025-07-13T03:00:00,2025-07-13T09:00:00,stl1,351848,2.974401e+00,4.942024e+00,-1.504699e+00
persistence,val,639,2025-07-13T03:00:00,2025-07-13T09:00:00,sd,351848,9.477549e-06,1.359168e-04,-1.373025e-06
persistence,val,640,2025-07-13T04:00:00,2025-07-13T10:00:00,swvl1,351848,4.281160e-03,1.038873e-02,3.719878e-04
persistence,val,640,2025-07-13T04:00:00,2025-07-13T10:00:00,stl1,351848,3.228400e+00,5.443544e+00,-1.648768e+00
persistence,val,640,2025-07-13T04:00:00,2025-07-13T10:00:00,sd,351848,1.025485e-05,1.421195e-04,-1.855779e-07
persistence,val,641,2025-07-13T05:00:00,2025-07-13T11:00:00,swvl1,351848,4.306399e-03,1.057010e-02,2.992730e-04
persistence,val,641,2025-07-13T05:00:00,2025-07-13T11:00:00,stl1,351848,3.016862e+00,5.224569e+00,-1.318586e+00
persistence,val,641,2025-07-13T05:00:00,2025-07-13T11:00:00,sd,351848,1.011346e-05,1.388286e-04,-2.962275e-08
persistence,val,642,2025-07-13T06:00:00,2025-07-13T12:00:00,swvl1,351848,4.304719e-03,1.074495e-02,2.163778e-04
persistence,val,642,2025-07-13T06:00:00,2025-07-13T12:00:00,stl1,351848,3.036473e+00,5.278536e+00,-1.227506e+00
persistence,val,642,2025-07-13T06:00:00,2025-07-13T12:00:00,sd,351848,9.842360e-06,1.360828e-04,2.251589e-07
persistence,val,643,2025-07-13T07:00:00,2025-07-13T13:00:00,swvl1,351848,4.352433e-03,1.108022e-02,1.227242e-04
persistence,val,643,2025-07-13T07:00:00,2025-07-13T13:00:00,stl1,351848,2.886204e+00,5.001973e+00,-1.041829e+00
persistence,val,643,2025-07-13T07:00:00,2025-07-13T13:00:00,sd,351848,9.628178e-06,1.371529e-04,5.634855e-07
persistence,val,644,2025-07-13T08:00:00,2025-07-13T14:00:00,swvl1,351848,4.398710e-03,1.140168e-02,2.134811e-05
persistence,val,644,2025-07-13T08:00:00,2025-07-13T14:00:00,stl1,351848,2.674516e+00,4.418612e+00,-5.557819e-01
persistence,val,644,2025-07-13T08:00:00,2025-07-13T14:00:00,sd,351848,9.705164e-06,1.434578e-04,1.097403e-06
persistence,val,645,2025-07-13T09:00:00,2025-07-13T15:00:00,swvl1,351848,4.447981e-03,1.163809e-02,-7.591866e-05
persistence,val,645,2025-07-13T09:00:00,2025-07-13T15:00:00,stl1,351848,2.641630e+00,4.143381e+00,-2.738860e-01
persistence,val,645,2025-07-13T09:00:00,2025-07-13T15:00:00,sd,351848,1.019052e-05,1.542873e-04,1.815908e-06
persistence,val,646,2025-07-13T10:00:00,2025-07-13T16:00:00,swvl1,351848,3.627509e-03,1.044375e-02,-5.840886e-05
persistence,val,646,2025-07-13T10:00:00,2025-07-13T16:00:00,stl1,351848,2.500460e+00,3.823477e+00,-1.755080e-03
persistence,val,646,2025-07-13T10:00:00,2025-07-13T16:00:00,sd,351848,9.547707e-06,1.411013e-04,1.467751e-06
persistence,val,647,2025-07-13T11:00:00,2025-07-13T17:00:00,swvl1,351848,3.622090e-03,1.038704e-02,-8.129872e-05
persistence,val,647,2025-07-13T11:00:00,2025-07-13T17:00:00,stl1,351848,2.942974e+00,4.346391e+00,4.347549e-01
persistence,val,647,2025-07-13T11:00:00,2025-07-13T17:00:00,sd,351848,1.044019e-05,1.561659e-04,2.447212e-06
persistence,val,648,2025-07-13T12:00:00,2025-07-13T18:00:00,swvl1,351848,3.611578e-03,1.016446e-02,-8.854498e-05
persistence,val,648,2025-07-13T12:00:00,2025-07-13T18:00:00,stl1,351848,3.157747e+00,4.708816e+00,6.719296e-01
persistence,val,648,2025-07-13T12:00:00,2025-07-13T18:00:00,sd,351848,1.137814e-05,1.698919e-04,3.569269e-06
persistence,val,649,2025-07-13T13:00:00,2025-07-13T19:00:00,swvl1,351848,3.609032e-03,1.001083e-02,-1.149538e-04
persistence,val,649,2025-07-13T13:00:00,2025-07-13T19:00:00,stl1,351848,3.327613e+00,4.981369e+00,8.552299e-01
persistence,val,649,2025-07-13T13:00:00,2025-07-13T19:00:00,sd,351848,1.225488e-05,1.793618e-04,4.595706e-06
persistence,val,650,2025-07-13T14:00:00,2025-07-13T20:00:00,swvl1,351848,3.578512e-03,9.867152e-03,-1.511127e-04
persistence,val,650,2025-07-13T14:00:00,2025-07-13T20:00:00,stl1,351848,3.305496e+00,5.059983e+00,1.138024e+00
persistence,val,650,2025-07-13T14:00:00,2025-07-13T20:00:00,sd,351848,1.286174e-05,1.839263e-04,5.170402e-06
persistence,val,651,2025-07-13T15:00:00,2025-07-13T21:00:00,swvl1,351848,3.517660e-03,9.734404e-03,-2.044114e-04
persistence,val,651,2025-07-13T15:00:00,2025-07-13T21:00:00,stl1,351848,3.022008e+00,4.825059e+00,1.275646e+00
persistence,val,651,2025-07-13T15:00:00,2025-07-13T21:00:00,sd,351848,1.280970e-05,1.792549e-04,5.287731e-06
persistence,val,652,2025-07-13T16:00:00,2025-07-13T22:00:00,swvl1,351848,3.851553e-03,9.799238e-03,-4.490140e-04
persistence,val,652,2025-07-13T16:00:00,2025-07-13T22:00:00,stl1,351848,2.861177e+00,4.696754e+00,1.337755e+00
persistence,val,652,2025-07-13T16:00:00,2025-07-13T22:00:00,sd,351848,1.245375e-05,1.711461e-04,4.890337e-06
persistence,val,653,2025-07-13T17:00:00,2025-07-13T23:00:00,swvl1,351848,3.797248e-03,9.733187e-03,-5.035750e-04
persistence,val,653,2025-07-13T17:00:00,2025-07-13T23:00:00,stl1,351848,2.476124e+00,3.989561e+00,1.177752e+00
persistence,val,653,2025-07-13T17:00:00,2025-07-13T23:00:00,sd,351848,1.169966e-05,1.606504e-04,4.248587e-06
persistence,val,654,2025-07-13T18:00:00,2025-07-14T00:00:00,swvl1,351848,3.782565e-03,9.790892e-03,-5.643392e-04
persistence,val,654,2025-07-13T18:00:00,2025-07-14T00:00:00,stl1,351848,2.344916e+00,3.684620e+00,1.204593e+00
persistence,val,654,2025-07-13T18:00:00,2025-07-14T00:00:00,sd,351848,1.584600e-05,1.818632e-04,7.325225e-06
persistence,val,655,2025-07-13T19:00:00,2025-07-14T01:00:00,swvl1,351848,3.851024e-03,9.995137e-03,-5.624645e-04
persistence,val,655,2025-07-13T19:00:00,2025-07-14T01:00:00,stl1,351848,2.317426e+00,3.590867e+00,1.177598e+00
persistence,val,655,2025-07-13T19:00:00,2025-07-14T01:00:00,sd,351848,1.503781e-05,1.734839e-04,6.396848e-06
persistence,val,656,2025-07-13T20:00:00,2025-07-14T02:00:00,swvl1,351848,3.946209e-03,1.025966e-02,-5.119434e-04
persistence,val,656,2025-07-13T20:00:00,2025-07-14T02:00:00,stl1,351848,2.317660e+00,3.630816e+00,5.455328e-01
persistence,val,656,2025-07-13T20:00:00,2025-07-14T02:00:00,sd,351848,1.439742e-05,1.660477e-04,5.669029e-06
persistence,val,657,2025-07-13T21:00:00,2025-07-14T03:00:00,swvl1,351848,4.080226e-03,1.053649e-02,-4.176342e-04
persistence,val,657,2025-07-13T21:00:00,2025-07-14T03:00:00,stl1,351848,2.443597e+00,3.832564e+00,3.546593e-01
persistence,val,657,2025-07-13T21:00:00,2025-07-14T03:00:00,sd,351848,1.405902e-05,1.608394e-04,5.273232e-06
persistence,val,658,2025-07-13T22:00:00,2025-07-14T04:00:00,swvl1,351848,3.338775e-03,9.638997e-03,-1.072448e-04
persistence,val,658,2025-07-13T22:00:00,2025-07-14T04:00:00,stl1,351848,2.275632e+00,3.736587e+00,2.076013e-01
persistence,val,658,2025-07-13T22:00:00,2025-07-14T04:00:00,sd,351848,1.269728e-05,1.449674e-04,5.254741e-06
persistence,val,659,2025-07-13T23:00:00,2025-07-14T05:00:00,swvl1,351848,3.433517e-03,9.833276e-03,1.589756e-05
persistence,val,659,2025-07-13T23:00:00,2025-07-14T05:00:00,stl1,351848,2.574323e+00,4.132998e+00,-3.536260e-01
persistence,val,659,2025-07-13T23:00:00,2025-07-14T05:00:00,sd,351848,1.256934e-05,1.414010e-04,5.241360e-06
persistence,val,660,2025-07-14T00:00:00,2025-07-14T06:00:00,swvl1,351848,3.539792e-03,1.000681e-02,1.296610e-04
persistence,val,660,2025-07-14T00:00:00,2025-07-14T06:00:00,stl1,351848,2.699773e+00,4.350098e+00,-6.878092e-01
persistence,val,660,2025-07-14T00:00:00,2025-07-14T06:00:00,sd,351848,6.611582e-06,9.995016e-05,1.289797e-06
persistence,val,661,2025-07-14T01:00:00,2025-07-14T07:00:00,swvl1,351848,3.652572e-03,1.018314e-02,2.004627e-04
persistence,val,661,2025-07-14T01:00:00,2025-07-14T07:00:00,stl1,351848,2.826383e+00,4.557278e+00,-1.002509e+00
persistence,val,661,2025-07-14T01:00:00,2025-07-14T07:00:00,sd,351848,7.040306e-06,1.091651e-04,1.371412e-06
persistence,val,662,2025-07-14T02:00:00,2025-07-14T08:00:00,swvl1,351848,3.763054e-03,1.029324e-02,2.142261e-04
persistence,val,662,2025-07-14T02:00:00,2025-07-14T08:00:00,stl1,351848,2.752921e+00,4.519455e+00,-1.121525e+00
persistence,val,662,2025-07-14T02:00:00,2025-07-14T08:00:00,sd,351848,7.457331e-06,1.191090e-04,1.470965e-06
persistence,val,663,2025-07-14T03:00:00,2025-07-14T09:00:00,swvl1,351848,3.824272e-03,1.025750e-02,2.026564e-04
persistence,val,663,2025-07-14T03:00:00,2025-07-14T09:00:00,stl1,351848,2.925500e+00,4.906383e+00,-1.360414e+00
persistence,val,663,2025-07-14T03:00:00,2025-07-14T09:00:00,sd,351848,7.675359e-06,1.250436e-04,1.520781e-06
persistence,val,664,2025-07-14T04:00:00,2025-07-14T10:00:00,swvl1,351848,4.194750e-03,9.782084e-03,1.897868e-04
persistence,val,664,2025-07-14T04:00:00,2025-07-14T10:00:00,stl1,351848,3.235508e+00,5.440662e+00,-1.556695e+00
persistence,val,664,2025-07-14T04:00:00,2025-07-14T10:00:00,sd,351848,1.481297e-05,3.843995e-04,1.082906e-05
persistence,val,665,2025-07-14T05:00:00,2025-07-14T11:00:00,swvl1,351848,4.185550e-03,9.685335e-03,1.646882e-04
persistence,val,665,2025-07-14T05:00:00,2025-07-14T11:00:00,stl1,351848,3.025130e+00,5.255264e+00,-1.274218e+00
persistence,val,665,2025-07-14T05:00:00,2025-07-14T11:00:00,sd,351848,1.548040e-05,3.918834e-04,1.171671e-05
persistence,val,666,2025-07-14T06:00:00,2025-07-14T12:00:00,swvl1,351848,4.187293e-03,9.774784e-03,1.111291e-04
persistence,val,666,2025-07-14T06:00:00,2025-07-14T12:00:00,stl1,351848,3.008092e+00,5.308743e+00,-1.173508e+00
persistence,val,666,2025-07-14T06:00:00,2025-07-14T12:00:00,sd,351848,1.595576e-05,4.006639e-04,1.231917e-05
persistence,val,667,2025-07-14T07:00:00,2025-07-14T13:00:00,swvl1,351848,4.262079e-03,1.009808e-02,6.390398e-05
persistence,val,667,2025-07-14T07:00:00,2025-07-14T13:00:00,stl1,351848,2.828444e+00,5.025803e+00,-9.736738e-01
persistence,val,667,2025-07-14T07:00:00,2025-07-14T13:00:00,sd,351848,1.640543e-05,4.110324e-04,1.279240e-05
persistence,val,668,2025-07-14T08:00:00,2025-07-14T14:00:00,swvl1,351848,4.365596e-03,1.051108e-02,3.341247e-06
persistence,val,668,2025-07-14T08:00:00,2025-07-14T14:00:00,stl1,351848,2.606269e+00,4.387187e+00,-5.115989e-01
persistence,val,668,2025-07-14T08:00:00,2025-07-14T14:00:00,sd,351848,1.696628e-05,4.228088e-04,1.331327e-05
persistence,val,669,2025-07-14T09:00:00,2025-07-14T15:00:00,swvl1,351848,4.475309e-03,1.094325e-02,-9.996844e-05
persistence,val,669,2025-07-14T09:00:00,2025-07-14T15:00:00,stl1,351848,2.636587e+00,4.159308e+00,-2.687506e-01
persistence,val,669,2025-07-14T09:00:00,2025-07-14T15:00:00,sd,351848,1.732705e-05,4.269724e-04,1.353554e-05
persistence,val,670,2025-07-14T10:00:00,2025-07-14T16:00:00,swvl1,351848,3.669168e-03,1.016897e-02,-1.821231e-04
persistence,val,670,2025-07-14T10:00:00,2025-07-14T16:00:00,stl1,351848,2.458123e+00,3.834317e+00,2.231080e-02
persistence,val,670,2025-07-14T10:00:00,2025-07-14T16:00:00,sd,351848,9.290657e-06,1.633386e-04,4.443465e-06
persistence,val,671,2025-07-14T11:00:00,2025-07-14T17:00:00,swvl1,351848,3.706036e-03,1.032180e-02,-2.404402e-04
persistence,val,671,2025-07-14T11:00:00,2025-07-14T17:00:00,stl1,351848,2.865646e+00,4.328020e+00,4.438996e-01
persistence,val,671,2025-07-14T11:00:00,2025-07-14T17:00:00,sd,351848,9.708557e-06,1.517007e-04,3.766475e-06
persistence,val,672,2025-07-14T12:00:00,2025-07-14T18:00:00,swvl1,351848,3.744368e-03,1.042848e-02,-2.615731e-04
persistence,val,672,2025-07-14T12:00:00,2025-07-14T18:00:00,stl1,351848,3.122076e+00,4.715264e+00,6.320743e-01
persistence,val,672,2025-07-14T12:00:00,2025-07-14T18:00:00,sd,351848,1.050336e-05,1.556955e-04,3.376972e-06
persistence,val,673,2025-07-14T13:00:00,2025-07-14T19:00:00,swvl1,351848,3.780068e-03,1.054865e-02,-2.928065e-04
persistence,val,673,2025-07-14T13:00:00,2025-07-14T19:00:00,stl1,351848,3.327471e+00,5.015434e+00,7.959738e-01
persistence,val,673,2025-07-14T13:00:00,2025-07-14T19:00:00,sd,351848,1.120235e-05,1.624197e-04,3.100355e-06
persistence,val,674,2025-07-14T14:00:00,2025-07-14T20:00:00,swvl1,351848,3.786020e-03,1.057599e-02,-3.028146e-04
persistence,val,674,2025-07-14T14:00:00,2025-07-14T20:00:00,stl1,351848,3.331686e+00,5.083757e+00,1.048308e+00
persistence,val,674,2025-07-14T14:00:00,2025-07-14T20:00:00,sd,351848,1.167620e-05,1.656831e-04,2.687425e-06
persistence,val,675,2025-07-14T15:00:00,2025-07-14T21:00:00,swvl1,351848,3.706487e-03,1.046151e-02,-2.731914e-04
persistence,val,675,2025-07-14T15:00:00,2025-07-14T21:00:00,stl1,351848,3.004827e+00,4.795256e+00,1.269456e+00
persistence,val,675,2025-07-14T15:00:00,2025-07-14T21:00:00,sd,351848,1.160253e-05,1.619012e-04,2.400758e-06
persistence,val,676,2025-07-14T16:00:00,2025-07-14T22:00:00,swvl1,351848,3.969312e-03,1.017917e-02,-4.438092e-04
persistence,val,676,2025-07-14T16:00:00,2025-07-14T22:00:00,stl1,351848,2.890196e+00,4.665312e+00,1.340603e+00
persistence,val,676,2025-07-14T16:00:00,2025-07-14T22:00:00,sd,351848,1.031824e-05,1.393506e-04,1.604188e-06
persistence,val,677,2025-07-14T17:00:00,2025-07-14T23:00:00,swvl1,351848,3.882172e-03,1.000753e-02,-4.690128e-04
persistence,val,677,2025-07-14T17:00:00,2025-07-14T23:00:00,stl1,351848,2.488367e+00,3.990981e+00,1.198814e+00
persistence,val,677,2025-07-14T17:00:00,2025-07-14T23:00:00,sd,351848,9.137352e-06,1.227218e-04,1.117357e-06
persistence,val,678,2025-07-14T18:00:00,2025-07-15T00:00:00,swvl1,351848,3.810138e-03,9.892780e-03,-4.777401e-04
persistence,val,678,2025-07-14T18:00:00,2025-07-15T00:00:00,stl1,351848,2.303714e+00,3.647415e+00,1.232683e+00
persistence,val,678,2025-07-14T18:00:00,2025-07-15T00:00:00,sd,351848,9.851410e-06,1.250182e-04,2.776687e-06
persistence,val,679,2025-07-14T19:00:00,2025-07-15T01:00:00,swvl1,351848,3.836311e-03,9.927350e-03,-4.361455e-04
persistence,val,679,2025-07-14T19:00:00,2025-07-15T01:00:00,stl1,351848,2.243916e+00,3.514392e+00,1.200091e+00
persistence,val,679,2025-07-14T19:00:00,2025-07-15T01:00:00,sd,351848,9.640652e-06,1.285305e-04,2.450191e-06
persistence,val,680,2025-07-14T20:00:00,2025-07-15T02:00:00,swvl1,351848,3.916572e-03,1.006989e-02,-3.395233e-04
persistence,val,680,2025-07-14T20:00:00,2025-07-15T02:00:00,stl1,351848,2.258751e+00,3.490412e+00,6.133241e-01
persistence,val,680,2025-07-14T20:00:00,2025-07-15T02:00:00,sd,351848,9.669583e-06,1.369504e-04,2.249551e-06
persistence,val,681,2025-07-14T21:00:00,2025-07-15T03:00:00,swvl1,351848,4.061433e-03,1.028514e-02,-2.144698e-04
persistence,val,681,2025-07-14T21:00:00,2025-07-15T03:00:00,stl1,351848,2.418124e+00,3.701806e+00,3.913899e-01
persistence,val,681,2025-07-14T21:00:00,2025-07-15T03:00:00,sd,351848,9.939099e-06,1.466881e-04,2.294017e-06
persistence,val,682,2025-07-14T22:00:00,2025-07-15T04:00:00,swvl1,351848,3.297148e-03,9.234934e-03,7.753601e-05
persistence,val,682,2025-07-14T22:00:00,2025-07-15T04:00:00,stl1,351848,2.275413e+00,3.641842e+00,2.008920e-01
persistence,val,682,2025-07-14T22:00:00,2025-07-15T04:00:00,sd,351848,9.699510e-06,1.486392e-04,2.833563e-06
persistence,val,683,2025-07-14T23:00:00,2025-07-15T05:00:00,swvl1,351848,3.414161e-03,9.504239e-03,1.950156e-04
persistence,val,683,2025-07-14T23:00:00,2025-07-15T05:00:00,stl1,351848,2.636910e+00,4.099013e+00,-3.442356e-01
persistence,val,683,2025-07-14T23:00:00,2025-07-15T05:00:00,sd,351848,1.002096e-05,1.543513e-04,3.054244e-06
persistence,val,684,2025-07-15T00:00:00,2025-07-15T06:00:00,swvl1,351848,3.535713e-03,9.814913e-03,2.983798e-04
persistence,val,684,2025-07-15T00:00:00,2025-07-15T06:00:00,stl1,351848,2.783181e+00,4.371400e+00,-6.556770e-01
persistence,val,684,2025-07-15T00:00:00,2025-07-15T06:00:00,sd,351848,5.962709e-06,9.385898e-05,1.148796e-06
persistence,val,685,2025-07-15T01:00:00,2025-07-15T07:00:00,swvl1,351848,3.645241e-03,9.951139e-03,3.690603e-04
persistence,val,685,2025-07-15T01:00:00,2025-07-15T07:00:00,stl1,351848,2.896025e+00,4.613622e+00,-9.998790e-01
persistence,val,685,2025-07-15T01:00:00,2025-07-15T07:00:00,sd,351848,6.467054e-06,1.055968e-04,1.226237e-06
persistence,val,686,2025-07-15T02:00:00,2025-07-15T08:00:00,swvl1,351848,3.744847e-03,1.014012e-02,3.712018e-04
persistence,val,686,2025-07-15T02:00:00,2025-07-15T08:00:00,stl1,351848,2.873149e+00,4.659259e+00,-1.143793e+00
persistence,val,686,2025-07-15T02:00:00,2025-07-15T08:00:00,sd,351848,6.853836e-06,1.138920e-04,1.253458e-06
persistence,val,687,2025-07-15T03:00:00,2025-07-15T09:00:00,swvl1,351848,3.819026e-03,1.029262e-02,3.262752e-04
persistence,val,687,2025-07-15T03:00:00,2025-07-15T09:00:00,stl1,351848,3.000338e+00,5.002727e+00,-1.408115e+00
persistence,val,687,2025-07-15T03:00:00,2025-07-15T09:00:00,sd,351848,7.011266e-06,1.170380e-04,1.187669e-06
persistence,val,688,2025-07-15T04:00:00,2025-07-15T10:00:00,swvl1,351848,4.323267e-03,1.023112e-02,2.424191e-04
persistence,val,688,2025-07-15T04:00:00,2025-07-15T10:00:00,stl1,351848,3.281584e+00,5.473889e+00,-1.586535e+00
persistence,val,688,2025-07-15T04:00:00,2025-07-15T10:00:00,sd,351848,7.028935e-06,1.131598e-04,1.211232e-06
persistence,val,689,2025-07-15T05:00:00,2025-07-15T11:00:00,swvl1,351848,4.355693e-03,1.027287e-02,1.558041e-04
persistence,val,689,2025-07-15T05:00:00,2025-07-15T11:00:00,stl1,351848,3.014375e+00,5.210872e+00,-1.313296e+00
persistence,val,689,2025-07-15T05:00:00,2025-07-15T11:00:00,sd,351848,6.754511e-06,1.065260e-04,1.098671e-06
persistence,val,690,2025-07-15T06:00:00,2025-07-15T12:00:00,swvl1,351848,4.396196e-03,1.044698e-02,5.909637e-05
persistence,val,690,2025-07-15T06:00:00,2025-07-15T12:00:00,stl1,351848,3.001410e+00,5.270078e+00,-1.257284e+00
persistence,val,690,2025-07-15T06:00:00,2025-07-15T12:00:00,sd,351848,6.498827e-06,1.020145e-04,9.745043e-07
persistence,val,691,2025-07-15T07:00:00,2025-07-15T13:00:00,swvl1,351848,4.506402e-03,1.079427e-02,-3.293922e-05
persistence,val,691,2025-07-15T07:00:00,2025-07-15T13:00:00,stl1,351848,2.861584e+00,5.026233e+00,-1.068881e+00
persistence,val,691,2025-07-15T07:00:00,2025-07-15T13:00:00,sd,351848,6.431897e-06,1.021140e-04,8.807897e-07
persistence,val,692,2025-07-15T08:00:00,2025-07-15T14:00:00,swvl1,351848,4.619352e-03,1.115774e-02,-1.383623e-04
persistence,val,692,2025-07-15T08:00:00,2025-07-15T14:00:00,stl1,351848,2.671550e+00,4.450765e+00,-5.875737e-01
persistence,val,692,2025-07-15T08:00:00,2025-07-15T14:00:00,sd,351848,6.704904e-06,1.085402e-04,9.328498e-07
persistence,val,693,2025-07-15T09:00:00,2025-07-15T15:00:00,swvl1,351848,4.707701e-03,1.143058e-02,-2.256575e-04
persistence,val,693,2025-07-15T09:00:00,2025-07-15T15:00:00,stl1,351848,2.648154e+00,4.209405e+00,-2.781841e-01
persistence,val,693,2025-07-15T09:00:00,2025-07-15T15:00:00,sd,351848,7.249977e-06,1.202921e-04,1.078519e-06
persistence,val,694,2025-07-15T10:00:00,2025-07-15T16:00:00,swvl1,351848,3.726779e-03,1.014016e-02,-2.010482e-04
persistence,val,694,2025-07-15T10:00:00,2025-07-15T16:00:00,stl1,351848,2.483370e+00,3.860781e+00,3.932726e-02
persistence,val,694,2025-07-15T10:00:00,2025-07-15T16:00:00,sd,351848,7.132402e-06,1.263607e-04,1.207873e-06
persistence,val,695,2025-07-15T11:00:00,2025-07-15T17:00:00,swvl1,351848,3.703268e-03,1.000110e-02,-1.341863e-04
persistence,val,695,2025-07-15T11:00:00,2025-07-15T17:00:00,stl1,351848,2.923243e+00,4.388469e+00,4.750032e-01
persistence,val,695,2025-07-15T11:00:00,2025-07-15T17:00:00,sd,351848,7.771358e-06,1.350631e-04,1.517398e-06
persistence,val,696,2025-07-15T12:00:00,2025-07-15T18:00:00,swvl1,351848,3.697294e-03,9.880719e-03,-5.825142e-05
persistence,val,696,2025-07-15T12:00:00,2025-07-15T18:00:00,stl1,351848,3.132538e+00,4.706243e+00,7.321799e-01
persistence,val,696,2025-07-15T12:00:00,2025-07-15T18:00:00,sd,351848,8.396680e-06,1.418235e-04,1.784326e-06
persistence,val,697,2025-07-15T13:00:00,2025-07-15T19:00:00,swvl1,351848,3.695668e-03,9.868579e-03,-1.008252e-05
persistence,val,697,2025-07-15T13:00:00,2025-07-15T19:00:00,stl1,351848,3.290482e+00,4.909232e+00,9.305409e-01
persistence,val,697,2025-07-15T13:00:00,2025-07-15T19:00:00,sd,351848,8.706170e-06,1.437132e-04,1.973232e-06
persistence,val,698,2025-07-15T14:00:00,2025-07-15T20:00:00,swvl1,351848,3.635045e-03,9.715251e-03,7.314021e-05
persistence,val,698,2025-07-15T14:00:00,2025-07-15T20:00:00,stl1,351848,3.295649e+00,5.005760e+00,1.161493e+00
persistence,val,698,2025-07-15T14:00:00,2025-07-15T20:00:00,sd,351848,8.755837e-06,1.410224e-04,2.078659e-06
persistence,val,699,2025-07-15T15:00:00,2025-07-15T21:00:00,swvl1,351848,3.532028e-03,9.570780e-03,1.360778e-04
persistence,val,699,2025-07-15T15:00:00,2025-07-15T21:00:00,stl1,351848,3.036889e+00,4.789614e+00,1.344890e+00
persistence,val,699,2025-07-15T15:00:00,2025-07-15T21:00:00,sd,351848,8.414963e-06,1.335811e-04,1.963642e-06
persistence,val,700,2025-07-15T16:00:00,2025-07-15T22:00:00,swvl1,351848,3.827621e-03,9.448594e-03,-1.022852e-05
persistence,val,700,2025-07-15T16:00:00,2025-07-15T22:00:00,stl1,351848,2.911347e+00,4.656763e+00,1.377514e+00
persistence,val,700,2025-07-15T16:00:00,2025-07-15T22:00:00,sd,351848,7.991470e-06,1.262428e-04,1.843056e-06
persistence,val,701,2025-07-15T17:00:00,2025-07-15T23:00:00,swvl1,351848,3.772951e-03,9.371307e-03,-7.156482e-05
persistence,val,701,2025-07-15T17:00:00,2025-07-15T23:00:00,stl1,351848,2.497726e+00,4.006207e+00,1.221056e+00
persistence,val,701,2025-07-15T17:00:00,2025-07-15T23:00:00,sd,351848,7.225163e-06,1.151290e-04,1.415769e-06
persistence,val,702,2025-07-15T18:00:00,2025-07-16T00:00:00,swvl1,351848,3.733979e-03,9.440857e-03,-1.212930e-04
persistence,val,702,2025-07-15T18:00:00,2025-07-16T00:00:00,stl1,351848,2.345380e+00,3.706089e+00,1.246287e+00
persistence,val,702,2025-07-15T18:00:00,2025-07-16T00:00:00,sd,351848,7.700444e-06,1.120436e-04,1.802673e-06
persistence,val,703,2025-07-15T19:00:00,2025-07-16T01:00:00,swvl1,351848,3.793259e-03,9.689557e-03,-1.165250e-04
persistence,val,703,2025-07-15T19:00:00,2025-07-16T01:00:00,stl1,351848,2.335741e+00,3.603239e+00,1.231570e+00
persistence,val,703,2025-07-15T19:00:00,2025-07-16T01:00:00,sd,351848,7.308629e-06,1.060288e-04,1.463078e-06
persistence,val,704,2025-07-15T20:00:00,2025-07-16T02:00:00,swvl1,351848,3.882397e-03,9.903773e-03,-6.517623e-05
persistence,val,704,2025-07-15T20:00:00,2025-07-16T02:00:00,stl1,351848,2.361755e+00,3.572738e+00,6.502209e-01
persistence,val,704,2025-07-15T20:00:00,2025-07-16T02:00:00,sd,351848,7.133633e-06,1.021453e-04,1.205147e-06
persistence,val,705,2025-07-15T21:00:00,2025-07-16T03:00:00,swvl1,351848,4.015566e-03,1.017400e-02,2.678830e-05
persistence,val,705,2025-07-15T21:00:00,2025-07-16T03:00:00,stl1,351848,2.503784e+00,3.795848e+00,4.038346e-01
persistence,val,705,2025-07-15T21:00:00,2025-07-16T03:00:00,sd,351848,7.029133e-06,9.900502e-05,1.245072e-06
persistence,val,706,2025-07-15T22:00:00,2025-07-16T04:00:00,swvl1,351848,3.183339e-03,8.798707e-03,2.569916e-04
persistence,val,706,2025-07-15T22:00:00,2025-07-16T04:00:00,stl1,351848,2.400924e+00,3.781833e+00,2.514215e-01
persistence,val,706,2025-07-15T22:00:00,2025-07-16T04:00:00,sd,351848,6.269385e-06,8.587331e-05,1.308472e-06
persistence,val,707,2025-07-15T23:00:00,2025-07-16T05:00:00,swvl1,351848,3.283293e-03,8.865747e-03,3.514720e-04
persistence,val,707,2025-07-15T23:00:00,2025-07-16T05:00:00,stl1,351848,2.754444e+00,4.282173e+00,-3.308206e-01
persistence,val,707,2025-07-15T23:00:00,2025-07-16T05:00:00,sd,351848,6.183249e-06,8.298761e-05,1.749106e-06
persistence,test,0,2024-07-16T00:00:00,2024-07-16T06:00:00,swvl1,351848,3.291057e-03,8.669083e-03,7.032872e-04
persistence,test,0,2024-07-16T00:00:00,2024-07-16T06:00:00,stl1,351848,2.815750e+00,4.356090e+00,-6.801822e-01
persistence,test,0,2024-07-16T00:00:00,2024-07-16T06:00:00,sd,351848,5.718319e-06,1.033858e-04,6.915418e-07
persistence,test,1,2024-07-16T01:00:00,2024-07-16T07:00:00,swvl1,351848,3.424458e-03,8.888362e-03,7.983362e-04
persistence,test,1,2024-07-16T01:00:00,2024-07-16T07:00:00,stl1,351848,2.934050e+00,4.587866e+00,-1.030083e+00
persistence,test,1,2024-07-16T01:00:00,2024-07-16T07:00:00,sd,351848,5.778391e-06,1.056186e-04,1.053403e-06
persistence,test,2,2024-07-16T02:00:00,2024-07-16T08:00:00,swvl1,351848,3.530930e-03,9.022866e-03,8.349683e-04
persistence,test,2,2024-07-16T02:00:00,2024-07-16T08:00:00,stl1,351848,2.894545e+00,4.606622e+00,-1.221304e+00
persistence,test,2,2024-07-16T02:00:00,2024-07-16T08:00:00,sd,351848,5.850745e-06,1.095191e-04,1.278644e-06
persistence,test,3,2024-07-16T03:00:00,2024-07-16T09:00:00,swvl1,351848,3.615978e-03,9.132480e-03,7.816204e-04
persistence,test,3,2024-07-16T03:00:00,2024-07-16T09:00:00,stl1,351848,3.008214e+00,4.932822e+00,-1.505684e+00
persistence,test,3,2024-07-16T03:00:00,2024-07-16T09:00:00,sd,351848,5.820485e-06,1.135663e-04,1.324326e-06
persistence,test,4,2024-07-16T04:00:00,2024-07-16T10:00:00,swvl1,351848,4.098626e-03,9.482704e-03,5.331932e-04
persistence,test,4,2024-07-16T04:00:00,2024-07-16T10:00:00,stl1,351848,3.278810e+00,5.453832e+00,-1.707263e+00
persistence,test,4,2024-07-16T04:00:00,2024-07-16T10:00:00,sd,351848,7.090664e-06,1.952731e-04,4.352463e-06
persistence,test,5,2024-07-16T05:00:00,2024-07-16T11:00:00,swvl1,351848,4.068045e-03,9.398061e-03,4.362958e-04
persistence,test,5,2024-07-16T05:00:00,2024-07-16T11:00:00,stl1,351848,3.004002e+00,5.279175e+00,-1.390810e+00
persistence,test,5,2024-07-16T05:00:00,2024-07-16T11:00:00,sd,351848,7.284216e-06,2.149959e-04,4.514232e-06
persistence,test,6,2024-07-16T06:00:00,2024-07-16T12:00:00,swvl1,351848,4.014764e-03,9.313084e-03,3.223273e-04
persistence,test,6,2024-07-16T06:00:00,2024-07-16T12:00:00,stl1,351848,3.033150e+00,5.408552e+00,-1.380173e+00
persistence,test,6,2024-07-16T06:00:00,2024-07-16T12:00:00,sd,351848,7.374578e-06,2.319177e-04,4.565791e-06
persistence,test,7,2024-07-16T07:00:00,2024-07-16T13:00:00,swvl1,351848,4.005671e-03,9.387975e-03,2.029152e-04
persistence,test,7,2024-07-16T07:00:00,2024-07-16T13:00:00,stl1,351848,2.933417e+00,5.227439e+00,-1.237145e+00
persistence,test,7,2024-07-16T07:00:00,2024-07-16T13:00:00,sd,351848,7.409548e-06,2.458794e-04,4.617143e-06
persistence,test,8,2024-07-16T08:00:00,2024-07-16T14:00:00,swvl1,351848,4.039097e-03,9.613813e-03,9.909529e-05
persistence,test,8,2024-07-16T08:00:00,2024-07-16T14:00:00,stl1,351848,2.754405e+00,4.646218e+00,-6.857774e-01
persistence,test,8,2024-07-16T08:00:00,2024-07-16T14:00:00,sd,351848,7.465140e-06,2.588366e-04,4.809863e-06
persistence,test,9,2024-07-16T09:00:00,2024-07-16T15:00:00,swvl1,351848,4.069500e-03,9.779022e-03,6.071397e-05
persistence,test,9,2024-07-16T09:00:00,2024-07-16T15:00:00,stl1,351848,2.747465e+00,4.413444e+00,-4.103296e-01
persistence,test,9,2024-07-16T09:00:00,2024-07-16T15:00:00,sd,351848,7.577161e-06,2.641361e-04,5.089424e-06
persistence,test,10,2024-07-16T10:00:00,2024-07-16T16:00:00,swvl1,351848,3.158086e-03,8.522003e-03,2.110651e-04
persistence,test,10,2024-07-16T10:00:00,2024-07-16T16:00:00,stl1,351848,2.582286e+00,4.023490e+00,-1.175155e-01
persistence,test,10,2024-07-16T10:00:00,2024-07-16T16:00:00,sd,351848,4.759516e-06,9.823538e-05,2.491556e-06
persistence,test,11,2024-07-16T11:00:00,2024-07-16T17:00:00,swvl1,351848,3.153670e-03,8.560887e-03,2.253133e-04
persistence,test,11,2024-07-16T11:00:00,2024-07-16T17:00:00,stl1,351848,3.043696e+00,4.516071e+00,3.918220e-01
persistence,test,11,2024-07-16T11:00:00,2024-07-16T17:00:00,sd,351848,5.150735e-06,9.846360e-05,2.914530e-06
persistence,test,12,2024-07-16T12:00:00,2024-07-16T18:00:00,swvl1,351848,3.183830e-03,8.684519e-03,2.613025e-04
persistence,test,12,2024-07-16T12:00:00,2024-07-16T18:00:00,stl1,351848,3.291207e+00,4.857063e+00,6.493068e-01
persistence,test,12,2024-07-16T12:00:00,2024-07-16T18:00:00,sd,351848,5.901148e-06,1.069438e-04,3.514881e-06
persistence,test,13,2024-07-16T13:00:00,2024-07-16T19:00:00,swvl1,351848,3.231076e-03,8.914545e-03,2.813043e-04
persistence,test,13,2024-07-16T13:00:00,2024-07-16T19:00:00,stl1,351848,3.468098e+00,5.120829e+00,8.512232e-01
persistence,test,13,2024-07-16T13:00:00,2024-07-16T19:00:00,sd,351848,6.746190e-06,1.194939e-04,4.051980e-06
persistence,test,14,2024-07-16T14:00:00,2024-07-16T20:00:00,swvl1,351848,3.268776e-03,9.144882e-03,2.658630e-04
persistence,test,14,2024-07-16T14:00:00,2024-07-16T20:00:00,stl1,351848,3.477199e+00,5.186321e+00,1.068165e+00
persistence,test,14,2024-07-16T14:00:00,2024-07-16T20:00:00,sd,351848,7.279565e-06,1.297160e-04,4.192228e-06
persistence,test,15,2024-07-16T15:00:00,2024-07-16T21:00:00,swvl1,351848,3.287694e-03,9.308275e-03,1.993910e-04
persistence,test,15,2024-07-16T15:00:00,2024-07-16T21:00:00,stl1,351848,3.211843e+00,4.961064e+00,1.262419e+00
persistence,test,15,2024-07-16T15:00:00,2024-07-16T21:00:00,sd,351848,7.078290e-06,1.256762e-04,3.958743e-06
persistence,test,16,2024-07-16T16:00:00,2024-07-16T22:00:00,swvl1,351848,3.594149e-03,8.891895e-03,-2.125679e-05
persistence,test,16,2024-07-16T16:00:00,2024-07-16T22:00:00,stl1,351848,3.032240e+00,4.803518e+00,1.363293e+00
persistence,test,16,2024-07-16T16:00:00,2024-07-16T22:00:00,sd,351848,6.541790e-06,1.127464e-04,3.527187e-06
persistence,test,17,2024-07-16T17:00:00,2024-07-16T23:00:00,swvl1,351848,3.558651e-03,8.885913e-03,-6.855446e-05
persistence,test,17,2024-07-16T17:00:00,2024-07-16T23:00:00,stl1,351848,2.574088e+00,4.128218e+00,1.173952e+00
persistence,test,17,2024-07-16T17:00:00,2024-07-16T23:00:00,sd,351848,5.682221e-06,9.774962e-05,2.794988e-06
persistence,test,18,2024-07-16T18:00:00,2024-07-17T00:00:00,swvl1,351848,3.531933e-03,8.919304e-03,-1.083615e-04
persistence,test,18,2024-07-16T18:00:00,2024-07-17T00:00:00,stl1,351848,2.397651e+00,3.786479e+00,1.229013e+00
persistence,test,18,2024-07-16T18:00:00,2024-07-17T00:00:00,sd,351848,6.241115e-06,1.005322e-04,1.400691e-07
persistence,test,19,2024-07-16T19:00:00,2024-07-17T01:00:00,swvl1,351848,3.619815e-03,9.289168e-03,-1.207415e-04
persistence,test,19,2024-07-16T19:00:00,2024-07-17T01:00:00,stl1,351848,2.384132e+00,3.679308e+00,1.258897e+00
persistence,test,19,2024-07-16T19:00:00,2024-07-17T01:00:00,sd,351848,5.566497e-06,9.264954e-05,-5.696383e-07
persistence,test,20,2024-07-16T20:00:00,2024-07-17T02:00:00,swvl1,351848,3.750423e-03,9.722302e-03,-6.599046e-05
persistence,test,20,2024-07-16T20:00:00,2024-07-17T02:00:00,stl1,351848,2.391883e+00,3.615838e+00,7.026056e-01
persistence,test,20,2024-07-16T20:00:00,2024-07-17T02:00:00,sd,351848,5.203733e-06,8.913423e-05,-9.080029e-07
persistence,test,21,2024-07-16T21:00:00,2024-07-17T03:00:00,swvl1,351848,3.932725e-03,1.018734e-02,4.640199e-05
persistence,test,21,2024-07-16T21:00:00,2024-07-17T03:00:00,stl1,351848,2.540768e+00,3.819054e+00,5.173622e-01
persistence,test,21,2024-07-16T21:00:00,2024-07-17T03:00:00,sd,351848,5.176349e-06,8.822416e-05,-8.685194e-07
persistence,test,22,2024-07-16T22:00:00,2024-07-17T04:00:00,swvl1,351848,3.123704e-03,9.074710e-03,3.160659e-04
persistence,test,22,2024-07-16T22:00:00,2024-07-17T04:00:00,stl1,351848,2.411710e+00,3.716948e+00,3.502364e-01
persistence,test,22,2024-07-16T22:00:00,2024-07-17T04:00:00,sd,351848,4.811113e-06,8.510521e-05,-8.080325e-07
persistence,test,23,2024-07-16T23:00:00,2024-07-17T05:00:00,swvl1,351848,3.277815e-03,9.385745e-03,3.980112e-04
persistence,test,23,2024-07-16T23:00:00,2024-07-17T05:00:00,stl1,351848,2.755384e+00,4.195478e+00,-2.181561e-01
persistence,test,23,2024-07-16T23:00:00,2024-07-17T05:00:00,sd,351848,4.913875e-06,8.577804e-05,-6.719370e-07
persistence,test,24,2024-07-17T00:00:00,2024-07-17T06:00:00,swvl1,351848,3.432616e-03,9.714018e-03,4.796242e-04
persistence,test,24,2024-07-17T00:00:00,2024-07-17T06:00:00,stl1,351848,2.846088e+00,4.466265e+00,-5.484719e-01
persistence,test,24,2024-07-17T00:00:00,2024-07-17T06:00:00,sd,351848,3.006139e-06,5.897954e-05,1.271095e-06
persistence,test,25,2024-07-17T01:00:00,2024-07-17T07:00:00,swvl1,351848,3.571824e-03,9.931893e-03,5.429849e-04
persistence,test,25,2024-07-17T01:00:00,2024-07-17T07:00:00,stl1,351848,2.944914e+00,4.695415e+00,-9.331810e-01
persistence,test,25,2024-07-17T01:00:00,2024-07-17T07:00:00,sd,351848,3.179975e-06,6.287385e-05,1.311744e-06
persistence,test,26,2024-07-17T02:00:00,2024-07-17T08:00:00,swvl1,351848,3.678958e-03,1.000373e-02,5.818834e-04
persistence,test,26,2024-07-17T02:00:00,2024-07-17T08:00:00,stl1,351848,2.894195e+00,4.683955e+00,-1.115875e+00
persistence,test,26,2024-07-17T02:00:00,2024-07-17T08:00:00,sd,351848,3.404120e-06,6.966145e-05,1.219501e-06
persistence,test,27,2024-07-17T03:00:00,2024-07-17T09:00:00,swvl1,351848,3.752714e-03,1.007024e-02,5.660665e-04
persistence,test,27,2024-07-17T03:00:00,2024-07-17T09:00:00,stl1,351848,3.016665e+00,4.987645e+00,-1.401908e+00
persistence,test,27,2024-07-17T03:00:00,2024-07-17T09:00:00,sd,351848,3.641615e-06,7.796575e-05,1.054479e-06
persistence,test,28,2024-07-17T04:00:00,2024-07-17T10:00:00,swvl1,351848,4.215980e-03,1.029423e-02,3.308878e-04
persistence,test,28,2024-07-17T04:00:00,2024-07-17T10:00:00,stl1,351848,3.326054e+00,5.503135e+00,-1.643872e+00
persistence,test,28,2024-07-17T04:00:00,2024-07-17T10:00:00,sd,351848,5.586384e-06,1.540270e-04,1.234899e-06
persistence,test,29,2024-07-17T05:00:00,2024-07-17T11:00:00,swvl1,351848,4.172176e-03,1.013933e-02,2.690542e-04
persistence,test,29,2024-07-17T05:00:00,2024-07-17T11:00:00,stl1,351848,3.083956e+00,5.333997e+00,-1.382089e+00
persistence,test,29,2024-07-17T05:00:00,2024-07-17T11:00:00,sd,351848,7.126599e-06,2.033214e-04,-3.294281e-07
persistence,test,30,2024-07-17T06:00:00,2024-07-17T12:00:00,swvl1,351848,4.101502e-03,9.952705e-03,1.495892e-04
persistence,test,30,2024-07-17T06:00:00,2024-07-17T12:00:00,stl1,351848,3.071152e+00,5.451181e+00,-1.352436e+00
persistence,test,30,2024-07-17T06:00:00,2024-07-17T12:00:00,sd,351848,8.330523e-06,2.476200e-04,-1.527292e-06
persistence,test,31,2024-07-17T07:00:00,2024-07-17T13:00:00,swvl1,351848,4.127439e-03,1.014635e-02,1.233134e-05
persistence,test,31,2024-07-17T07:00:00,2024-07-17T13:00:00,stl1,351848,2.925266e+00,5.258657e+00,-1.211711e+00
persistence,test,31,2024-07-17T07:00:00,2024-07-17T13:00:00,sd,351848,9.334531e-06,2.823037e-04,-2.488837e-06
persistence,test,32,2024-07-17T08:00:00,2024-07-17T14:00:00,swvl1,351848,4.189867e-03,1.049331e-02,-1.166232e-04
persistence,test,32,2024-07-17T08:00:00,2024-07-17T14:00:00,stl1,351848,2.779391e+00,4.676787e+00,-7.140178e-01
persistence,test,32,2024-07-17T08:00:00,2024-07-17T14:00:00,sd,351848,1.030060e-05,3.099064e-04,-3.277923e-06
persistence,test,33,2024-07-17T09:00:00,2024-07-17T15:00:00,swvl1,351848,4.283906e-03,1.089164e-02,-2.010004e-04
persistence,test,33,2024-07-17T09:00:00,2024-07-17T15:00:00,stl1,351848,2.776051e+00,4.454346e+00,-4.411688e-01
persistence,test,33,2024-07-17T09:00:00,2024-07-17T15:00:00,sd,351848,1.088216e-05,3.114441e-04,-3.887761e-06
persistence,test,34,2024-07-17T10:00:00,2024-07-17T16:00:00,swvl1,351848,3.335886e-03,9.225629e-03,-6.363487e-05
persistence,test,34,2024-07-17T10:00:00,2024-07-17T16:00:00,stl1,351848,2.592719e+00,4.087139e+00,-1.466078e-01
persistence,test,34,2024-07-17T10:00:00,2024-07-17T16:00:00,sd,351848,9.584916e-06,2.351963e-04,-5.020372e-06
persistence,test,35,2024-07-17T11:00:00,2024-07-17T17:00:00,swvl1,351848,3.363439e-03,9.373697e-03,-7.814522e-05
persistence,test,35,2024-07-17T11:00:00,2024-07-17T17:00:00,stl1,351848,3.039631e+00,4.586699e+00,3.176885e-01
persistence,test,35,2024-07-17T11:00:00,2024-07-17T17:00:00,sd,351848,9.243424e-06,1.896503e-04,-4.231972e-06
persistence,test,36,2024-07-17T12:00:00,2024-07-17T18:00:00,swvl1,351848,3.405432e-03,9.401972e-03,-3.114019e-05
persistence,test,36,2024-07-17T12:00:00,2024-07-17T18:00:00,stl1,351848,3.297919e+00,4.931126e+00,5.815712e-01
persistence,test,36,2024-07-17T12:00:00,2024-07-17T18:00:00,sd,351848,9.415363e-06,1.786487e-04,-3.777694e-06
persistence,test,37,2024-07-17T13:00:00,2024-07-17T19:00:00,swvl1,351848,3.426705e-03,9.398199e-03,2.292019e-05
persistence,test,37,2024-07-17T13:00:00,2024-07-17T19:00:00,stl1,351848,3.453016e+00,5.156513e+00,7.830424e-01
persistence,test,37,2024-07-17T13:00:00,2024-07-17T19:00:00,sd,351848,9.742173e-06,1.835769e-04,-3.468215e-06
persistence,test,38,2024-07-17T14:00:00,2024-07-17T20:00:00,swvl1,351848,3.461573e-03,9.534728e-03,2.520066e-05
persistence,test,38,2024-07-17T14:00:00,2024-07-17T20:00:00,stl1,351848,3.477308e+00,5.229299e+00,1.056304e+00
persistence,test,38,2024-07-17T14:00:00,2024-07-17T20:00:00,sd,351848,9.918584e-06,1.859480e-04,-3.270310e-06
persistence,test,39,2024-07-17T15:00:00,2024-07-17T21:00:00,swvl1,351848,3.478749e-03,9.735506e-03,-2.807850e-05
persistence,test,39,2024-07-17T15:00:00,2024-07-17T21:00:00,stl1,351848,3.187727e+00,4.984076e+00,1.248224e+00
persistence,test,39,2024-07-17T15:00:00,2024-07-17T21:00:00,sd,351848,9.710628e-06,1.766295e-04,-3.249859e-06
persistence,test,40,2024-07-17T16:00:00,2024-07-17T22:00:00,swvl1,351848,3.876197e-03,9.794778e-03,-2.579844e-04
persistence,test,40,2024-07-17T16:00:00,2024-07-17T22:00:00,stl1,351848,2.974342e+00,4.768061e+00,1.357273e+00
persistence,test,40,2024-07-17T16:00:00,2024-07-17T22:00:00,sd,351848,8.867893e-06,1.545309e-04,-2.781273e-06
persistence,test,41,2024-07-17T17:00:00,2024-07-17T23:00:00,swvl1,351848,3.849043e-03,9.774991e-03,-3.165061e-04
persistence,test,41,2024-07-17T17:00:00,2024-07-17T23:00:00,stl1,351848,2.479452e+00,4.029118e+00,1.208630e+00
persistence,test,41,2024-07-17T17:00:00,2024-07-17T23:00:00,sd,351848,8.166673e-06,1.420368e-04,-2.841895e-06
persistence,test,42,2024-07-17T18:00:00,2024-07-18T00:00:00,swvl1,351848,3.833279e-03,9.850511e-03,-3.805089e-04
persistence,test,42,2024-07-17T18:00:00,2024-07-18T00:00:00,stl1,351848,2.310777e+00,3.673159e+00,1.244726e+00
persistence,test,42,2024-07-17T18:00:00,2024-07-18T00:00:00,sd,351848,7.580218e-06,1.294764e-04,-2.896045e-06
persistence,test,43,2024-07-17T19:00:00,2024-07-18T01:00:00,swvl1,351848,3.915238e-03,1.015872e-02,-4.112859e-04
persistence,test,43,2024-07-17T19:00:00,2024-07-18T01:00:00,stl1,351848,2.284898e+00,3.559562e+00,1.275711e+00
persistence,test,43,2024-07-17T19:00:00,2024-07-18T01:00:00,sd,351848,7.235799e-06,1.209580e-04,-2.925584e-06
persistence,test,44,2024-07-17T20:00:00,2024-07-18T02:00:00,swvl1,351848,4.018751e-03,1.042534e-02,-3.655885e-04
persistence,test,44,2024-07-17T20:00:00,2024-07-18T02:00:00,stl1,351848,2.343087e+00,3.597216e+00,6.946628e-01
persistence,test,44,2024-07-17T20:00:00,2024-07-18T02:00:00,sd,351848,7.214451e-06,1.176573e-04,-2.933932e-06
persistence,test,45,2024-07-17T21:00:00,2024-07-18T03:00:00,swvl1,351848,4.154378e-03,1.070310e-02,-2.401997e-04
persistence,test,45,2024-07-17T21:00:00,2024-07-18T03:00:00,stl1,351848,2.530568e+00,3.852844e+00,5.236845e-01
persistence,test,45,2024-07-17T21:00:00,2024-07-18T03:00:00,sd,351848,7.390358e-06,1.177447e-04,-2.859299e-06
persistence,test,46,2024-07-17T22:00:00,2024-07-18T04:00:00,swvl1,351848,3.231409e-03,9.130689e-03,6.909894e-05
persistence,test,46,2024-07-17T22:00:00,2024-07-18T04:00:00,stl1,351848,2.437957e+00,3.834127e+00,3.785375e-01
persistence,test,46,2024-07-17T22:00:00,2024-07-18T04:00:00,sd,351848,7.004815e-06,1.149439e-04,-3.040646e-06
persistence,test,47,2024-07-17T23:00:00,2024-07-18T05:00:00,swvl1,351848,3.289190e-03,9.135382e-03,2.064367e-04
persistence,test,47,2024-07-17T23:00:00,2024-07-18T05:00:00,stl1,351848,2.778506e+00,4.283713e+00,-1.856678e-01
persistence,test,47,2024-07-17T23:00:00,2024-07-18T05:00:00,sd,351848,7.095404e-06,1.157214e-04,-2.832178e-06
persistence,test,48,2024-07-18T00:00:00,2024-07-18T06:00:00,swvl1,351848,3.373222e-03,9.145965e-03,3.299396e-04
persistence,test,48,2024-07-18T00:00:00,2024-07-18T06:00:00,stl1,351848,2.861239e+00,4.524914e+00,-5.171980e-01
persistence,test,48,2024-07-18T00:00:00,2024-07-18T06:00:00,sd,351848,5.375425e-06,1.039836e-04,-2.522458e-06
persistence,test,49,2024-07-18T01:00:00,2024-07-18T07:00:00,swvl1,351848,3.457938e-03,9.117058e-03,4.215982e-04
persistence,test,49,2024-07-18T01:00:00,2024-07-18T07:00:00,stl1,351848,2.981898e+00,4.739129e+00,-8.764545e-01
persistence,test,49,2024-07-18T01:00:00,2024-07-18T07:00:00,sd,351848,5.278661e-06,1.041730e-04,-2.223254e-06
persistence,test,50,2024-07-18T02:00:00,2024-07-18T08:00:00,swvl1,351848,3.540896e-03,9.128943e-03,4.469339e-04
persistence,test,50,2024-07-18T02:00:00,2024-07-18T08:00:00,stl1,351848,2.890170e+00,4.637639e+00,-1.068193e+00
persistence,test,50,2024-07-18T02:00:00,2024-07-18T08:00:00,sd,351848,5.149353e-06,1.048322e-04,-1.930504e-06
persistence,test,51,2024-07-18T03:00:00,2024-07-18T09:00:00,swvl1,351848,3.610790e-03,9.232411e-03,4.036605e-04
persistence,test,51,2024-07-18T03:00:00,2024-07-18T09:00:00,stl1,351848,3.006037e+00,4.903973e+00,-1.360436e+00
persistence,test,51,2024-07-18T03:00:00,2024-07-18T09:00:00,sd,351848,5.063591e-06,1.060983e-04,-1.699011e-06
persistence,test,52,2024-07-18T04:00:00,2024-07-18T10:00:00,swvl1,351848,4.085515e-03,9.756828e-03,1.484372e-04
persistence,test,52,2024-07-18T04:00:00,2024-07-18T10:00:00,stl1,351848,3.271832e+00,5.425861e+00,-1.604595e+00
persistence,test,52,2024-07-18T04:00:00,2024-07-18T10:00:00,sd,351848,7.379134e-06,1.626516e-04,1.272656e-06
persistence,test,53,2024-07-18T05:00:00,2024-07-18T11:00:00,swvl1,351848,4.123441e-03,1.001087e-02,2.115977e-05
persistence,test,53,2024-07-18T05:00:00,2024-07-18T11:00:00,stl1,351848,3.014741e+00,5.276088e+00,-1.356952e+00
persistence,test,53,2024-07-18T05:00:00,2024-07-18T11:00:00,sd,351848,8.253042e-06,1.961618e-04,2.263158e-06
persistence,test,54,2024-07-18T06:00:00,2024-07-18T12:00:00,swvl1,351848,4.139135e-03,1.022095e-02,-1.006150e-04
persistence,test,54,2024-07-18T06:00:00,2024-07-18T12:00:00,stl1,351848,3.002306e+00,5.391300e+00,-1.320768e+00
persistence,test,54,2024-07-18T06:00:00,2024-07-18T12:00:00,sd,351848,8.781240e-06,2.233370e-04,2.880124e-06
persistence,test,55,2024-07-18T07:00:00,2024-07-18T13:00:00,swvl1,351848,4.199152e-03,1.046329e-02,-1.834459e-04
persistence,test,55,2024-07-18T07:00:00,2024-07-18T13:00:00,stl1,351848,2.896695e+00,5.223430e+00,-1.191963e+00
persistence,test,55,2024-07-18T07:00:00,2024-07-18T13:00:00,sd,351848,9.003555e-06,2.415598e-04,3.379672e-06
persistence,test,56,2024-07-18T08:00:00,2024-07-18T14:00:00,swvl1,351848,4.269829e-03,1.063682e-02,-2.061876e-04
persistence,test,56,2024-07-18T08:00:00,2024-07-18T14:00:00,stl1,351848,2.752098e+00,4.672952e+00,-7.222631e-01
persistence,test,56,2024-07-18T08:00:00,2024-07-18T14:00:00,sd,351848,9.191765e-06,2.553886e-04,3.831567e-06
persistence,test,57,2024-07-18T09:00:00,2024-07-18T15:00:00,swvl1,351848,4.336122e-03,1.074243e-02,-1.880902e-04
persistence,test,57,2024-07-18T09:00:00,2024-07-18T15:00:00,stl1,351848,2.783318e+00,4.486610e+00,-4.355157e-01
persistence,test,57,2024-07-18T09:00:00,2024-07-18T15:00:00,sd,351848,8.983568e-06,2.530992e-04,3.902527e-06
persistence,test,58,2024-07-18T10:00:00,2024-07-18T16:00:00,swvl1,351848,3.405615e-03,9.072295e-03,2.002769e-05
persistence,test,58,2024-07-18T10:00:00,2024-07-18T16:00:00,stl1,351848,2.621709e+00,4.161952e+00,-1.818308e-01
persistence,test,58,2024-07-18T10:00:00,2024-07-18T16:00:00,sd,351848,6.038475e-06,1.607335e-04,1.224730e-06
persistence,test,59,2024-07-18T11:00:00,2024-07-18T17:00:00,swvl1,351848,3.348899e-03,8.924892e-03,1.111560e-04
persistence,test,59,2024-07-18T11:00:00,2024-07-18T17:00:00,stl1,351848,3.046787e+00,4.628614e+00,2.711357e-01
persistence,test,59,2024-07-18T11:00:00,2024-07-18T17:00:00,sd,351848,5.142219e-06,1.197912e-04,5.422219e-07
persistence,test,60,2024-07-18T12:00:00,2024-07-18T18:00:00,swvl1,351848,3.340781e-03,8.908943e-03,1.998446e-04
persistence,test,60,2024-07-18T12:00:00,2024-07-18T18:00:00,stl1,351848,3.275455e+00,4.930132e+00,5.143978e-01
persistence,test,60,2024-07-18T12:00:00,2024-07-18T18:00:00,sd,351848,4.770432e-06,1.032488e-04,1.498187e-07
persistence,test,61,2024-07-18T13:00:00,2024-07-18T19:00:00,swvl1,351848,3.350735e-03,9.087328e-03,2.530471e-04
persistence,test,61,2024-07-18T13:00:00,2024-07-18T19:00:00,stl1,351848,3.448877e+00,5.151182e+00,7.102368e-01
persistence,test,61,2024-07-18T13:00:00,2024-07-18T19:00:00,sd,351848,4.951635e-06,1.031663e-04,-2.104817e-07
persistence,test,62,2024-07-18T14:00:00,2024-07-18T20:00:00,swvl1,351848,3.352183e-03,9.257589e-03,2.671268e-04
persistence,test,62,2024-07-18T14:00:00,2024-07-18T20:00:00,stl1,351848,3.433231e+00,5.169185e+00,1.006961e+00
persistence,test,62,2024-07-18T14:00:00,2024-07-18T20:00:00,sd,351848,5.340243e-06,1.087400e-04,-5.905740e-07
persistence,test,63,2024-07-18T15:00:00,2024-07-18T21:00:00,swvl1,351848,3.318566e-03,9.298188e-03,2.468354e-04
persistence,test,63,2024-07-18T15:00:00,2024-07-18T21:00:00,stl1,351848,3.118316e+00,4.899845e+00,1.193771e+00
persistence,test,63,2024-07-18T15:00:00,2024-07-18T21:00:00,sd,351848,5.255950e-06,1.052328e-04,-6.382268e-07
persistence,test,64,2024-07-18T16:00:00,2024-07-18T22:00:00,swvl1,351848,3.597871e-03,8.763220e-03,8.310005e-05
persistence,test,64,2024-07-18T16:00:00,2024-07-18T22:00:00,stl1,351848,2.951642e+00,4.725432e+00,1.370492e+00
persistence,test,64,2024-07-18T16:00:00,2024-07-18T22:00:00,sd,351848,4.968345e-06,9.639896e-05,-6.885142e-07
persistence,test,65,2024-07-18T17:00:00,2024-07-18T23:00:00,swvl1,351848,3.537239e-03,8.760930e-03,3.320968e-05
persistence,test,65,2024-07-18T17:00:00,2024-07-18T23:00:00,stl1,351848,2.515200e+00,4.040325e+00,1.215465e+00
persistence,test,65,2024-07-18T17:00:00,2024-07-18T23:00:00,sd,351848,4.363085e-06,8.563674e-05,-7.857768e-07
persistence,test,66,2024-07-18T18:00:00,2024-07-19T00:00:00,swvl1,351848,3.500737e-03,8.839563e-03,-3.647270e-05
persistence,test,66,2024-07-18T18:00:00,2024-07-19T00:00:00,stl1,351848,2.354673e+00,3.716101e+00,1.262204e+00
persistence,test,66,2024-07-18T18:00:00,2024-07-19T00:00:00,sd,351848,5.016372e-06,9.081133e-05,-1.565311e-06
persistence,test,67,2024-07-18T19:00:00,2024-07-19T01:00:00,swvl1,351848,3.566546e-03,9.149303e-03,-7.163826e-05
persistence,test,67,2024-07-18T19:00:00,2024-07-19T01:00:00,stl1,351848,2.313329e+00,3.635109e+00,1.287874e+00
persistence,test,67,2024-07-18T19:00:00,2024-07-19T01:00:00,sd,351848,4.755760e-06,8.694888e-05,-1.677216e-06
persistence,test,68,2024-07-18T20:00:00,2024-07-19T02:00:00,swvl1,351848,3.658868e-03,9.442203e-03,-5.776539e-05
persistence,test,68,2024-07-18T20:00:00,2024-07-19T02:00:00,stl1,351848,2.406276e+00,3.709436e+00,7.378396e-01
persistence,test,68,2024-07-18T20:00:00,2024-07-19T02:00:00,sd,351848,4.706126e-06,8.589665e-05,-1.698233e-06
persistence,test,69,2024-07-18T21:00:00,2024-07-19T03:00:00,swvl1,351848,3.779309e-03,9.664029e-03,8.034703e-06
persistence,test,69,2024-07-18T21:00:00,2024-07-19T03:00:00,stl1,351848,2.568135e+00,3.927925e+00,5.516595e-01
persistence,test,69,2024-07-18T21:00:00,2024-07-19T03:00:00,sd,351848,4.854657e-06,8.640176e-05,-1.608259e-06
persistence,test,70,2024-07-18T22:00:00,2024-07-19T04:00:00,swvl1,351848,2.962554e-03,8.368683e-03,2.300099e-04
persistence,test,70,2024-07-18T22:00:00,2024-07-19T04:00:00,stl1,351848,2.451007e+00,3.929028e+00,3.625166e-01
persistence,test,70,2024-07-18T22:00:00,2024-07-19T04:00:00,sd,351848,4.485813e-06,7.955218e-05,-1.525153e-06
persistence,test,71,2024-07-18T23:00:00,2024-07-19T05:00:00,swvl1,351848,3.047665e-03,8.373799e-03,3.081527e-04
persistence,test,71,2024-07-18T23:00:00,2024-07-19T05:00:00,stl1,351848,2.744742e+00,4.277699e+00,-1.826096e-01
persistence,test,71,2024-07-18T23:00:00,2024-07-19T05:00:00,sd,351848,4.575963e-06,8.001308e-05,-1.398444e-06
persistence,test,72,2024-07-19T00:00:00,2024-07-19T06:00:00,swvl1,351848,3.146414e-03,8.418635e-03,3.864971e-04
persistence,test,72,2024-07-19T00:00:00,2024-07-19T06:00:00,stl1,351848,2.834226e+00,4.482143e+00,-4.843964e-01
persistence,test,72,2024-07-19T00:00:00,2024-07-19T06:00:00,sd,351848,2.596573e-06,5.502275e-05,-6.350312e-07
persistence,test,73,2024-07-19T01:00:00,2024-07-19T07:00:00,swvl1,351848,3.264512e-03,8.573347e-03,4.201404e-04
persistence,test,73,2024-07-19T01:00:00,2024-07-19T07:00:00,stl1,351848,2.930827e+00,4.658124e+00,-8.353743e-01
persistence,test,73,2024-07-19T01:00:00,2024-07-19T07:00:00,sd,351848,2.582576e-06,5.711001e-05,-4.994154e-07
persistence,test,74,2024-07-19T02:00:00,2024-07-19T08:00:00,swvl1,351848,3.386095e-03,8.821212e-03,3.861935e-04
persistence,test,74,2024-07-19T02:00:00,2024-07-19T08:00:00,stl1,351848,2.865452e+00,4.603819e+00,-1.023807e+00
persistence,test,74,2024-07-19T02:00:00,2024-07-19T08:00:00,sd,351848,2.651414e-06,6.125057e-05,-3.464445e-07
persistence,test,75,2024-07-19T03:00:00,2024-07-19T09:00:00,swvl1,351848,3.494868e-03,9.100234e-03,3.050297e-04
persistence,test,75,2024-07-19T03:00:00,2024-07-19T09:00:00,stl1,351848,2.973714e+00,4.870163e+00,-1.297819e+00
persistence,test,75,2024-07-19T03:00:00,2024-07-19T09:00:00,sd,351848,2.738504e-06,6.632333e-05,-2.084787e-07
persistence,test,76,2024-07-19T04:00:00,2024-07-19T10:00:00,swvl1,351848,3.913753e-03,9.342714e-03,7.678790e-05
persistence,test,76,2024-07-19T04:00:00,2024-07-19T10:00:00,stl1,351848,3.250350e+00,5.349358e+00,-1.514384e+00
persistence,test,76,2024-07-19T04:00:00,2024-07-19T10:00:00,sd,351848,3.874257e-06,9.891932e-05,3.979245e-07
persistence,test,77,2024-07-19T05:00:00,2024-07-19T11:00:00,swvl1,351848,3.930312e-03,9.409962e-03,5.222091e-06
persistence,test,77,2024-07-19T05:00:00,2024-07-19T11:00:00,stl1,351848,3.052112e+00,5.280688e+00,-1.291457e+00
persistence,test,77,2024-07-19T05:00:00,2024-07-19T11:00:00,sd,351848,4.226041e-06,1.087294e-04,4.469379e-07
persistence,test,78,2024-07-19T06:00:00,2024-07-19T12:00:00,swvl1,351848,3.918573e-03,9.380775e-03,-5.856866e-05
persistence,test,78,2024-07-19T06:00:00,2024-07-19T12:00:00,stl1,351848,3.049604e+00,5.425664e+00,-1.284883e+00
persistence,test,78,2024-07-19T06:00:00,2024-07-19T12:00:00,sd,351848,4.403734e-06,1.148670e-04,5.408883e-07
persistence,test,79,2024-07-19T07:00:00,2024-07-19T13:00:00,swvl1,351848,3.970163e-03,9.559576e-03,-1.069445e-04
persistence,test,79,2024-07-19T07:00:00,2024-07-19T13:00:00,stl1,351848,2.941742e+00,5.282399e+00,-1.158816e+00
persistence,test,79,2024-07-19T07:00:00,2024-07-19T13:00:00,sd,351848,4.519141e-06,1.179345e-04,6.344267e-07
persistence,test,80,2024-07-19T08:00:00,2024-07-19T14:00:00,swvl1,351848,4.020347e-03,9.689869e-03,-1.142781e-04
persistence,test,80,2024-07-19T08:00:00,2024-07-19T14:00:00,stl1,351848,2.797540e+00,4.742205e+00,-6.711924e-01
persistence,test,80,2024-07-19T08:00:00,2024-07-19T14:00:00,sd,351848,4.591687e-06,1.190989e-04,6.892081e-07
persistence,test,81,2024-07-19T09:00:00,2024-07-19T15:00:00,swvl1,351848,4.093617e-03,9.849223e-03,-9.401803e-05
persistence,test,81,2024-07-19T09:00:00,2024-07-19T15:00:00,stl1,351848,2.791616e+00,4.513506e+00,-3.748398e-01
persistence,test,81,2024-07-19T09:00:00,2024-07-19T15:00:00,sd,351848,4.605890e-06,1.169335e-04,7.320173e-07
persistence,test,82,2024-07-19T10:00:00,2024-07-19T16:00:00,swvl1,351848,3.303878e-03,8.732764e-03,1.002621e-04
persistence,test,82,2024-07-19T10:00:00,2024-07-19T16:00:00,stl1,351848,2.661585e+00,4.141216e+00,-1.256877e-01
persistence,test,82,2024-07-19T10:00:00,2024-07-19T16:00:00,sd,351848,3.427116e-06,8.137670e-05,3.711342e-07
persistence,test,83,2024-07-19T11:00:00,2024-07-19T17:00:00,swvl1,351848,3.317135e-03,8.698096e-03,1.643514e-04
persistence,test,83,2024-07-19T11:00:00,2024-07-19T17:00:00,stl1,351848,3.066701e+00,4.559381e+00,3.485051e-01
persistence,test,83,2024-07-19T11:00:00,2024-07-19T17:00:00,sd,351848,3.553755e-06,8.035061e-05,6.770598e-07
persistence,test,84,2024-07-19T12:00:00,2024-07-19T18:00:00,swvl1,351848,3.348734e-03,8.683826e-03,2.446528e-04
persistence,test,84,2024-07-19T12:00:00,2024-07-19T18:00:00,stl1,351848,3.325399e+00,4.893148e+00,5.911948e-01
persistence,test,84,2024-07-19T12:00:00,2024-07-19T18:00:00,sd,351848,3.924279e-06,8.702493e-05,1.017471e-06
persistence,test,85,2024-07-19T13:00:00,2024-07-19T19:00:00,swvl1,351848,3.367236e-03,8.717730e-03,3.020640e-04
persistence,test,85,2024-07-19T13:00:00,2024-07-19T19:00:00,stl1,351848,3.481714e+00,5.119059e+00,7.974358e-01
persistence,test,85,2024-07-19T13:00:00,2024-07-19T19:00:00,sd,351848,4.346562e-06,9.576995e-05,1.318086e-06
persistence,test,86,2024-07-19T14:00:00,2024-07-19T20:00:00,swvl1,351848,3.356494e-03,8.775945e-03,3.184179e-04
persistence,test,86,2024-07-19T14:00:00,2024-07-19T20:00:00,stl1,351848,3.451358e+00,5.168581e+00,1.031421e+00
persistence,test,86,2024-07-19T14:00:00,2024-07-19T20:00:00,sd,351848,4.581181e-06,1.025553e-04,1.454629e-06
persistence,test,87,2024-07-19T15:00:00,2024-07-19T21:00:00,swvl1,351848,3.312686e-03,8.757286e-03,2.958822e-04
persistence,test,87,2024-07-19T15:00:00,2024-07-19T21:00:00,stl1,351848,3.146743e+00,4.925014e+00,1.197904e+00
persistence,test,87,2024-07-19T15:00:00,2024-07-19T21:00:00,sd,351848,4.579010e-06,1.036296e-04,1.402314e-06
persistence,test,88,2024-07-19T16:00:00,2024-07-19T22:00:00,swvl1,351848,3.739620e-03,9.064193e-03,-1.113057e-04
persistence,test,88,2024-07-19T16:00:00,2024-07-19T22:00:00,stl1,351848,2.996150e+00,4.754649e+00,1.340767e+00
persistence,test,88,2024-07-19T16:00:00,2024-07-19T22:00:00,sd,351848,4.432568e-06,9.526909e-05,1.077253e-06
persistence,test,89,2024-07-19T17:00:00,2024-07-19T23:00:00,swvl1,351848,3.731210e-03,9.210443e-03,-2.312231e-04
persistence,test,89,2024-07-19T17:00:00,2024-07-19T23:00:00,stl1,351848,2.560795e+00,4.081969e+00,1.183993e+00
persistence,test,89,2024-07-19T17:00:00,2024-07-19T23:00:00,sd,351848,4.183292e-06,9.084805e-05,6.411270e-07
persistence,test,90,2024-07-19T18:00:00,2024-07-20T00:00:00,swvl1,351848,3.727293e-03,9.418123e-03,-3.631259e-04
persistence,test,90,2024-07-19T18:00:00,2024-07-20T00:00:00,stl1,351848,2.372866e+00,3.754308e+00,1.226643e+00
persistence,test,90,2024-07-19T18:00:00,2024-07-20T00:00:00,sd,351848,4.344462e-06,8.889133e-05,-6.132986e-08
persistence,test,91,2024-07-19T19:00:00,2024-07-20T01:00:00,swvl1,351848,3.805275e-03,9.811389e-03,-4.382975e-04
persistence,test,91,2024-07-19T19:00:00,2024-07-20T01:00:00,stl1,351848,2.369804e+00,3.696507e+00,1.226506e+00
persistence,test,91,2024-07-19T19:00:00,2024-07-20T01:00:00,sd,351848,4.260971e-06,8.706588e-05,-5.365814e-07
persistence,test,92,2024-07-19T20:00:00,2024-07-20T02:00:00,swvl1,351848,3.903294e-03,1.019336e-02,-4.443316e-04
persistence,test,92,2024-07-19T20:00:00,2024-07-20T02:00:00,stl1,351848,2.415991e+00,3.729876e+00,7.263541e-01
persistence,test,92,2024-07-19T20:00:00,2024-07-20T02:00:00,sd,351848,4.318102e-06,8.744474e-05,-6.939731e-07
persistence,test,93,2024-07-19T21:00:00,2024-07-20T03:00:00,swvl1,351848,4.025788e-03,1.051082e-02,-3.820369e-04
persistence,test,93,2024-07-19T21:00:00,2024-07-20T03:00:00,stl1,351848,2.565159e+00,3.928545e+00,5.537631e-01
persistence,test,93,2024-07-19T21:00:00,2024-07-20T03:00:00,sd,351848,4.552076e-06,8.830625e-05,-6.089998e-07
persistence,test,94,2024-07-19T22:00:00,2024-07-20T04:00:00,swvl1,351848,3.185024e-03,9.211724e-03,5.926182e-05
persistence,test,94,2024-07-19T22:00:00,2024-07-20T04:00:00,stl1,351848,2.442414e+00,3.892830e+00,3.702351e-01
persistence,test,94,2024-07-19T22:00:00,2024-07-20T04:00:00,sd,351848,4.777425e-06,9.069323e-05,-4.393025e-07
persistence,test,95,2024-07-19T23:00:00,2024-07-20T05:00:00,swvl1,351848,3.237040e-03,9.127655e-03,2.030265e-04
persistence,test,95,2024-07-19T23:00:00,2024-07-20T05:00:00,stl1,351848,2.743160e+00,4.239594e+00,-1.448442e-01
persistence,test,95,2024-07-19T23:00:00,2024-07-20T05:00:00,sd,351848,5.058983e-06,9.322627e-05,-3.180685e-07
persistence,test,96,2024-07-20T00:00:00,2024-07-20T06:00:00,swvl1,351848,3.295244e-03,9.014755e-03,3.445299e-04
persistence,test,96,2024-07-20T00:00:00,2024-07-20T06:00:00,stl1,351848,2.832727e+00,4.435371e+00,-4.509524e-01
persistence,test,96,2024-07-20T00:00:00,2024-07-20T06:00:00,sd,351848,3.450548e-06,8.072333e-05,4.162473e-08
persistence,test,97,2024-07-20T01:00:00,2024-07-20T07:00:00,swvl1,351848,3.371604e-03,8.989957e-03,4.275840e-04
persistence,test,97,2024-07-20T01:00:00,2024-07-20T07:00:00,stl1,351848,2.923796e+00,4.597820e+00,-7.815734e-01
persistence,test,97,2024-07-20T01:00:00,2024-07-20T07:00:00,sd,351848,3.575745e-06,8.298550e-05,2.757391e-07
persistence,test,98,2024-07-20T02:00:00,2024-07-20T08:00:00,swvl1,351848,3.466702e-03,9.057687e-03,4.383522e-04
persistence,test,98,2024-07-20T02:00:00,2024-07-20T08:00:00,stl1,351848,2.885565e+00,4.604763e+00,-9.912702e-01
persistence,test,98,2024-07-20T02:00:00,2024-07-20T08:00:00,sd,351848,3.717305e-06,8.654012e-05,3.934468e-07
persistence,test,99,2024-07-20T03:00:00,2024-07-20T09:00:00,swvl1,351848,3.560595e-03,9.219400e-03,3.787623e-04
persistence,test,99,2024-07-20T03:00:00,2024-07-20T09:00:00,stl1,351848,3.008655e+00,4.910219e+00,-1.289194e+00
persistence,test,99,2024-07-20T03:00:00,2024-07-20T09:00:00,sd,351848,3.791311e-06,9.058547e-05,3.842149e-07
persistence,test,100,2024-07-20T04:00:00,2024-07-20T10:00:00,swvl1,351848,4.153595e-03,9.964276e-03,-8.175562e-06
persistence,test,100,2024-07-20T04:00:00,2024-07-20T10:00:00,stl1,351848,3.318446e+00,5.444008e+00,-1.488872e+00
persistence,test,100,2024-07-20T04:00:00,2024-07-20T10:00:00,sd,351848,5.883455e-06,1.632309e-04,2.996709e-06
persistence,test,101,2024-07-20T05:00:00,2024-07-20T11:00:00,swvl1,351848,4.216913e-03,1.035519e-02,-1.640690e-04
persistence,test,101,2024-07-20T05:00:00,2024-07-20T11:00:00,stl1,351848,3.089721e+00,5.327383e+00,-1.282338e+00
persistence,test,101,2024-07-20T05:00:00,2024-07-20T11:00:00,sd,351848,6.701621e-06,1.751996e-04,3.389397e-06
persistence,test,102,2024-07-20T06:00:00,2024-07-20T12:00:00,swvl1,351848,4.247280e-03,1.070393e-02,-3.346012e-04
persistence,test,102,2024-07-20T06:00:00,2024-07-20T12:00:00,stl1,351848,3.079392e+00,5.461840e+00,-1.278648e+00
persistence,test,102,2024-07-20T06:00:00,2024-07-20T12:00:00,sd,351848,7.254918e-06,1.848635e-04,3.557655e-06
persistence,test,103,2024-07-20T07:00:00,2024-07-20T13:00:00,swvl1,351848,4.311729e-03,1.104188e-02,-4.551670e-04
persistence,test,103,2024-07-20T07:00:00,2024-07-20T13:00:00,stl1,351848,2.935657e+00,5.295646e+00,-1.147967e+00
persistence,test,103,2024-07-20T07:00:00,2024-07-20T13:00:00,sd,351848,7.544161e-06,1.906433e-04,3.607389e-06
persistence,test,104,2024-07-20T08:00:00,2024-07-20T14:00:00,swvl1,351848,4.359175e-03,1.128550e-02,-5.243675e-04
persistence,test,104,2024-07-20T08:00:00,2024-07-20T14:00:00,stl1,351848,2.746792e+00,4.717659e+00,-6.500146e-01
persistence,test,104,2024-07-20T08:00:00,2024-07-20T14:00:00,sd,351848,7.639743e-06,1.934243e-04,3.706224e-06
persistence,test,105,2024-07-20T09:00:00,2024-07-20T15:00:00,swvl1,351848,4.434745e-03,1.156689e-02,-5.375346e-04
persistence,test,105,2024-07-20T09:00:00,2024-07-20T15:00:00,stl1,351848,2.689003e+00,4.413573e+00,-3.658918e-01
persistence,test,105,2024-07-20T09:00:00,2024-07-20T15:00:00,sd,351848,7.494451e-06,1.917064e-04,3.766885e-06
persistence,test,106,2024-07-20T10:00:00,2024-07-20T16:00:00,swvl1,351848,3.448324e-03,9.779943e-03,-2.337252e-04
persistence,test,106,2024-07-20T10:00:00,2024-07-20T16:00:00,stl1,351848,2.523566e+00,3.986297e+00,-1.294318e-01
persistence,test,106,2024-07-20T10:00:00,2024-07-20T16:00:00,sd,351848,4.944780e-06,9.990431e-05,1.470968e-06
persistence,test,107,2024-07-20T11:00:00,2024-07-20T17:00:00,swvl1,351848,3.399561e-03,9.564744e-03,-1.508149e-04
persistence,test,107,2024-07-20T11:00:00,2024-07-20T17:00:00,stl1,351848,2.954113e+00,4.432118e+00,3.429288e-01
persistence,test,107,2024-07-20T11:00:00,2024-07-20T17:00:00,sd,351848,4.559045e-06,8.998465e-05,1.574142e-06
persistence,test,108,2024-07-20T12:00:00,2024-07-20T18:00:00,swvl1,351848,3.398715e-03,9.504294e-03,-5.439545e-05
persistence,test,108,2024-07-20T12:00:00,2024-07-20T18:00:00,stl1,351848,3.240824e+00,4.803577e+00,5.621293e-01
persistence,test,108,2024-07-20T12:00:00,2024-07-20T18:00:00,sd,351848,4.625559e-06,8.852734e-05,1.907351e-06
persistence,test,109,2024-07-20T13:00:00,2024-07-20T19:00:00,swvl1,351848,3.420560e-03,9.517444e-03,1.050251e-05
persistence,test,109,2024-07-20T13:00:00,2024-07-20T19:00:00,stl1,351848,3.448425e+00,5.091585e+00,7.586897e-01
persistence,test,109,2024-07-20T13:00:00,2024-07-20T19:00:00,sd,351848,5.024441e-06,9.370203e-05,2.213122e-06
persistence,test,110,2024-07-20T14:00:00,2024-07-20T20:00:00,swvl1,351848,3.432385e-03,9.612174e-03,2.035837e-05
persistence,test,110,2024-07-20T14:00:00,2024-07-20T20:00:00,stl1,351848,3.458367e+00,5.215765e+00,9.871415e-01
persistence,test,110,2024-07-20T14:00:00,2024-07-20T20:00:00,sd,351848,5.371373e-06,9.763220e-05,2.196868e-06
persistence,test,111,2024-07-20T15:00:00,2024-07-20T21:00:00,swvl1,351848,3.413660e-03,9.681752e-03,-6.489715e-06
persistence,test,111,2024-07-20T15:00:00,2024-07-20T21:00:00,stl1,351848,3.189751e+00,5.007890e+00,1.171978e+00
persistence,test,111,2024-07-20T15:00:00,2024-07-20T21:00:00,sd,351848,5.425824e-06,9.595916e-05,1.978802e-06
persistence,test,112,2024-07-20T16:00:00,2024-07-20T22:00:00,swvl1,351848,3.842379e-03,9.981419e-03,-3.351553e-04
persistence,test,112,2024-07-20T16:00:00,2024-07-20T22:00:00,stl1,351848,3.000109e+00,4.819357e+00,1.269280e+00
persistence,test,112,2024-07-20T16:00:00,2024-07-20T22:00:00,sd,351848,5.401175e-06,9.081493e-05,1.502957e-06
persistence,test,113,2024-07-20T17:00:00,2024-07-20T23:00:00,swvl1,351848,3.844349e-03,9.970073e-03,-3.978527e-04
persistence,test,113,2024-07-20T17:00:00,2024-07-20T23:00:00,stl1,351848,2.570700e+00,4.142886e+00,1.094042e+00
persistence,test,113,2024-07-20T17:00:00,2024-07-20T23:00:00,sd,351848,5.031721e-06,8.427361e-05,8.032485e-07
persistence,test,114,2024-07-20T18:00:00,2024-07-21T00:00:00,swvl1,351848,3.810024e-03,9.836398e-03,-4.265129e-04
persistence,test,114,2024-07-20T18:00:00,2024-07-21T00:00:00,stl1,351848,2.388210e+00,3.771078e+00,1.159326e+00
persistence,test,114,2024-07-20T18:00:00,2024-07-21T00:00:00,sd,351848,4.902662e-06,7.716850e-05,2.383318e-08
persistence,test,115,2024-07-20T19:00:00,2024-07-21T01:00:00,swvl1,351848,3.847433e-03,9.802968e-03,-4.057403e-04
persistence,test,115,2024-07-20T19:00:00,2024-07-21T01:00:00,stl1,351848,2.365974e+00,3.671784e+00,1.152997e+00
persistence,test,115,2024-07-20T19:00:00,2024-07-21T01:00:00,sd,351848,4.419691e-06,7.091515e-05,-5.210938e-07
persistence,test,116,2024-07-20T20:00:00,2024-07-21T02:00:00,swvl1,351848,3.907839e-03,9.847471e-03,-3.093997e-04
persistence,test,116,2024-07-20T20:00:00,2024-07-21T02:00:00,stl1,351848,2.405396e+00,3.695404e+00,6.180397e-01
persistence,test,116,2024-07-20T20:00:00,2024-07-21T02:00:00,sd,351848,4.133991e-06,6.803377e-05,-7.384032e-07
persistence,test,117,2024-07-20T21:00:00,2024-07-21T03:00:00,swvl1,351848,4.015985e-03,1.003334e-02,-1.905522e-04
persistence,test,117,2024-07-20T21:00:00,2024-07-21T03:00:00,stl1,351848,2.589060e+00,3.953568e+00,4.413808e-01
persistence,test,117,2024-07-20T21:00:00,2024-07-21T03:00:00,sd,351848,4.058648e-06,6.734033e-05,-5.104551e-07
persistence,test,118,2024-07-20T22:00:00,2024-07-21T04:00:00,swvl1,351848,3.101915e-03,8.555821e-03,2.338948e-04
persistence,test,118,2024-07-20T22:00:00,2024-07-21T04:00:00,stl1,351848,2.481595e+00,3.966624e+00,2.913499e-01
persistence,test,118,2024-07-20T22:00:00,2024-07-21T04:00:00,sd,351848,3.936818e-06,6.657112e-05,-2.869387e-07
persistence,test,119,2024-07-20T23:00:00,2024-07-21T05:00:00,swvl1,351848,3.156006e-03,8.570912e-03,3.733636e-04
persistence,test,119,2024-07-20T23:00:00,2024-07-21T05:00:00,stl1,351848,2.791904e+00,4.369319e+00,-2.561968e-01
persistence,test,119,2024-07-20T23:00:00,2024-07-21T05:00:00,sd,351848,3.940954e-06,6.733120e-05,-1.265330e-07
persistence,test,120,2024-07-21T00:00:00,2024-07-21T06:00:00,swvl1,351848,3.236809e-03,8.630560e-03,4.692445e-04
persistence,test,120,2024-07-21T00:00:00,2024-07-21T06:00:00,stl1,351848,2.885594e+00,4.585925e+00,-5.596329e-01
persistence,test,120,2024-07-21T00:00:00,2024-07-21T06:00:00,sd,351848,3.117762e-06,6.212728e-05,-1.328159e-07
persistence,test,121,2024-07-21T01:00:00,2024-07-21T07:00:00,swvl1,351848,3.327724e-03,8.779162e-03,5.229435e-04
persistence,test,121,2024-07-21T01:00:00,2024-07-21T07:00:00,stl1,351848,2.990183e+00,4.776957e+00,-8.907837e-01
persistence,test,121,2024-07-21T01:00:00,2024-07-21T07:00:00,sd,351848,3.590070e-06,7.572057e-05,-4.386900e-07
persistence,test,122,2024-07-21T02:00:00,2024-07-21T08:00:00,swvl1,351848,3.404841e-03,8.845157e-03,5.262713e-04
persistence,test,122,2024-07-21T02:00:00,2024-07-21T08:00:00,stl1,351848,2.937975e+00,4.744407e+00,-1.081869e+00
persistence,test,122,2024-07-21T02:00:00,2024-07-21T08:00:00,sd,351848,4.217688e-06,9.617820e-05,-9.086832e-07
persistence,test,123,2024-07-21T03:00:00,2024-07-21T09:00:00,swvl1,351848,3.461047e-03,8.828228e-03,4.951528e-04
persistence,test,123,2024-07-21T03:00:00,2024-07-21T09:00:00,stl1,351848,3.038911e+00,5.013661e+00,-1.366677e+00
persistence,test,123,2024-07-21T03:00:00,2024-07-21T09:00:00,sd,351848,4.751244e-06,1.128336e-04,-1.605193e-06
persistence,test,124,2024-07-21T04:00:00,2024-07-21T10:00:00,swvl1,351848,3.933299e-03,9.179856e-03,1.537135e-04
persistence,test,124,2024-07-21T04:00:00,2024-07-21T10:00:00,stl1,351848,3.268094e+00,5.467115e+00,-1.578090e+00
persistence,test,124,2024-07-21T04:00:00,2024-07-21T10:00:00,sd,351848,5.375466e-06,1.269544e-04,-1.408001e-06
persistence,test,125,2024-07-21T05:00:00,2024-07-21T11:00:00,swvl1,351848,3.963124e-03,9.393298e-03,6.213214e-05
persistence,test,125,2024-07-21T05:00:00,2024-07-21T11:00:00,stl1,351848,3.066728e+00,5.313400e+00,-1.308834e+00
persistence,test,125,2024-07-21T05:00:00,2024-07-21T11:00:00,sd,351848,5.732587e-06,1.337839e-04,-1.604039e-06
persistence,test,126,2024-07-21T06:00:00,2024-07-21T12:00:00,swvl1,351848,3.990945e-03,9.694894e-03,-3.559369e-05
persistence,test,126,2024-07-21T06:00:00,2024-07-21T12:00:00,stl1,351848,3.062405e+00,5.445427e+00,-1.271626e+00
persistence,test,126,2024-07-21T06:00:00,2024-07-21T12:00:00,sd,351848,5.820897e-06,1.328888e-04,-1.598745e-06
persistence,test,127,2024-07-21T07:00:00,2024-07-21T13:00:00,swvl1,351848,4.046413e-03,1.009146e-02,-1.147385e-04
persistence,test,127,2024-07-21T07:00:00,2024-07-21T13:00:00,stl1,351848,2.964701e+00,5.264138e+00,-1.152701e+00
persistence,test,127,2024-07-21T07:00:00,2024-07-21T13:00:00,sd,351848,5.729600e-06,1.314038e-04,-1.442175e-06
persistence,test,128,2024-07-21T08:00:00,2024-07-21T14:00:00,swvl1,351848,4.106957e-03,1.046332e-02,-1.812996e-04
persistence,test,128,2024-07-21T08:00:00,2024-07-21T14:00:00,stl1,351848,2.797458e+00,4.741789e+00,-6.622406e-01
persistence,test,128,2024-07-21T08:00:00,2024-07-21T14:00:00,sd,351848,5.990515e-06,1.339613e-04,-1.151292e-06
persistence,test,129,2024-07-21T09:00:00,2024-07-21T15:00:00,swvl1,351848,4.158751e-03,1.071690e-02,-2.109010e-04
persistence,test,129,2024-07-21T09:00:00,2024-07-21T15:00:00,stl1,351848,2.754753e+00,4.481837e+00,-3.891651e-01
persistence,test,129,2024-07-21T09:00:00,2024-07-21T15:00:00,sd,351848,6.404559e-06,1.386148e-04,-7.447511e-07
persistence,test,130,2024-07-21T10:00:00,2024-07-21T16:00:00,swvl1,351848,3.283287e-03,9.424122e-03,3.927337e-05
persistence,test,130,2024-07-21T10:00:00,2024-07-21T16:00:00,stl1,351848,2.625749e+00,4.097494e+00,-1.159788e-01
persistence,test,130,2024-07-21T10:00:00,2024-07-21T16:00:00,sd,351848,6.155437e-06,1.277389e-04,-8.539425e-07
persistence,test,131,2024-07-21T11:00:00,2024-07-21T17:00:00,swvl1,351848,3.265522e-03,9.407792e-03,5.813734e-05
persistence,test,131,2024-07-21T11:00:00,2024-07-21T17:00:00,stl1,351848,3.024342e+00,4.531339e+00,3.451274e-01
persistence,test,131,2024-07-21T11:00:00,2024-07-21T17:00:00,sd,351848,6.619475e-06,1.290769e-04,-1.316178e-07
persistence,test,132,2024-07-21T12:00:00,2024-07-21T18:00:00,swvl1,351848,3.306400e-03,9.519446e-03,9.175307e-05
persistence,test,132,2024-07-21T12:00:00,2024-07-21T18:00:00,stl1,351848,3.281745e+00,4.858608e+00,5.916019e-01
persistence,test,132,2024-07-21T12:00:00,2024-07-21T18:00:00,sd,351848,7.203609e-06,1.349521e-04,8.048016e-07
persistence,test,133,2024-07-21T13:00:00,2024-07-21T19:00:00,swvl1,351848,3.342663e-03,9.704307e-03,1.060363e-04
persistence,test,133,2024-07-21T13:00:00,2024-07-21T19:00:00,stl1,351848,3.477145e+00,5.104868e+00,8.185682e-01
persistence,test,133,2024-07-21T13:00:00,2024-07-21T19:00:00,sd,351848,8.031507e-06,1.482844e-04,1.599268e-06
persistence,test,134,2024-07-21T14:00:00,2024-07-21T20:00:00,swvl1,351848,3.354847e-03,9.851101e-03,1.140340e-04
persistence,test,134,2024-07-21T14:00:00,2024-07-21T20:00:00,stl1,351848,3.504876e+00,5.210347e+00,1.034347e+00
persistence,test,134,2024-07-21T14:00:00,2024-07-21T20:00:00,sd,351848,9.025765e-06,1.637612e-04,1.930778e-06
persistence,test,135,2024-07-21T15:00:00,2024-07-21T21:00:00,swvl1,351848,3.338924e-03,9.950890e-03,9.339035e-05
persistence,test,135,2024-07-21T15:00:00,2024-07-21T21:00:00,stl1,351848,3.211320e+00,4.993301e+00,1.205575e+00
persistence,test,135,2024-07-21T15:00:00,2024-07-21T21:00:00,sd,351848,9.779989e-06,1.739011e-04,1.745899e-06
persistence,test,136,2024-07-21T16:00:00,2024-07-21T22:00:00,swvl1,351848,3.835914e-03,1.016442e-02,-1.784022e-04
persistence,test,136,2024-07-21T16:00:00,2024-07-21T22:00:00,stl1,351848,3.082994e+00,4.841965e+00,1.317554e+00
persistence,test,136,2024-07-21T16:00:00,2024-07-21T22:00:00,sd,351848,9.760815e-06,1.787667e-04,2.207959e-06
persistence,test,137,2024-07-21T17:00:00,2024-07-21T23:00:00,swvl1,351848,3.821292e-03,1.018548e-02,-2.291909e-04
persistence,test,137,2024-07-21T17:00:00,2024-07-21T23:00:00,stl1,351848,2.607726e+00,4.143317e+00,1.135500e+00
persistence,test,137,2024-07-21T17:00:00,2024-07-21T23:00:00,sd,351848,1.009905e-05,1.825481e-04,1.220298e-06
persistence,test,138,2024-07-21T18:00:00,2024-07-22T00:00:00,swvl1,351848,3.795061e-03,1.016011e-02,-2.621686e-04
persistence,test,138,2024-07-21T18:00:00,2024-07-22T00:00:00,stl1,351848,2.421417e+00,3.809883e+00,1.163176e+00
persistence,test,138,2024-07-21T18:00:00,2024-07-22T00:00:00,sd,351848,9.823216e-06,1.812206e-04,2.354688e-06
persistence,test,139,2024-07-21T19:00:00,2024-07-22T01:00:00,swvl1,351848,3.838955e-03,1.021020e-02,-2.523434e-04
persistence,test,139,2024-07-21T19:00:00,2024-07-22T01:00:00,stl1,351848,2.379851e+00,3.705718e+00,1.155571e+00
persistence,test,139,2024-07-21T19:00:00,2024-07-22T01:00:00,sd,351848,1.023498e-05,1.849348e-04,8.490176e-07
persistence,test,140,2024-07-21T20:00:00,2024-07-22T02:00:00,swvl1,351848,3.905179e-03,1.033781e-02,-2.062978e-04
persistence,test,140,2024-07-21T20:00:00,2024-07-22T02:00:00,stl1,351848,2.445707e+00,3.773381e+00,5.861922e-01
persistence,test,140,2024-07-21T20:00:00,2024-07-22T02:00:00,sd,351848,1.056569e-05,1.881341e-04,-2.469620e-07
persistence,test,141,2024-07-21T21:00:00,2024-07-22T03:00:00,swvl1,351848,3.992909e-03,1.050813e-02,-1.186207e-04
persistence,test,141,2024-07-21T21:00:00,2024-07-22T03:00:00,stl1,351848,2.599043e+00,3.985178e+00,4.414681e-01
persistence,test,141,2024-07-21T21:00:00,2024-07-22T03:00:00,sd,351848,1.104496e-05,2.112889e-04,4.439212e-08
persistence,test,142,2024-07-21T22:00:00,2024-07-22T04:00:00,swvl1,351848,3.141660e-03,9.225384e-03,2.475975e-04
persistence,test,142,2024-07-21T22:00:00,2024-07-22T04:00:00,stl1,351848,2.468300e+00,3.972871e+00,2.565788e-01
persistence,test,142,2024-07-21T22:00:00,2024-07-22T04:00:00,sd,351848,1.093054e-05,2.208396e-04,-1.321057e-06
persistence,test,143,2024-07-21T23:00:00,2024-07-22T05:00:00,swvl1,351848,3.183878e-03,9.043163e-03,3.706925e-04
persistence,test,143,2024-07-21T23:00:00,2024-07-22T05:00:00,stl1,351848,2.797540e+00,4.374985e+00,-2.763579e-01
persistence,test,143,2024-07-21T23:00:00,2024-07-22T05:00:00,sd,351848,1.091075e-05,2.322702e-04,-1.412546e-06
persistence,test,144,2024-07-22T00:00:00,2024-07-22T06:00:00,swvl1,351848,3.253596e-03,8.956368e-03,4.947402e-04
persistence,test,144,2024-07-22T00:00:00,2024-07-22T06:00:00,stl1,351848,2.872238e+00,4.544688e+00,-5.714810e-01
persistence,test,144,2024-07-22T00:00:00,2024-07-22T06:00:00,sd,351848,1.140724e-05,2.489798e-04,-3.673501e-06
persistence,test,145,2024-07-22T01:00:00,2024-07-22T07:00:00,swvl1,351848,3.316100e-03,8.825921e-03,5.724167e-04
persistence,test,145,2024-07-22T01:00:00,2024-07-22T07:00:00,stl1,351848,2.968265e+00,4.694188e+00,-9.109209e-01
persistence,test,145,2024-07-22T01:00:00,2024-07-22T07:00:00,sd,351848,1.103876e-05,2.531374e-04,-3.032227e-06
persistence,test,146,2024-07-22T02:00:00,2024-07-22T08:00:00,swvl1,351848,3.368087e-03,8.724566e-03,5.962226e-04
persistence,test,146,2024-07-22T02:00:00,2024-07-22T08:00:00,stl1,351848,2.854790e+00,4.582736e+00,-1.013759e+00
persistence,test,146,2024-07-22T02:00:00,2024-07-22T08:00:00,sd,351848,1.069088e-05,2.562779e-04,-2.338447e-06
persistence,test,147,2024-07-22T03:00:00,2024-07-22T09:00:00,swvl1,351848,3.428859e-03,8.806325e-03,5.765023e-04
persistence,test,147,2024-07-22T03:00:00,2024-07-22T09:00:00,stl1,351848,2.999049e+00,4.910046e+00,-1.352330e+00
persistence,test,147,2024-07-22T03:00:00,2024-07-22T09:00:00,sd,351848,9.606145e-06,1.667337e-04,-2.592271e-06
persistence,test,148,2024-07-22T04:00:00,2024-07-22T10:00:00,swvl1,351848,3.937342e-03,9.218167e-03,3.056996e-04
persistence,test,148,2024-07-22T04:00:00,2024-07-22T10:00:00,stl1,351848,3.261928e+00,5.390188e+00,-1.535212e+00
persistence,test,148,2024-07-22T04:00:00,2024-07-22T10:00:00,sd,351848,9.562021e-06,1.931096e-04,3.120784e-07
persistence,test,149,2024-07-22T05:00:00,2024-07-22T11:00:00,swvl1,351848,3.943664e-03,9.366179e-03,2.259558e-04
persistence,test,149,2024-07-22T05:00:00,2024-07-22T11:00:00,stl1,351848,3.057818e+00,5.312580e+00,-1.313660e+00
persistence,test,149,2024-07-22T05:00:00,2024-07-22T11:00:00,sd,351848,9.122824e-06,1.974790e-04,1.130042e-06
persistence,test,150,2024-07-22T06:00:00,2024-07-22T12:00:00,swvl1,351848,3.926067e-03,9.554298e-03,1.155864e-04
persistence,test,150,2024-07-22T06:00:00,2024-07-22T12:00:00,stl1,351848,3.077342e+00,5.494520e+00,-1.291864e+00
persistence,test,150,2024-07-22T06:00:00,2024-07-22T12:00:00,sd,351848,8.752921e-06,2.009151e-04,1.780946e-06
persistence,test,151,2024-07-22T07:00:00,2024-07-22T13:00:00,swvl1,351848,3.964963e-03,9.837285e-03,1.852857e-06
persistence,test,151,2024-07-22T07:00:00,2024-07-22T13:00:00,stl1,351848,2.979277e+00,5.355482e+00,-1.162459e+00
persistence,test,151,2024-07-22T07:00:00,2024-07-22T13:00:00,sd,351848,8.387663e-06,2.020190e-04,2.299091e-06
persistence,test,152,2024-07-22T08:00:00,2024-07-22T14:00:00,swvl1,351848,4.020623e-03,1.015686e-02,-8.498917e-05
persistence,test,152,2024-07-22T08:00:00,2024-07-22T14:00:00,stl1,351848,2.847004e+00,4.891237e+00,-7.118815e-01
persistence,test,152,2024-07-22T08:00:00,2024-07-22T14:00:00,sd,351848,7.993996e-06,2.037019e-04,2.987700e-06
persistence,test,153,2024-07-22T09:00:00,2024-07-22T15:00:00,swvl1,351848,4.049576e-03,1.035431e-02,-1.227846e-04
persistence,test,153,2024-07-22T09:00:00,2024-07-22T15:00:00,stl1,351848,2.791982e+00,4.538463e+00,-4.223134e-01
persistence,test,153,2024-07-22T09:00:00,2024-07-22T15:00:00,sd,351848,7.885962e-06,2.065025e-04,3.848855e-06
persistence,test,154,2024-07-22T10:00:00,2024-07-22T16:00:00,swvl1,351848,3.202038e-03,8.920486e-03,6.737331e-05
persistence,test,154,2024-07-22T10:00:00,2024-07-22T16:00:00,stl1,351848,2.649377e+00,4.117396e+00,-1.957144e-01
persistence,test,154,2024-07-22T10:00:00,2024-07-22T16:00:00,sd,351848,6.118339e-06,1.213843e-04,2.637528e-06
persistence,test,155,2024-07-22T11:00:00,2024-07-22T17:00:00,swvl1,351848,3.182567e-03,8.858657e-03,9.601557e-05
persistence,test,155,2024-07-22T11:00:00,2024-07-22T17:00:00,stl1,351848,3.035276e+00,4.518867e+00,2.685062e-01
persistence,test,155,2024-07-22T11:00:00,2024-07-22T17:00:00,sd,351848,6.565418e-06,1.278507e-04,3.551253e-06
persistence,test,156,2024-07-22T12:00:00,2024-07-22T18:00:00,swvl1,351848,3.176752e-03,8.885199e-03,1.455287e-04
persistence,test,156,2024-07-22T12:00:00,2024-07-22T18:00:00,stl1,351848,3.291078e+00,4.862921e+00,5.048373e-01
persistence,test,156,2024-07-22T12:00:00,2024-07-22T18:00:00,sd,351848,7.313297e-06,1.394822e-04,4.504087e-06
persistence,test,157,2024-07-22T13:00:00,2024-07-22T19:00:00,swvl1,351848,3.167007e-03,8.887069e-03,2.049136e-04
persistence,test,157,2024-07-22T13:00:00,2024-07-22T19:00:00,stl1,351848,3.491010e+00,5.126804e+00,7.274631e-01
persistence,test,157,2024-07-22T13:00:00,2024-07-22T19:00:00,sd,351848,8.133938e-06,1.525255e-04,5.406428e-06
persistence,test,158,2024-07-22T14:00:00,2024-07-22T20:00:00,swvl1,351848,3.166572e-03,8.967168e-03,2.212937e-04
persistence,test,158,2024-07-22T14:00:00,2024-07-22T20:00:00,stl1,351848,3.518945e+00,5.227992e+00,9.607435e-01
persistence,test,158,2024-07-22T14:00:00,2024-07-22T20:00:00,sd,351848,8.632803e-06,1.597680e-04,5.746275e-06
persistence,test,159,2024-07-22T15:00:00,2024-07-22T21:00:00,swvl1,351848,3.162355e-03,9.094712e-03,1.640287e-04
persistence,test,159,2024-07-22T15:00:00,2024-07-22T21:00:00,stl1,351848,3.202800e+00,4.981218e+00,1.185361e+00
persistence,test,159,2024-07-22T15:00:00,2024-07-22T21:00:00,sd,351848,8.405473e-06,1.530952e-04,5.499484e-06
persistence,test,160,2024-07-22T16:00:00,2024-07-22T22:00:00,swvl1,351848,3.509261e-03,9.328345e-03,-1.907975e-04
persistence,test,160,2024-07-22T16:00:00,2024-07-22T22:00:00,stl1,351848,2.979079e+00,4.791637e+00,1.299391e+00
persistence,test,160,2024-07-22T16:00:00,2024-07-22T22:00:00,sd,351848,7.702138e-06,1.330121e-04,4.528966e-06
persistence,test,161,2024-07-22T17:00:00,2024-07-22T23:00:00,swvl1,351848,3.517963e-03,9.424098e-03,-2.835965e-04
persistence,test,161,2024-07-22T17:00:00,2024-07-22T23:00:00,stl1,351848,2.546059e+00,4.137487e+00,1.175707e+00
persistence,test,161,2024-07-22T17:00:00,2024-07-22T23:00:00,sd,351848,6.770153e-06,1.151838e-04,3.400131e-06
persistence,test,162,2024-07-22T18:00:00,2024-07-23T00:00:00,swvl1,351848,3.541186e-03,9.605396e-03,-3.706313e-04
persistence,test,162,2024-07-22T18:00:00,2024-07-23T00:00:00,stl1,351848,2.407160e+00,3.808660e+00,1.224902e+00
persistence,test,162,2024-07-22T18:00:00,2024-07-23T00:00:00,sd,351848,9.609712e-06,1.339245e-04,6.063996e-06
persistence,test,163,2024-07-22T19:00:00,2024-07-23T01:00:00,swvl1,351848,3.633323e-03,9.846627e-03,-3.959700e-04
persistence,test,163,2024-07-22T19:00:00,2024-07-23T01:00:00,stl1,351848,2.402356e+00,3.728282e+00,1.241966e+00
persistence,test,163,2024-07-22T19:00:00,2024-07-23T01:00:00,sd,351848,8.834668e-06,1.265860e-04,4.932721e-06
persistence,test,164,2024-07-22T20:00:00,2024-07-23T02:00:00,swvl1,351848,3.779498e-03,1.021839e-02,-3.570004e-04
persistence,test,164,2024-07-22T20:00:00,2024-07-23T02:00:00,stl1,351848,2.439913e+00,3.730670e+00,6.935210e-01
persistence,test,164,2024-07-22T20:00:00,2024-07-23T02:00:00,sd,351848,8.341531e-06,1.256969e-04,4.209198e-06
persistence,test,165,2024-07-22T21:00:00,2024-07-23T03:00:00,swvl1,351848,3.940031e-03,1.057931e-02,-2.514887e-04
persistence,test,165,2024-07-22T21:00:00,2024-07-23T03:00:00,stl1,351848,2.586076e+00,3.953736e+00,5.016245e-01
persistence,test,165,2024-07-22T21:00:00,2024-07-23T03:00:00,sd,351848,8.326775e-06,1.281446e-04,4.024870e-06
persistence,test,166,2024-07-22T22:00:00,2024-07-23T04:00:00,swvl1,351848,3.091205e-03,8.947910e-03,1.634620e-04
persistence,test,166,2024-07-22T22:00:00,2024-07-23T04:00:00,stl1,351848,2.442667e+00,3.897465e+00,3.551847e-01
persistence,test,166,2024-07-22T22:00:00,2024-07-23T04:00:00,sd,351848,7.749550e-06,1.147478e-04,4.134875e-06
persistence,test,167,2024-07-22T23:00:00,2024-07-23T05:00:00,swvl1,351848,3.207934e-03,9.156049e-03,2.617841e-04
persistence,test,167,2024-07-22T23:00:00,2024-07-23T05:00:00,stl1,351848,2.758651e+00,4.260579e+00,-2.044886e-01
persistence,test,167,2024-07-22T23:00:00,2024-07-23T05:00:00,sd,351848,7.930929e-06,1.147718e-04,4.221160e-06
persistence,test,168,2024-07-23T00:00:00,2024-07-23T06:00:00,swvl1,351848,3.331026e-03,9.388053e-03,3.568463e-04
persistence,test,168,2024-07-23T00:00:00,2024-07-23T06:00:00,stl1,351848,2.830250e+00,4.460511e+00,-5.339164e-01
persistence,test,168,2024-07-23T00:00:00,2024-07-23T06:00:00,sd,351848,4.357434e-06,8.744789e-05,4.203482e-07
persistence,test,169,2024-07-23T01:00:00,2024-07-23T07:00:00,swvl1,351848,3.484027e-03,9.747047e-03,3.874025e-04
persistence,test,169,2024-07-23T01:00:00,2024-07-23T07:00:00,stl1,351848,2.911273e+00,4.631314e+00,-9.122161e-01
persistence,test,169,2024-07-23T01:00:00,2024-07-23T07:00:00,sd,351848,4.861121e-06,9.754328e-05,3.609889e-07
persistence,test,170,2024-07-23T02:00:00,2024-07-23T08:00:00,swvl1,351848,3.601217e-03,1.008626e-02,3.665662e-04
persistence,test,170,2024-07-23T02:00:00,2024-07-23T08:00:00,stl1,351848,2.854553e+00,4.594696e+00,-1.094156e+00
persistence,test,170,2024-07-23T02:00:00,2024-07-23T08:00:00,sd,351848,5.492875e-06,1.124887e-04,1.054591e-07
persistence,test,171,2024-07-23T03:00:00,2024-07-23T09:00:00,swvl1,351848,3.696251e-03,1.038670e-02,3.142424e-04
persistence,test,171,2024-07-23T03:00:00,2024-07-23T09:00:00,stl1,351848,2.953683e+00,4.869697e+00,-1.386671e+00
persistence,test,171,2024-07-23T03:00:00,2024-07-23T09:00:00,sd,351848,6.143291e-06,1.297271e-04,-2.591429e-07
persistence,test,172,2024-07-23T04:00:00,2024-07-23T10:00:00,swvl1,351848,4.170619e-03,1.080415e-02,-2.731743e-05
persistence,test,172,2024-07-23T04:00:00,2024-07-23T10:00:00,stl1,351848,3.200378e+00,5.373633e+00,-1.600522e+00
persistence,test,172,2024-07-23T04:00:00,2024-07-23T10:00:00,sd,351848,7.248112e-06,1.476900e-04,-3.488649e-07
persistence,test,173,2024-07-23T05:00:00,2024-07-23T11:00:00,swvl1,351848,4.204409e-03,1.084587e-02,-1.053754e-04
persistence,test,173,2024-07-23T05:00:00,2024-07-23T11:00:00,stl1,351848,3.043625e+00,5.281586e+00,-1.386174e+00
persistence,test,173,2024-07-23T05:00:00,2024-07-23T11:00:00,sd,351848,7.277142e-06,1.464412e-04,-1.981139e-07
persistence,test,174,2024-07-23T06:00:00,2024-07-23T12:00:00,swvl1,351848,4.205075e-03,1.091419e-02,-2.054285e-04
persistence,test,174,2024-07-23T06:00:00,2024-07-23T12:00:00,stl1,351848,3.068572e+00,5.450477e+00,-1.359245e+00
persistence,test,174,2024-07-23T06:00:00,2024-07-23T12:00:00,sd,351848,7.166140e-06,1.394849e-04,-2.885298e-08
persistence,test,175,2024-07-23T07:00:00,2024-07-23T13:00:00,swvl1,351848,4.253145e-03,1.121023e-02,-3.216682e-04
persistence,test,175,2024-07-23T07:00:00,2024-07-23T13:00:00,stl1,351848,2.948743e+00,5.269635e+00,-1.233356e+00
persistence,test,175,2024-07-23T07:00:00,2024-07-23T13:00:00,sd,351848,7.039094e-06,1.307914e-04,2.132844e-07
persistence,test,176,2024-07-23T08:00:00,2024-07-23T14:00:00,swvl1,351848,4.286381e-03,1.146128e-02,-4.278544e-04
persistence,test,176,2024-07-23T08:00:00,2024-07-23T14:00:00,stl1,351848,2.799202e+00,4.750465e+00,-7.592897e-01
persistence,test,176,2024-07-23T08:00:00,2024-07-23T14:00:00,sd,351848,7.112410e-06,1.273203e-04,5.558257e-07
persistence,test,177,2024-07-23T09:00:00,2024-07-23T15:00:00,swvl1,351848,4.335041e-03,1.159986e-02,-5.166613e-04
persistence,test,177,2024-07-23T09:00:00,2024-07-23T15:00:00,stl1,351848,2.782207e+00,4.516099e+00,-4.803279e-01
persistence,test,177,2024-07-23T09:00:00,2024-07-23T15:00:00,sd,351848,7.614002e-06,1.339431e-04,1.119059e-06
persistence,test,178,2024-07-23T10:00:00,2024-07-23T16:00:00,swvl1,351848,3.537474e-03,1.034387e-02,-3.155524e-04
persistence,test,178,2024-07-23T10:00:00,2024-07-23T16:00:00,stl1,351848,2.620785e+00,4.150048e+00,-1.981312e-01
persistence,test,178,2024-07-23T10:00:00,2024-07-23T16:00:00,sd,351848,7.354257e-06,1.265456e-04,1.737627e-06
persistence,test,179,2024-07-23T11:00:00,2024-07-23T17:00:00,swvl1,351848,3.549275e-03,1.031125e-02,-3.526219e-04
persistence,test,179,2024-07-23T11:00:00,2024-07-23T17:00:00,stl1,351848,3.020013e+00,4.577053e+00,3.320183e-01
persistence,test,179,2024-07-23T11:00:00,2024-07-23T17:00:00,sd,351848,8.117299e-06,1.359186e-04,2.362201e-06
persistence,test,180,2024-07-23T12:00:00,2024-07-23T18:00:00,swvl1,351848,3.569696e-03,1.034755e-02,-3.616293e-04
persistence,test,180,2024-07-23T12:00:00,2024-07-23T18:00:00,stl1,351848,3.220433e+00,4.847962e+00,6.102815e-01
persistence,test,180,2024-07-23T12:00:00,2024-07-23T18:00:00,sd,351848,8.913511e-06,1.473848e-04,3.097840e-06
persistence,test,181,2024-07-23T13:00:00,2024-07-23T19:00:00,swvl1,351848,3.583342e-03,1.044736e-02,-3.423317e-04
persistence,test,181,2024-07-23T13:00:00,2024-07-23T19:00:00,stl1,351848,3.380535e+00,5.052590e+00,8.440990e-01
persistence,test,181,2024-07-23T13:00:00,2024-07-23T19:00:00,sd,351848,9.563281e-06,1.583374e-04,3.663293e-06
persistence,test,182,2024-07-23T14:00:00,2024-07-23T20:00:00,swvl1,351848,3.618476e-03,1.071962e-02,-3.365850e-04
persistence,test,182,2024-07-23T14:00:00,2024-07-23T20:00:00,stl1,351848,3.343627e+00,5.056496e+00,1.123987e+00
persistence,test,182,2024-07-23T14:00:00,2024-07-23T20:00:00,sd,351848,9.906216e-06,1.635028e-04,3.710320e-06
persistence,test,183,2024-07-23T15:00:00,2024-07-23T21:00:00,swvl1,351848,3.644607e-03,1.105218e-02,-3.667313e-04
persistence,test,183,2024-07-23T15:00:00,2024-07-23T21:00:00,stl1,351848,3.077929e+00,4.847852e+00,1.320237e+00
persistence,test,183,2024-07-23T15:00:00,2024-07-23T21:00:00,sd,351848,9.697415e-06,1.581414e-04,3.034163e-06
persistence,test,184,2024-07-23T16:00:00,2024-07-23T22:00:00,swvl1,351848,4.025245e-03,1.089074e-02,-6.375097e-04
persistence,test,184,2024-07-23T16:00:00,2024-07-23T22:00:00,stl1,351848,2.935598e+00,4.735773e+00,1.419294e+00
persistence,test,184,2024-07-23T16:00:00,2024-07-23T22:00:00,sd,351848,9.041288e-06,1.482830e-04,1.900700e-06
persistence,test,185,2024-07-23T17:00:00,2024-07-23T23:00:00,swvl1,351848,3.996264e-03,1.087759e-02,-6.398651e-04
persistence,test,185,2024-07-23T17:00:00,2024-07-23T23:00:00,stl1,351848,2.532367e+00,4.093648e+00,1.238440e+00
persistence,test,185,2024-07-23T17:00:00,2024-07-23T23:00:00,sd,351848,8.015209e-06,1.342501e-04,4.378443e-07
persistence,test,186,2024-07-23T18:00:00,2024-07-24T00:00:00,swvl1,351848,3.965586e-03,1.085594e-02,-6.280855e-04
persistence,test,186,2024-07-23T18:00:00,2024-07-24T00:00:00,stl1,351848,2.395246e+00,3.779218e+00,1.293683e+00
persistence,test,186,2024-07-23T18:00:00,2024-07-24T00:00:00,sd,351848,7.930317e-06,1.182042e-04,2.752078e-06
persistence,test,187,2024-07-23T19:00:00,2024-07-24T01:00:00,swvl1,351848,3.998283e-03,1.097650e-02,-5.940938e-04
persistence,test,187,2024-07-23T19:00:00,2024-07-24T01:00:00,stl1,351848,2.362550e+00,3.677143e+00,1.337408e+00
persistence,test,187,2024-07-23T19:00:00,2024-07-24T01:00:00,sd,351848,7.299609e-06,1.129091e-04,1.492660e-06
persistence,test,188,2024-07-23T20:00:00,2024-07-24T02:00:00,swvl1,351848,4.066718e-03,1.114568e-02,-5.124061e-04
persistence,test,188,2024-07-23T20:00:00,2024-07-24T02:00:00,stl1,351848,2.397994e+00,3.691988e+00,7.753253e-01
persistence,test,188,2024-07-23T20:00:00,2024-07-24T02:00:00,sd,351848,6.902576e-06,1.127310e-04,8.131201e-07
persistence,test,189,2024-07-23T21:00:00,2024-07-24T03:00:00,swvl1,351848,4.199645e-03,1.152972e-02,-3.944025e-04
persistence,test,189,2024-07-23T21:00:00,2024-07-24T03:00:00,stl1,351848,2.532945e+00,3.896922e+00,6.115281e-01
persistence,test,189,2024-07-23T21:00:00,2024-07-24T03:00:00,sd,351848,7.062738e-06,1.168608e-04,6.308896e-07
persistence,test,190,2024-07-23T22:00:00,2024-07-24T04:00:00,swvl1,351848,3.353409e-03,9.980535e-03,-4.168127e-05
persistence,test,190,2024-07-23T22:00:00,2024-07-24T04:00:00,stl1,351848,2.413492e+00,3.856766e+00,4.303693e-01
persistence,test,190,2024-07-23T22:00:00,2024-07-24T04:00:00,sd,351848,6.614637e-06,1.095243e-04,5.511312e-07
persistence,test,191,2024-07-23T23:00:00,2024-07-24T05:00:00,swvl1,351848,3.457575e-03,1.026681e-02,3.583983e-05
persistence,test,191,2024-07-23T23:00:00,2024-07-24T05:00:00,stl1,351848,2.737012e+00,4.259246e+00,-1.421684e-01
persistence,test,191,2024-07-23T23:00:00,2024-07-24T05:00:00,sd,351848,6.851985e-06,1.184956e-04,6.575037e-07
persistence,test,192,2024-07-24T00:00:00,2024-07-24T06:00:00,swvl1,351848,3.579157e-03,1.059055e-02,1.186610e-04
persistence,test,192,2024-07-24T00:00:00,2024-07-24T06:00:00,stl1,351848,2.826818e+00,4.497475e+00,-5.034471e-01
persistence,test,192,2024-07-24T00:00:00,2024-07-24T06:00:00,sd,351848,5.760957e-06,1.329853e-04,-2.931533e-06
persistence,test,193,2024-07-24T01:00:00,2024-07-24T07:00:00,swvl1,351848,3.681726e-03,1.076315e-02,1.736580e-04
persistence,test,193,2024-07-24T01:00:00,2024-07-24T07:00:00,stl1,351848,2.894232e+00,4.665184e+00,-8.918088e-01
persistence,test,193,2024-07-24T01:00:00,2024-07-24T07:00:00,sd,351848,5.781346e-06,1.361993e-04,-2.663337e-06
persistence,test,194,2024-07-24T02:00:00,2024-07-24T08:00:00,swvl1,351848,3.751976e-03,1.081357e-02,2.075255e-04
persistence,test,194,2024-07-24T02:00:00,2024-07-24T08:00:00,stl1,351848,2.849738e+00,4.610998e+00,-1.043025e+00
persistence,test,194,2024-07-24T02:00:00,2024-07-24T08:00:00,sd,351848,5.843429e-06,1.422298e-04,-2.534999e-06
persistence,test,195,2024-07-24T03:00:00,2024-07-24T09:00:00,swvl1,351848,3.785143e-03,1.081815e-02,2.179147e-04
persistence,test,195,2024-07-24T03:00:00,2024-07-24T09:00:00,stl1,351848,2.975333e+00,4.864361e+00,-1.330827e+00
persistence,test,195,2024-07-24T03:00:00,2024-07-24T09:00:00,sd,351848,5.747050e-06,1.439730e-04,-2.381256e-06
persistence,test,196,2024-07-24T04:00:00,2024-07-24T10:00:00,swvl1,351848,4.158205e-03,1.090089e-02,-2.125075e-05
persistence,test,196,2024-07-24T04:00:00,2024-07-24T10:00:00,stl1,351848,3.226363e+00,5.303550e+00,-1.529218e+00
persistence,test,196,2024-07-24T04:00:00,2024-07-24T10:00:00,sd,351848,6.309489e-06,1.566395e-04,-2.802414e-06
persistence,test,197,2024-07-24T05:00:00,2024-07-24T11:00:00,swvl1,351848,4.163497e-03,1.092480e-02,-6.744556e-05
persistence,test,197,2024-07-24T05:00:00,2024-07-24T11:00:00,stl1,351848,3.005599e+00,5.183356e+00,-1.281538e+00
persistence,test,197,2024-07-24T05:00:00,2024-07-24T11:00:00,sd,351848,6.122090e-06,1.425204e-04,-2.730118e-06
persistence,test,198,2024-07-24T06:00:00,2024-07-24T12:00:00,swvl1,351848,4.162897e-03,1.102245e-02,-1.630211e-04
persistence,test,198,2024-07-24T06:00:00,2024-07-24T12:00:00,stl1,351848,3.002340e+00,5.313010e+00,-1.231517e+00
persistence,test,198,2024-07-24T06:00:00,2024-07-24T12:00:00,sd,351848,5.962882e-06,1.319894e-04,-2.785650e-06
persistence,test,199,2024-07-24T07:00:00,2024-07-24T13:00:00,swvl1,351848,4.208092e-03,1.123258e-02,-2.591463e-04
persistence,test,199,2024-07-24T07:00:00,2024-07-24T13:00:00,stl1,351848,2.891641e+00,5.162699e+00,-1.098004e+00
persistence,test,199,2024-07-24T07:00:00,2024-07-24T13:00:00,sd,351848,5.836647e-06,1.236628e-04,-2.893058e-06
persistence,test,200,2024-07-24T08:00:00,2024-07-24T14:00:00,swvl1,351848,4.252242e-03,1.141934e-02,-3.472285e-04
persistence,test,200,2024-07-24T08:00:00,2024-07-24T14:00:00,stl1,351848,2.746040e+00,4.699228e+00,-6.348042e-01
persistence,test,200,2024-07-24T08:00:00,2024-07-24T14:00:00,sd,351848,5.824266e-06,1.158361e-04,-2.859860e-06
persistence,test,201,2024-07-24T09:00:00,2024-07-24T15:00:00,swvl1,351848,4.303185e-03,1.161209e-02,-4.289974e-04
persistence,test,201,2024-07-24T09:00:00,2024-07-24T15:00:00,stl1,351848,2.713354e+00,4.480029e+00,-3.820726e-01
persistence,test,201,2024-07-24T09:00:00,2024-07-24T15:00:00,sd,351848,5.996132e-06,1.123921e-04,-2.644936e-06
persistence,test,202,2024-07-24T10:00:00,2024-07-24T16:00:00,swvl1,351848,3.608506e-03,1.068279e-02,-2.400843e-04
persistence,test,202,2024-07-24T10:00:00,2024-07-24T16:00:00,stl1,351848,2.533579e+00,4.094184e+00,-9.928183e-02
persistence,test,202,2024-07-24T10:00:00,2024-07-24T16:00:00,sd,351848,5.339831e-06,9.777825e-05,-1.515089e-06
persistence,test,203,2024-07-24T11:00:00,2024-07-24T17:00:00,swvl1,351848,3.583696e-03,1.071025e-02,-2.300649e-04
persistence,test,203,2024-07-24T11:00:00,2024-07-24T17:00:00,stl1,351848,2.950052e+00,4.517022e+00,3.841774e-01
persistence,test,203,2024-07-24T11:00:00,2024-07-24T17:00:00,sd,351848,5.904618e-06,1.059293e-04,-8.111956e-07
persistence,test,204,2024-07-24T12:00:00,2024-07-24T18:00:00,swvl1,351848,3.584610e-03,1.072694e-02,-1.843643e-04
persistence,test,204,2024-07-24T12:00:00,2024-07-24T18:00:00,stl1,351848,3.196052e+00,4.820445e+00,6.387898e-01
persistence,test,204,2024-07-24T12:00:00,2024-07-24T18:00:00,sd,351848,6.794629e-06,1.182866e-04,-8.831803e-08
persistence,test,205,2024-07-24T13:00:00,2024-07-24T19:00:00,swvl1,351848,3.603272e-03,1.072917e-02,-1.545583e-04
persistence,test,205,2024-07-24T13:00:00,2024-07-24T19:00:00,stl1,351848,3.404798e+00,5.066096e+00,8.449478e-01
persistence,test,205,2024-07-24T13:00:00,2024-07-24T19:00:00,sd,351848,7.794189e-06,1.326942e-04,4.536653e-07
persistence,test,206,2024-07-24T14:00:00,2024-07-24T20:00:00,swvl1,351848,3.615902e-03,1.079795e-02,-1.304629e-04
persistence,test,206,2024-07-24T14:00:00,2024-07-24T20:00:00,stl1,351848,3.381673e+00,5.103090e+00,1.087671e+00
persistence,test,206,2024-07-24T14:00:00,2024-07-24T20:00:00,sd,351848,8.699215e-06,1.483145e-04,5.540450e-07
persistence,test,207,2024-07-24T15:00:00,2024-07-24T21:00:00,swvl1,351848,3.582796e-03,1.067051e-02,-1.130515e-04
persistence,test,207,2024-07-24T15:00:00,2024-07-24T21:00:00,stl1,351848,3.114951e+00,4.884432e+00,1.256795e+00
persistence,test,207,2024-07-24T15:00:00,2024-07-24T21:00:00,sd,351848,9.536548e-06,1.631233e-04,5.131466e-08
persistence,test,208,2024-07-24T16:00:00,2024-07-24T22:00:00,swvl1,351848,3.845136e-03,1.030654e-02,-4.041755e-04
persistence,test,208,2024-07-24T16:00:00,2024-07-24T22:00:00,stl1,351848,2.930570e+00,4.731339e+00,1.382095e+00
persistence,test,208,2024-07-24T16:00:00,2024-07-24T22:00:00,sd,351848,9.896054e-06,1.749354e-04,-1.390689e-07
persistence,test,209,2024-07-24T17:00:00,2024-07-24T23:00:00,swvl1,351848,3.815093e-03,1.039446e-02,-4.042882e-04
persistence,test,209,2024-07-24T17:00:00,2024-07-24T23:00:00,stl1,351848,2.554487e+00,4.098944e+00,1.213012e+00
persistence,test,209,2024-07-24T17:00:00,2024-07-24T23:00:00,sd,351848,1.051666e-05,1.895970e-04,-1.496726e-06
persistence,test,210,2024-07-24T18:00:00,2024-07-25T00:00:00,swvl1,351848,3.794016e-03,1.058440e-02,-4.179916e-04
persistence,test,210,2024-07-24T18:00:00,2024-07-25T00:00:00,stl1,351848,2.391768e+00,3.759722e+00,1.239909e+00
persistence,test,210,2024-07-24T18:00:00,2024-07-25T00:00:00,sd,351848,1.443508e-05,2.445858e-04,2.391236e-06
persistence,test,211,2024-07-24T19:00:00,2024-07-25T01:00:00,swvl1,351848,3.834464e-03,1.072229e-02,-3.836636e-04
persistence,test,211,2024-07-24T19:00:00,2024-07-25T01:00:00,stl1,351848,2.326274e+00,3.627633e+00,1.258954e+00
persistence,test,211,2024-07-24T19:00:00,2024-07-25T01:00:00,sd,351848,1.512975e-05,2.605531e-04,7.583468e-07
persistence,test,212,2024-07-24T20:00:00,2024-07-25T02:00:00,swvl1,351848,3.910187e-03,1.085962e-02,-3.092385e-04
persistence,test,212,2024-07-24T20:00:00,2024-07-25T02:00:00,stl1,351848,2.367905e+00,3.663294e+00,6.919567e-01
persistence,test,212,2024-07-24T20:00:00,2024-07-25T02:00:00,sd,351848,1.566537e-05,2.721392e-04,-4.010605e-07
persistence,test,213,2024-07-24T21:00:00,2024-07-25T03:00:00,swvl1,351848,4.013640e-03,1.101511e-02,-1.969456e-04
persistence,test,213,2024-07-24T21:00:00,2024-07-25T03:00:00,stl1,351848,2.534399e+00,3.875981e+00,5.520781e-01
persistence,test,213,2024-07-24T21:00:00,2024-07-25T03:00:00,sd,351848,1.625156e-05,2.769411e-04,-1.133319e-06
persistence,test,214,2024-07-24T22:00:00,2024-07-25T04:00:00,swvl1,351848,3.260295e-03,9.593130e-03,2.174073e-04
persistence,test,214,2024-07-24T22:00:00,2024-07-25T04:00:00,stl1,351848,2.392343e+00,3.823766e+00,3.524464e-01
persistence,test,214,2024-07-24T22:00:00,2024-07-25T04:00:00,sd,351848,1.514741e-05,2.646319e-04,-2.397966e-06
persistence,test,215,2024-07-24T23:00:00,2024-07-25T05:00:00,swvl1,351848,3.334970e-03,9.354816e-03,3.446258e-04
persistence,test,215,2024-07-24T23:00:00,2024-07-25T05:00:00,stl1,351848,2.777447e+00,4.332830e+00,-1.928156e-01
persistence,test,215,2024-07-24T23:00:00,2024-07-25T05:00:00,sd,351848,1.503865e-05,2.553943e-04,-2.578817e-06
persistence,test,216,2024-07-25T00:00:00,2024-07-25T06:00:00,swvl1,351848,3.422266e-03,9.210563e-03,4.816196e-04
persistence,test,216,2024-07-25T00:00:00,2024-07-25T06:00:00,stl1,351848,2.880938e+00,4.585313e+00,-5.028600e-01
persistence,test,216,2024-07-25T00:00:00,2024-07-25T06:00:00,sd,351848,1.208130e-05,2.285544e-04,-7.955131e-06
persistence,test,217,2024-07-25T01:00:00,2024-07-25T07:00:00,swvl1,351848,3.513721e-03,9.129154e-03,5.850190e-04
persistence,test,217,2024-07-25T01:00:00,2024-07-25T07:00:00,stl1,351848,2.972034e+00,4.768973e+00,-8.761888e-01
persistence,test,217,2024-07-25T01:00:00,2024-07-25T07:00:00,sd,351848,1.168377e-05,2.154604e-04,-7.572006e-06
persistence,test,218,2024-07-25T02:00:00,2024-07-25T08:00:00,swvl1,351848,3.579647e-03,9.100769e-03,6.331941e-04
persistence,test,218,2024-07-25T02:00:00,2024-07-25T08:00:00,stl1,351848,2.908869e+00,4.666461e+00,-1.045601e+00
persistence,test,218,2024-07-25T02:00:00,2024-07-25T08:00:00,sd,351848,1.130905e-05,2.041533e-04,-7.226513e-06
persistence,test,219,2024-07-25T03:00:00,2024-07-25T09:00:00,swvl1,351848,3.633711e-03,9.201423e-03,6.369409e-04
persistence,test,219,2024-07-25T03:00:00,2024-07-25T09:00:00,stl1,351848,2.976779e+00,4.889235e+00,-1.348617e+00
persistence,test,219,2024-07-25T03:00:00,2024-07-25T09:00:00,sd,351848,1.078840e-05,1.932365e-04,-6.890945e-06
persistence,test,220,2024-07-25T04:00:00,2024-07-25T10:00:00,swvl1,351848,4.079252e-03,9.777654e-03,3.252898e-04
persistence,test,220,2024-07-25T04:00:00,2024-07-25T10:00:00,stl1,351848,3.215005e+00,5.294309e+00,-1.547738e+00
persistence,test,220,2024-07-25T04:00:00,2024-07-25T10:00:00,sd,351848,1.158694e-05,2.533575e-04,-4.142881e-06
persistence,test,221,2024-07-25T05:00:00,2024-07-25T11:00:00,swvl1,351848,4.069890e-03,9.839706e-03,2.408108e-04
persistence,test,221,2024-07-25T05:00:00,2024-07-25T11:00:00,stl1,351848,2.984041e+00,5.147161e+00,-1.345625e+00
persistence,test,221,2024-07-25T05:00:00,2024-07-25T11:00:00,sd,351848,1.180177e-05,2.622292e-04,-3.591951e-06
persistence,test,222,2024-07-25T06:00:00,2024-07-25T12:00:00,swvl1,351848,4.056794e-03,9.977965e-03,1.202848e-04
persistence,test,222,2024-07-25T06:00:00,2024-07-25T12:00:00,stl1,351848,2.981960e+00,5.292623e+00,-1.334407e+00
persistence,test,222,2024-07-25T06:00:00,2024-07-25T12:00:00,sd,351848,1.212007e-05,2.741873e-04,-3.307080e-06
persistence,test,223,2024-07-25T07:00:00,2024-07-25T13:00:00,swvl1,351848,4.077655e-03,1.017286e-02,-3.147833e-06
persistence,test,223,2024-07-25T07:00:00,2024-07-25T13:00:00,stl1,351848,2.872347e+00,5.132981e+00,-1.189857e+00
persistence,test,223,2024-07-25T07:00:00,2024-07-25T13:00:00,sd,351848,1.258334e-05,2.875871e-04,-3.302030e-06
persistence,test,224,2024-07-25T08:00:00,2024-07-25T14:00:00,swvl1,351848,4.093154e-03,1.038538e-02,-1.176304e-04
persistence,test,224,2024-07-25T08:00:00,2024-07-25T14:00:00,stl1,351848,2.733347e+00,4.687566e+00,-6.830687e-01
persistence,test,224,2024-07-25T08:00:00,2024-07-25T14:00:00,sd,351848,1.317744e-05,3.006411e-04,-3.422007e-06
persistence,test,225,2024-07-25T09:00:00,2024-07-25T15:00:00,swvl1,351848,4.100331e-03,1.055934e-02,-2.173941e-04
persistence,test,225,2024-07-25T09:00:00,2024-07-25T15:00:00,stl1,351848,2.733849e+00,4.504677e+00,-4.187789e-01
persistence,test,225,2024-07-25T09:00:00,2024-07-25T15:00:00,sd,351848,1.365329e-05,3.078825e-04,-3.849229e-06
persistence,test,226,2024-07-25T10:00:00,2024-07-25T16:00:00,swvl1,351848,3.341940e-03,9.143158e-03,-1.745641e-05
persistence,test,226,2024-07-25T10:00:00,2024-07-25T16:00:00,stl1,351848,2.581750e+00,4.163667e+00,-1.354271e-01
persistence,test,226,2024-07-25T10:00:00,2024-07-25T16:00:00,sd,351848,1.175835e-05,2.175329e-04,-6.595902e-06
persistence,test,227,2024-07-25T11:00:00,2024-07-25T17:00:00,swvl1,351848,3.328810e-03,9.120436e-03,-3.562490e-05
persistence,test,227,2024-07-25T11:00:00,2024-07-25T17:00:00,stl1,351848,2.943188e+00,4.539949e+00,3.846954e-01
persistence,test,227,2024-07-25T11:00:00,2024-07-25T17:00:00,sd,351848,1.206949e-05,2.275002e-04,-7.012786e-06
persistence,test,228,2024-07-25T12:00:00,2024-07-25T18:00:00,swvl1,351848,3.348599e-03,9.159655e-03,-5.187524e-05
persistence,test,228,2024-07-25T12:00:00,2024-07-25T18:00:00,stl1,351848,3.201950e+00,4.846055e+00,6.801660e-01
persistence,test,228,2024-07-25T12:00:00,2024-07-25T18:00:00,sd,351848,1.277939e-05,2.406952e-04,-7.079613e-06
persistence,test,229,2024-07-25T13:00:00,2024-07-25T19:00:00,swvl1,351848,3.387797e-03,9.287340e-03,-7.525778e-05
persistence,test,229,2024-07-25T13:00:00,2024-07-25T19:00:00,stl1,351848,3.374206e+00,5.043029e+00,9.101934e-01
persistence,test,229,2024-07-25T13:00:00,2024-07-25T19:00:00,sd,351848,1.357719e-05,2.525032e-04,-6.920929e-06
persistence,test,230,2024-07-25T14:00:00,2024-07-25T20:00:00,swvl1,351848,3.440516e-03,9.562170e-03,-1.266517e-04
persistence,test,230,2024-07-25T14:00:00,2024-07-25T20:00:00,stl1,351848,3.348296e+00,5.071366e+00,1.147329e+00
persistence,test,230,2024-07-25T14:00:00,2024-07-25T20:00:00,sd,351848,1.421277e-05,2.607753e-04,-6.748743e-06
persistence,test,231,2024-07-25T15:00:00,2024-07-25T21:00:00,swvl1,351848,3.453354e-03,9.833440e-03,-1.810796e-04
persistence,test,231,2024-07-25T15:00:00,2024-07-25T21:00:00,stl1,351848,3.067761e+00,4.823294e+00,1.361764e+00
persistence,test,231,2024-07-25T15:00:00,2024-07-25T21:00:00,sd,351848,1.430415e-05,2.603288e-04,-6.361286e-06
persistence,test,232,2024-07-25T16:00:00,2024-07-25T22:00:00,swvl1,351848,3.760906e-03,9.984191e-03,-6.667603e-04
persistence,test,232,2024-07-25T16:00:00,2024-07-25T22:00:00,stl1,351848,2.857777e+00,4.632195e+00,1.435006e+00
persistence,test,232,2024-07-25T16:00:00,2024-07-25T22:00:00,sd,351848,1.302008e-05,2.264407e-04,-4.989649e-06
persistence,test,233,2024-07-25T17:00:00,2024-07-25T23:00:00,swvl1,351848,3.776037e-03,1.017538e-02,-7.635569e-04
persistence,test,233,2024-07-25T17:00:00,2024-07-25T23:00:00,stl1,351848,2.483740e+00,4.016101e+00,1.306489e+00
persistence,test,233,2024-07-25T17:00:00,2024-07-25T23:00:00,sd,351848,1.227809e-05,2.142853e-04,-4.811465e-06
persistence,test,234,2024-07-25T18:00:00,2024-07-26T00:00:00,swvl1,351848,3.792398e-03,1.034363e-02,-8.308936e-04
persistence,test,234,2024-07-25T18:00:00,2024-07-26T00:00:00,stl1,351848,2.315805e+00,3.672548e+00,1.335251e+00
persistence,test,234,2024-07-25T18:00:00,2024-07-26T00:00:00,sd,351848,1.877365e-05,2.752146e-04,8.874355e-06
persistence,test,235,2024-07-25T19:00:00,2024-07-26T01:00:00,swvl1,351848,3.891613e-03,1.069707e-02,-8.684478e-04
persistence,test,235,2024-07-25T19:00:00,2024-07-26T01:00:00,stl1,351848,2.289409e+00,3.552446e+00,1.331174e+00
persistence,test,235,2024-07-25T19:00:00,2024-07-26T01:00:00,sd,351848,1.916368e-05,2.869131e-04,8.641593e-06
persistence,test,236,2024-07-25T20:00:00,2024-07-26T02:00:00,swvl1,351848,4.015670e-03,1.112136e-02,-8.315030e-04
persistence,test,236,2024-07-25T20:00:00,2024-07-26T02:00:00,stl1,351848,2.333554e+00,3.578166e+00,7.407751e-01
persistence,test,236,2024-07-25T20:00:00,2024-07-26T02:00:00,sd,351848,1.966370e-05,2.999949e-04,8.473932e-06
persistence,test,237,2024-07-25T21:00:00,2024-07-26T03:00:00,swvl1,351848,4.184845e-03,1.152766e-02,-7.350271e-04
persistence,test,237,2024-07-25T21:00:00,2024-07-26T03:00:00,stl1,351848,2.504216e+00,3.816407e+00,5.492059e-01
persistence,test,237,2024-07-25T21:00:00,2024-07-26T03:00:00,sd,351848,2.065857e-05,3.327869e-04,1.100068e-05
persistence,test,238,2024-07-25T22:00:00,2024-07-26T04:00:00,swvl1,351848,3.411173e-03,1.044946e-02,-1.821190e-04
persistence,test,238,2024-07-25T22:00:00,2024-07-26T04:00:00,stl1,351848,2.376346e+00,3.765887e+00,3.886494e-01
persistence,test,238,2024-07-25T22:00:00,2024-07-26T04:00:00,sd,351848,2.023611e-05,3.262860e-04,1.004459e-05
persistence,test,239,2024-07-25T23:00:00,2024-07-26T05:00:00,swvl1,351848,3.500417e-03,1.046049e-02,-3.503583e-05
persistence,test,239,2024-07-25T23:00:00,2024-07-26T05:00:00,stl1,351848,2.715103e+00,4.237080e+00,-2.458669e-01
persistence,test,239,2024-07-25T23:00:00,2024-07-26T05:00:00,sd,351848,2.082223e-05,3.373744e-04,9.910588e-06
persistence,test,240,2024-07-26T00:00:00,2024-07-26T06:00:00,swvl1,351848,3.619929e-03,1.050528e-02,9.494239e-05
persistence,test,240,2024-07-26T00:00:00,2024-07-26T06:00:00,stl1,351848,2.834554e+00,4.489362e+00,-5.617025e-01
persistence,test,240,2024-07-26T00:00:00,2024-07-26T06:00:00,sd,351848,1.209714e-05,2.670077e-04,-4.166747e-06
persistence,test,241,2024-07-26T01:00:00,2024-07-26T07:00:00,swvl1,351848,3.721790e-03,1.049283e-02,2.222582e-04
persistence,test,241,2024-07-26T01:00:00,2024-07-26T07:00:00,stl1,351848,2.939632e+00,4.671390e+00,-9.686059e-01
persistence,test,241,2024-07-26T01:00:00,2024-07-26T07:00:00,sd,351848,1.272932e-05,2.847124e-04,-4.351677e-06
persistence,test,242,2024-07-26T02:00:00,2024-07-26T08:00:00,swvl1,351848,3.814201e-03,1.051616e-02,3.162702e-04
persistence,test,242,2024-07-26T02:00:00,2024-07-26T08:00:00,stl1,351848,2.845333e+00,4.599444e+00,-1.143850e+00
persistence,test,242,2024-07-26T02:00:00,2024-07-26T08:00:00,sd,351848,1.319965e-05,3.015109e-04,-4.430023e-06
persistence,test,243,2024-07-26T03:00:00,2024-07-26T09:00:00,swvl1,351848,3.888417e-03,1.065019e-02,3.352495e-04
persistence,test,243,2024-07-26T03:00:00,2024-07-26T09:00:00,stl1,351848,2.931692e+00,4.870193e+00,-1.447070e+00
persistence,test,243,2024-07-26T03:00:00,2024-07-26T09:00:00,sd,351848,1.113894e-05,1.969691e-04,-7.382948e-06
persistence,test,244,2024-07-26T04:00:00,2024-07-26T10:00:00,swvl1,351848,4.167222e-03,1.035988e-02,2.262260e-04
persistence,test,244,2024-07-26T04:00:00,2024-07-26T10:00:00,stl1,351848,3.186118e+00,5.328444e+00,-1.654475e+00
persistence,test,244,2024-07-26T04:00:00,2024-07-26T10:00:00,sd,351848,2.825269e-05,8.872149e-04,1.043434e-05
persistence,test,245,2024-07-26T05:00:00,2024-07-26T11:00:00,swvl1,351848,4.143817e-03,1.030914e-02,1.890887e-04
persistence,test,245,2024-07-26T05:00:00,2024-07-26T11:00:00,stl1,351848,2.955432e+00,5.185209e+00,-1.400022e+00
persistence,test,245,2024-07-26T05:00:00,2024-07-26T11:00:00,sd,351848,2.826166e-05,8.880169e-04,1.074660e-05
persistence,test,246,2024-07-26T06:00:00,2024-07-26T12:00:00,swvl1,351848,4.093428e-03,1.025994e-02,1.404079e-04
persistence,test,246,2024-07-26T06:00:00,2024-07-26T12:00:00,stl1,351848,2.975132e+00,5.327452e+00,-1.388821e+00
persistence,test,246,2024-07-26T06:00:00,2024-07-26T12:00:00,sd,351848,2.791855e-05,8.866479e-04,1.125012e-05
persistence,test,247,2024-07-26T07:00:00,2024-07-26T13:00:00,swvl1,351848,4.084991e-03,1.038594e-02,5.136089e-05
persistence,test,247,2024-07-26T07:00:00,2024-07-26T13:00:00,stl1,351848,2.860510e+00,5.129326e+00,-1.230788e+00
persistence,test,247,2024-07-26T07:00:00,2024-07-26T13:00:00,sd,351848,2.749772e-05,8.855157e-04,1.181733e-05
persistence,test,248,2024-07-26T08:00:00,2024-07-26T14:00:00,swvl1,351848,4.089321e-03,1.055284e-02,-7.106697e-05
persistence,test,248,2024-07-26T08:00:00,2024-07-26T14:00:00,stl1,351848,2.729819e+00,4.641722e+00,-7.455023e-01
persistence,test,248,2024-07-26T08:00:00,2024-07-26T14:00:00,sd,351848,2.726153e-05,8.852499e-04,1.237748e-05
persistence,test,249,2024-07-26T09:00:00,2024-07-26T15:00:00,swvl1,351848,4.128531e-03,1.072901e-02,-1.552752e-04
persistence,test,249,2024-07-26T09:00:00,2024-07-26T15:00:00,stl1,351848,2.712541e+00,4.429443e+00,-4.687378e-01
persistence,test,249,2024-07-26T09:00:00,2024-07-26T15:00:00,sd,351848,2.713183e-05,8.844850e-04,1.267494e-05
persistence,test,250,2024-07-26T10:00:00,2024-07-26T16:00:00,swvl1,351848,3.462968e-03,9.739727e-03,-1.186393e-04
persistence,test,250,2024-07-26T10:00:00,2024-07-26T16:00:00,stl1,351848,2.557774e+00,4.082536e+00,-1.789520e-01
persistence,test,250,2024-07-26T10:00:00,2024-07-26T16:00:00,sd,351848,8.970718e-06,1.516086e-04,-5.312887e-06
persistence,test,251,2024-07-26T11:00:00,2024-07-26T17:00:00,swvl1,351848,3.450145e-03,9.660336e-03,-1.304962e-04
persistence,test,251,2024-07-26T11:00:00,2024-07-26T17:00:00,stl1,351848,2.948044e+00,4.519126e+00,3.196324e-01
persistence,test,251,2024-07-26T11:00:00,2024-07-26T17:00:00,sd,351848,9.342286e-06,1.609243e-04,-5.535980e-06
persistence,test,252,2024-07-26T12:00:00,2024-07-26T18:00:00,swvl1,351848,3.479293e-03,9.666040e-03,-1.168842e-04
persistence,test,252,2024-07-26T12:00:00,2024-07-26T18:00:00,stl1,351848,3.194051e+00,4.848344e+00,5.789464e-01
persistence,test,252,2024-07-26T12:00:00,2024-07-26T18:00:00,sd,351848,9.973121e-06,1.768494e-04,-5.633405e-06
persistence,test,253,2024-07-26T13:00:00,2024-07-26T19:00:00,swvl1,351848,3.512575e-03,9.712243e-03,-8.927134e-05
persistence,test,253,2024-07-26T13:00:00,2024-07-26T19:00:00,stl1,351848,3.371777e+00,5.057168e+00,8.234000e-01
persistence,test,253,2024-07-26T13:00:00,2024-07-26T19:00:00,sd,351848,1.077550e-05,1.997309e-04,-5.861906e-06
persistence,test,254,2024-07-26T14:00:00,2024-07-26T20:00:00,swvl1,351848,3.520370e-03,9.756884e-03,-7.028843e-05
persistence,test,254,2024-07-26T14:00:00,2024-07-26T20:00:00,stl1,351848,3.327767e+00,5.062735e+00,1.098611e+00
persistence,test,254,2024-07-26T14:00:00,2024-07-26T20:00:00,sd,351848,1.156445e-05,2.255517e-04,-6.398818e-06
persistence,test,255,2024-07-26T15:00:00,2024-07-26T21:00:00,swvl1,351848,3.489250e-03,9.816771e-03,-8.755414e-05
persistence,test,255,2024-07-26T15:00:00,2024-07-26T21:00:00,stl1,351848,3.045758e+00,4.804676e+00,1.326906e+00
persistence,test,255,2024-07-26T15:00:00,2024-07-26T21:00:00,sd,351848,1.165698e-05,2.310609e-04,-6.492216e-06
persistence,test,256,2024-07-26T16:00:00,2024-07-26T22:00:00,swvl1,351848,3.741140e-03,9.676148e-03,-4.133975e-04
persistence,test,256,2024-07-26T16:00:00,2024-07-26T22:00:00,stl1,351848,2.846003e+00,4.647226e+00,1.400506e+00
persistence,test,256,2024-07-26T16:00:00,2024-07-26T22:00:00,sd,351848,1.131479e-05,2.279843e-04,-6.169941e-06
persistence,test,257,2024-07-26T17:00:00,2024-07-26T23:00:00,swvl1,351848,3.679102e-03,9.744727e-03,-4.678114e-04
persistence,test,257,2024-07-26T17:00:00,2024-07-26T23:00:00,stl1,351848,2.449443e+00,4.019957e+00,1.277292e+00
persistence,test,257,2024-07-26T17:00:00,2024-07-26T23:00:00,sd,351848,1.121841e-05,2.303931e-04,-6.391299e-06
persistence,test,258,2024-07-26T18:00:00,2024-07-27T00:00:00,swvl1,351848,3.621366e-03,9.768729e-03,-5.190266e-04
persistence,test,258,2024-07-26T18:00:00,2024-07-27T00:00:00,stl1,351848,2.290805e+00,3.701516e+00,1.319807e+00
persistence,test,258,2024-07-26T18:00:00,2024-07-27T00:00:00,sd,351848,2.140581e-05,3.543785e-04,5.483890e-06
persistence,test,259,2024-07-26T19:00:00,2024-07-27T01:00:00,swvl1,351848,3.662156e-03,1.003984e-02,-5.396710e-04
persistence,test,259,2024-07-26T19:00:00,2024-07-27T01:00:00,stl1,351848,2.266187e+00,3.565217e+00,1.318895e+00
persistence,test,259,2024-07-26T19:00:00,2024-07-27T01:00:00,sd,351848,2.192996e-05,3.639951e-04,5.405148e-06
persistence,test,260,2024-07-26T20:00:00,2024-07-27T02:00:00,swvl1,351848,3.741354e-03,1.043878e-02,-4.763642e-04
persistence,test,260,2024-07-26T20:00:00,2024-07-27T02:00:00,stl1,351848,2.344622e+00,3.588961e+00,7.433523e-01
persistence,test,260,2024-07-26T20:00:00,2024-07-27T02:00:00,sd,351848,2.240831e-05,3.729229e-04,5.574051e-06
persistence,test,261,2024-07-26T21:00:00,2024-07-27T03:00:00,swvl1,351848,3.856172e-03,1.079679e-02,-3.473598e-04
persistence,test,261,2024-07-26T21:00:00,2024-07-27T03:00:00,stl1,351848,2.517173e+00,3.816299e+00,5.247375e-01
persistence,test,261,2024-07-26T21:00:00,2024-07-27T03:00:00,sd,351848,2.283916e-05,3.790484e-04,5.967197e-06
persistence,test,262,2024-07-26T22:00:00,2024-07-27T04:00:00,swvl1,351848,3.150745e-03,9.542718e-03,8.186313e-05
persistence,test,262,2024-07-26T22:00:00,2024-07-27T04:00:00,stl1,351848,2.383499e+00,3.721570e+00,4.000671e-01
persistence,test,262,2024-07-26T22:00:00,2024-07-27T04:00:00,sd,351848,2.425714e-05,4.310083e-04,1.030664e-05
persistence,test,263,2024-07-26T23:00:00,2024-07-27T05:00:00,swvl1,351848,3.259327e-03,9.611842e-03,2.155898e-04
persistence,test,263,2024-07-26T23:00:00,2024-07-27T05:00:00,stl1,351848,2.776794e+00,4.278283e+00,-2.305453e-01
persistence,test,263,2024-07-26T23:00:00,2024-07-27T05:00:00,sd,351848,2.473441e-05,4.421525e-04,1.080250e-05
persistence,test,264,2024-07-27T00:00:00,2024-07-27T06:00:00,swvl1,351848,3.402816e-03,9.742351e-03,3.483783e-04
persistence,test,264,2024-07-27T00:00:00,2024-07-27T06:00:00,stl1,351848,2.862675e+00,4.521639e+00,-5.933948e-01
persistence,test,264,2024-07-27T00:00:00,2024-07-27T06:00:00,sd,351848,1.333289e-05,3.229339e-04,-8.825325e-07
persistence,test,265,2024-07-27T01:00:00,2024-07-27T07:00:00,swvl1,351848,3.546754e-03,9.790176e-03,4.563384e-04
persistence,test,265,2024-07-27T01:00:00,2024-07-27T07:00:00,stl1,351848,2.967464e+00,4.737708e+00,-9.931308e-01
persistence,test,265,2024-07-27T01:00:00,2024-07-27T07:00:00,sd,351848,1.345280e-05,3.273630e-04,-6.721538e-07
persistence,test,266,2024-07-27T02:00:00,2024-07-27T08:00:00,swvl1,351848,3.675816e-03,9.893234e-03,5.014230e-04
persistence,test,266,2024-07-27T02:00:00,2024-07-27T08:00:00,stl1,351848,2.861862e+00,4.635473e+00,-1.155525e+00
persistence,test,266,2024-07-27T02:00:00,2024-07-27T08:00:00,sd,351848,1.359104e-05,3.323673e-04,-7.218015e-07
persistence,test,267,2024-07-27T03:00:00,2024-07-27T09:00:00,swvl1,351848,3.786751e-03,1.005294e-02,4.775801e-04
persistence,test,267,2024-07-27T03:00:00,2024-07-27T09:00:00,stl1,351848,2.965914e+00,4.921789e+00,-1.425519e+00
persistence,test,267,2024-07-27T03:00:00,2024-07-27T09:00:00,sd,351848,1.357556e-05,3.344968e-04,-9.675113e-07
persistence,test,268,2024-07-27T04:00:00,2024-07-27T10:00:00,swvl1,351848,4.141251e-03,1.012756e-02,2.394613e-04
persistence,test,268,2024-07-27T04:00:00,2024-07-27T10:00:00,stl1,351848,3.216089e+00,5.379542e+00,-1.675537e+00
persistence,test,268,2024-07-27T04:00:00,2024-07-27T10:00:00,sd,351848,1.048900e-05,2.024785e-04,-3.907433e-06
persistence,test,269,2024-07-27T05:00:00,2024-07-27T11:00:00,swvl1,351848,4.144431e-03,1.016947e-02,1.576709e-04
persistence,test,269,2024-07-27T05:00:00,2024-07-27T11:00:00,stl1,351848,2.951665e+00,5.191219e+00,-1.424308e+00
persistence,test,269,2024-07-27T05:00:00,2024-07-27T11:00:00,sd,351848,1.088808e-05,2.064153e-04,-4.222613e-06
persistence,test,270,2024-07-27T06:00:00,2024-07-27T12:00:00,swvl1,351848,4.102270e-03,1.017231e-02,4.541905e-05
persistence,test,270,2024-07-27T06:00:00,2024-07-27T12:00:00,stl1,351848,2.977892e+00,5.308910e+00,-1.370692e+00
persistence,test,270,2024-07-27T06:00:00,2024-07-27T12:00:00,sd,351848,1.134746e-05,2.142815e-04,-4.651301e-06
persistence,test,271,2024-07-27T07:00:00,2024-07-27T13:00:00,swvl1,351848,4.095611e-03,1.030837e-02,-6.780185e-05
persistence,test,271,2024-07-27T07:00:00,2024-07-27T13:00:00,stl1,351848,2.899257e+00,5.134097e+00,-1.199890e+00
persistence,test,271,2024-07-27T07:00:00,2024-07-27T13:00:00,sd,351848,1.198809e-05,2.222509e-04,-5.038722e-06
persistence,test,272,2024-07-27T08:00:00,2024-07-27T14:00:00,swvl1,351848,4.122291e-03,1.048127e-02,-2.038692e-04
persistence,test,272,2024-07-27T08:00:00,2024-07-27T14:00:00,stl1,351848,2.785443e+00,4.700301e+00,-7.157130e-01
persistence,test,272,2024-07-27T08:00:00,2024-07-27T14:00:00,sd,351848,1.260858e-05,2.297096e-04,-5.050830e-06
persistence,test,273,2024-07-27T09:00:00,2024-07-27T15:00:00,swvl1,351848,4.169038e-03,1.062228e-02,-2.913861e-04
persistence,test,273,2024-07-27T09:00:00,2024-07-27T15:00:00,stl1,351848,2.791232e+00,4.510366e+00,-4.437239e-01
persistence,test,273,2024-07-27T09:00:00,2024-07-27T15:00:00,sd,351848,1.304639e-05,2.345222e-04,-5.046780e-06
persistence,test,274,2024-07-27T10:00:00,2024-07-27T16:00:00,swvl1,351848,3.460756e-03,9.492680e-03,-1.617835e-04
persistence,test,274,2024-07-27T10:00:00,2024-07-27T16:00:00,stl1,351848,2.650966e+00,4.182262e+00,-1.574858e-01
persistence,test,274,2024-07-27T10:00:00,2024-07-27T16:00:00,sd,351848,1.066938e-05,1.610659e-04,-6.755901e-06
persistence,test,275,2024-07-27T11:00:00,2024-07-27T17:00:00,swvl1,351848,3.470332e-03,9.500704e-03,-1.690215e-04
persistence,test,275,2024-07-27T11:00:00,2024-07-27T17:00:00,stl1,351848,3.053774e+00,4.647174e+00,3.580999e-01
persistence,test,275,2024-07-27T11:00:00,2024-07-27T17:00:00,sd,351848,1.058841e-05,1.606227e-04,-6.726181e-06
persistence,test,276,2024-07-27T12:00:00,2024-07-27T18:00:00,swvl1,351848,3.494515e-03,9.576163e-03,-1.471206e-04
persistence,test,276,2024-07-27T12:00:00,2024-07-27T18:00:00,stl1,351848,3.296742e+00,4.964470e+00,6.168182e-01
persistence,test,276,2024-07-27T12:00:00,2024-07-27T18:00:00,sd,351848,1.091359e-05,1.632168e-04,-6.621028e-06
persistence,test,277,2024-07-27T13:00:00,2024-07-27T19:00:00,swvl1,351848,3.509615e-03,9.711172e-03,-1.340048e-04
persistence,test,277,2024-07-27T13:00:00,2024-07-27T19:00:00,stl1,351848,3.471346e+00,5.168676e+00,8.608058e-01
persistence,test,277,2024-07-27T13:00:00,2024-07-27T19:00:00,sd,351848,1.153699e-05,1.719081e-04,-6.701239e-06
persistence,test,278,2024-07-27T14:00:00,2024-07-27T20:00:00,swvl1,351848,3.475701e-03,9.720971e-03,-1.020636e-04
persistence,test,278,2024-07-27T14:00:00,2024-07-27T20:00:00,stl1,351848,3.362761e+00,5.109830e+00,1.082644e+00
persistence,test,278,2024-07-27T14:00:00,2024-07-27T20:00:00,sd,351848,1.250060e-05,1.862898e-04,-7.192258e-06
persistence,test,279,2024-07-27T15:00:00,2024-07-27T21:00:00,swvl1,351848,3.400999e-03,9.618179e-03,-1.057935e-04
persistence,test,279,2024-07-27T15:00:00,2024-07-27T21:00:00,stl1,351848,3.011407e+00,4.780748e+00,1.272250e+00
persistence,test,279,2024-07-27T15:00:00,2024-07-27T21:00:00,sd,351848,1.344175e-05,2.017687e-04,-7.913265e-06
persistence,test,280,2024-07-27T16:00:00,2024-07-27T22:00:00,swvl1,351848,3.704534e-03,9.251175e-03,-4.660276e-04
persistence,test,280,2024-07-27T16:00:00,2024-07-27T22:00:00,stl1,351848,2.837548e+00,4.563215e+00,1.394230e+00
persistence,test,280,2024-07-27T16:00:00,2024-07-27T22:00:00,sd,351848,1.561529e-05,2.374422e-04,-9.880808e-06
persistence,test,281,2024-07-27T17:00:00,2024-07-27T23:00:00,swvl1,351848,3.657356e-03,9.252243e-03,-5.211776e-04
persistence,test,281,2024-07-27T17:00:00,2024-07-27T23:00:00,stl1,351848,2.426913e+00,3.944301e+00,1.231061e+00
persistence,test,281,2024-07-27T17:00:00,2024-07-27T23:00:00,sd,351848,1.678680e-05,2.614553e-04,-1.107154e-05
persistence,test,282,2024-07-27T18:00:00,2024-07-28T00:00:00,swvl1,351848,3.618039e-03,9.416577e-03,-5.732494e-04
persistence,test,282,2024-07-27T18:00:00,2024-07-28T00:00:00,stl1,351848,2.238584e+00,3.614195e+00,1.265817e+00
persistence,test,282,2024-07-27T18:00:00,2024-07-28T00:00:00,sd,351848,1.802598e-05,2.151516e-04,5.400470e-06
persistence,test,283,2024-07-27T19:00:00,2024-07-28T01:00:00,swvl1,351848,3.677576e-03,9.772124e-03,-5.619737e-04
persistence,test,283,2024-07-27T19:00:00,2024-07-28T01:00:00,stl1,351848,2.229089e+00,3.522773e+00,1.280310e+00
persistence,test,283,2024-07-27T19:00:00,2024-07-28T01:00:00,sd,351848,1.944546e-05,2.298317e-04,4.797439e-06
persistence,test,284,2024-07-27T20:00:00,2024-07-28T02:00:00,swvl1,351848,3.790040e-03,1.025655e-02,-5.013234e-04
persistence,test,284,2024-07-27T20:00:00,2024-07-28T02:00:00,stl1,351848,2.322137e+00,3.556977e+00,7.373191e-01
persistence,test,284,2024-07-27T20:00:00,2024-07-28T02:00:00,sd,351848,2.080412e-05,2.451190e-04,4.752364e-06
persistence,test,285,2024-07-27T21:00:00,2024-07-28T03:00:00,swvl1,351848,3.927590e-03,1.065135e-02,-3.815349e-04
persistence,test,285,2024-07-27T21:00:00,2024-07-28T03:00:00,stl1,351848,2.506966e+00,3.807921e+00,5.465633e-01
persistence,test,285,2024-07-27T21:00:00,2024-07-28T03:00:00,sd,351848,2.209025e-05,2.591166e-04,5.316586e-06
persistence,test,286,2024-07-27T22:00:00,2024-07-28T04:00:00,swvl1,351848,3.098764e-03,9.496617e-03,8.948971e-05
persistence,test,286,2024-07-27T22:00:00,2024-07-28T04:00:00,stl1,351848,2.394419e+00,3.759774e+00,3.405270e-01
persistence,test,286,2024-07-27T22:00:00,2024-07-28T04:00:00,sd,351848,2.192603e-05,2.622237e-04,7.446760e-06
persistence,test,287,2024-07-27T23:00:00,2024-07-28T05:00:00,swvl1,351848,3.194929e-03,9.560740e-03,2.533185e-04
persistence,test,287,2024-07-27T23:00:00,2024-07-28T05:00:00,stl1,351848,2.762164e+00,4.278829e+00,-2.825691e-01
persistence,test,287,2024-07-27T23:00:00,2024-07-28T05:00:00,sd,351848,2.240872e-05,2.706410e-04,8.932809e-06
persistence,test,288,2024-07-28T00:00:00,2024-07-28T06:00:00,swvl1,351848,3.303594e-03,9.558330e-03,4.195212e-04
persistence,test,288,2024-07-28T00:00:00,2024-07-28T06:00:00,stl1,351848,2.825773e+00,4.529060e+00,-6.147372e-01
persistence,test,288,2024-07-28T00:00:00,2024-07-28T06:00:00,sd,351848,1.078869e-05,1.666028e-04,-7.015716e-06
persistence,test,289,2024-07-28T01:00:00,2024-07-28T07:00:00,swvl1,351848,3.433122e-03,9.564271e-03,5.203231e-04
persistence,test,289,2024-07-28T01:00:00,2024-07-28T07:00:00,stl1,351848,2.899349e+00,4.737410e+00,-1.011533e+00
persistence,test,289,2024-07-28T01:00:00,2024-07-28T07:00:00,sd,351848,9.403797e-06,1.443746e-04,-5.533579e-06
persistence,test,290,2024-07-28T02:00:00,2024-07-28T08:00:00,swvl1,351848,3.558494e-03,9.599379e-03,5.511174e-04
persistence,test,290,2024-07-28T02:00:00,2024-07-28T08:00:00,stl1,351848,2.812403e+00,4.631801e+00,-1.170249e+00
persistence,test,290,2024-07-28T02:00:00,2024-07-28T08:00:00,sd,351848,8.258994e-06,1.271432e-04,-4.389762e-06
persistence,test,291,2024-07-28T03:00:00,2024-07-28T09:00:00,swvl1,351848,3.650378e-03,9.670211e-03,5.147361e-04
persistence,test,291,2024-07-28T03:00:00,2024-07-28T09:00:00,stl1,351848,2.890658e+00,4.854018e+00,-1.456508e+00
persistence,test,291,2024-07-28T03:00:00,2024-07-28T09:00:00,sd,351848,7.344158e-06,1.176577e-04,-3.611783e-06
persistence,test,292,2024-07-28T04:00:00,2024-07-28T10:00:00,swvl1,351848,4.013522e-03,9.602970e-03,3.333074e-04
persistence,test,292,2024-07-28T04:00:00,2024-07-28T10:00:00,stl1,351848,3.108957e+00,5.240031e+00,-1.622957e+00
persistence,test,292,2024-07-28T04:00:00,2024-07-28T10:00:00,sd,351848,8.257715e-06,1.832926e-04,-3.831415e-07
persistence,test,293,2024-07-28T05:00:00,2024-07-28T11:00:00,swvl1,351848,4.045872e-03,9.730590e-03,2.563845e-04
persistence,test,293,2024-07-28T05:00:00,2024-07-28T11:00:00,stl1,351848,2.915543e+00,5.078866e+00,-1.325443e+00
persistence,test,293,2024-07-28T05:00:00,2024-07-28T11:00:00,sd,351848,7.928880e-06,1.857069e-04,3.386464e-08
persistence,test,294,2024-07-28T06:00:00,2024-07-28T12:00:00,swvl1,351848,4.066094e-03,9.912489e-03,1.642123e-04
persistence,test,294,2024-07-28T06:00:00,2024-07-28T12:00:00,stl1,351848,2.979080e+00,5.230654e+00,-1.274390e+00
persistence,test,294,2024-07-28T06:00:00,2024-07-28T12:00:00,sd,351848,7.711077e-06,1.890586e-04,2.454766e-07
persistence,test,295,2024-07-28T07:00:00,2024-07-28T13:00:00,swvl1,351848,4.123775e-03,1.020329e-02,6.900202e-05
persistence,test,295,2024-07-28T07:00:00,2024-07-28T13:00:00,stl1,351848,2.899903e+00,5.085001e+00,-1.110754e+00
persistence,test,295,2024-07-28T07:00:00,2024-07-28T13:00:00,sd,351848,7.597715e-06,1.916799e-04,4.403000e-07
persistence,test,296,2024-07-28T08:00:00,2024-07-28T14:00:00,swvl1,351848,4.176077e-03,1.053911e-02,-5.497479e-06
persistence,test,296,2024-07-28T08:00:00,2024-07-28T14:00:00,stl1,351848,2.794241e+00,4.683471e+00,-6.313242e-01
persistence,test,296,2024-07-28T08:00:00,2024-07-28T14:00:00,sd,351848,7.503387e-06,1.942823e-04,8.202784e-07
persistence,test,297,2024-07-28T09:00:00,2024-07-28T15:00:00,swvl1,351848,4.246785e-03,1.095430e-02,-7.842951e-05
persistence,test,297,2024-07-28T09:00:00,2024-07-28T15:00:00,stl1,351848,2.783184e+00,4.507484e+00,-3.184891e-01
persistence,test,297,2024-07-28T09:00:00,2024-07-28T15:00:00,sd,351848,7.417815e-06,1.909409e-04,1.288504e-06
persistence,test,298,2024-07-28T10:00:00,2024-07-28T16:00:00,swvl1,351848,3.444962e-03,9.646960e-03,3.426354e-06
persistence,test,298,2024-07-28T10:00:00,2024-07-28T16:00:00,stl1,351848,2.615079e+00,4.156876e+00,-6.669830e-02
persistence,test,298,2024-07-28T10:00:00,2024-07-28T16:00:00,sd,351848,4.700013e-06,7.434922e-05,-9.965160e-07
persistence,test,299,2024-07-28T11:00:00,2024-07-28T17:00:00,swvl1,351848,3.452697e-03,9.734262e-03,-1.191034e-05
persistence,test,299,2024-07-28T11:00:00,2024-07-28T17:00:00,stl1,351848,2.990799e+00,4.567036e+00,3.882236e-01
persistence,test,299,2024-07-28T11:00:00,2024-07-28T17:00:00,sd,351848,4.736242e-06,7.384841e-05,-5.362778e-07
persistence,test,300,2024-07-28T12:00:00,2024-07-28T18:00:00,swvl1,351848,3.479047e-03,9.779652e-03,-2.696231e-05
persistence,test,300,2024-07-28T12:00:00,2024-07-28T18:00:00,stl1,351848,3.228046e+00,4.849035e+00,6.428497e-01
persistence,test,300,2024-07-28T12:00:00,2024-07-28T18:00:00,sd,351848,4.955630e-06,7.741779e-05,4.678547e-08
persistence,test,301,2024-07-28T13:00:00,2024-07-28T19:00:00,swvl1,351848,3.492787e-03,9.865552e-03,-3.985480e-05
persistence,test,301,2024-07-28T13:00:00,2024-07-28T19:00:00,stl1,351848,3.367412e+00,5.043386e+00,8.441397e-01
persistence,test,301,2024-07-28T13:00:00,2024-07-28T19:00:00,sd,351848,5.320004e-06,8.402309e-05,6.054138e-07
persistence,test,302,2024-07-28T14:00:00,2024-07-28T20:00:00,swvl1,351848,3.478917e-03,9.981183e-03,-5.852013e-05
persistence,test,302,2024-07-28T14:00:00,2024-07-28T20:00:00,stl1,351848,3.335656e+00,5.043658e+00,1.105887e+00
persistence,test,302,2024-07-28T14:00:00,2024-07-28T20:00:00,sd,351848,5.724615e-06,9.241762e-05,9.695089e-07
persistence,test,303,2024-07-28T15:00:00,2024-07-28T21:00:00,swvl1,351848,3.439389e-03,1.005088e-02,-9.232755e-05
persistence,test,303,2024-07-28T15:00:00,2024-07-28T21:00:00,stl1,351848,3.047713e+00,4.784925e+00,1.288178e+00
persistence,test,303,2024-07-28T15:00:00,2024-07-28T21:00:00,sd,351848,5.934533e-06,9.822264e-05,1.106255e-06
persistence,test,304,2024-07-28T16:00:00,2024-07-28T22:00:00,swvl1,351848,3.922629e-03,1.032894e-02,-4.853997e-04
persistence,test,304,2024-07-28T16:00:00,2024-07-28T22:00:00,stl1,351848,2.903623e+00,4.600355e+00,1.403159e+00
persistence,test,304,2024-07-28T16:00:00,2024-07-28T22:00:00,sd,351848,6.328652e-06,1.054379e-04,1.162026e-06
persistence,test,305,2024-07-28T17:00:00,2024-07-28T23:00:00,swvl1,351848,3.897909e-03,1.043433e-02,-5.789669e-04
persistence,test,305,2024-07-28T17:00:00,2024-07-28T23:00:00,stl1,351848,2.472114e+00,3.967265e+00,1.277931e+00
persistence,test,305,2024-07-28T17:00:00,2024-07-28T23:00:00,sd,351848,6.393191e-06,1.129676e-04,7.720456e-07
persistence,test,306,2024-07-28T18:00:00,2024-07-29T00:00:00,swvl1,351848,3.875393e-03,1.059951e-02,-6.654490e-04
persistence,test,306,2024-07-28T18:00:00,2024-07-29T00:00:00,stl1,351848,2.301489e+00,3.644606e+00,1.296540e+00
persistence,test,306,2024-07-28T18:00:00,2024-07-29T00:00:00,sd,351848,1.164796e-05,1.698722e-04,4.759687e-06
persistence,test,307,2024-07-28T19:00:00,2024-07-29T01:00:00,swvl1,351848,3.949549e-03,1.095841e-02,-7.156872e-04
persistence,test,307,2024-07-28T19:00:00,2024-07-29T01:00:00,stl1,351848,2.254732e+00,3.509624e+00,1.291559e+00
persistence,test,307,2024-07-28T19:00:00,2024-07-29T01:00:00,sd,351848,1.152935e-05,1.720176e-04,3.952649e-06
persistence,test,308,2024-07-28T20:00:00,2024-07-29T02:00:00,swvl1,351848,4.083529e-03,1.138905e-02,-7.192741e-04
persistence,test,308,2024-07-28T20:00:00,2024-07-29T02:00:00,stl1,351848,2.313284e+00,3.556853e+00,7.221077e-01
persistence,test,308,2024-07-28T20:00:00,2024-07-29T02:00:00,sd,351848,1.146574e-05,1.746014e-04,3.168125e-06
persistence,test,309,2024-07-28T21:00:00,2024-07-29T03:00:00,swvl1,351848,4.255797e-03,1.187889e-02,-6.507236e-04
persistence,test,309,2024-07-28T21:00:00,2024-07-29T03:00:00,stl1,351848,2.496397e+00,3.806565e+00,5.072523e-01
persistence,test,309,2024-07-28T21:00:00,2024-07-29T03:00:00,sd,351848,1.150133e-05,1.766616e-04,2.589266e-06
persistence,test,310,2024-07-28T22:00:00,2024-07-29T04:00:00,swvl1,351848,3.422877e-03,1.074086e-02,-2.227150e-04
persistence,test,310,2024-07-28T22:00:00,2024-07-29T04:00:00,stl1,351848,2.418089e+00,3.814044e+00,3.319339e-01
persistence,test,310,2024-07-28T22:00:00,2024-07-29T04:00:00,sd,351848,1.118719e-05,1.721986e-04,2.063461e-06
persistence,test,311,2024-07-28T23:00:00,2024-07-29T05:00:00,swvl1,351848,3.589851e-03,1.102722e-02,-1.216260e-04
persistence,test,311,2024-07-28T23:00:00,2024-07-29T05:00:00,stl1,351848,2.745622e+00,4.295016e+00,-2.562204e-01
persistence,test,311,2024-07-28T23:00:00,2024-07-29T05:00:00,sd,351848,1.111501e-05,1.669834e-04,1.888646e-06
persistence,test,312,2024-07-29T00:00:00,2024-07-29T06:00:00,swvl1,351848,3.769662e-03,1.136374e-02,-3.719680e-05
persistence,test,312,2024-07-29T00:00:00,2024-07-29T06:00:00,stl1,351848,2.797492e+00,4.519352e+00,-5.729391e-01
persistence,test,312,2024-07-29T00:00:00,2024-07-29T06:00:00,sd,351848,5.581652e-06,1.359325e-04,-2.728489e-06
persistence,test,313,2024-07-29T01:00:00,2024-07-29T07:00:00,swvl1,351848,3.940509e-03,1.158948e-02,2.090935e-05
persistence,test,313,2024-07-29T01:00:00,2024-07-29T07:00:00,stl1,351848,2.883867e+00,4.694778e+00,-9.251349e-01
persistence,test,313,2024-07-29T01:00:00,2024-07-29T07:00:00,sd,351848,5.490076e-06,1.316208e-04,-2.660982e-06
persistence,test,314,2024-07-29T02:00:00,2024-07-29T08:00:00,swvl1,351848,4.069671e-03,1.163521e-02,4.950552e-05
persistence,test,314,2024-07-29T02:00:00,2024-07-29T08:00:00,stl1,351848,2.765118e+00,4.556413e+00,-1.078302e+00
persistence,test,314,2024-07-29T02:00:00,2024-07-29T08:00:00,sd,351848,5.409477e-06,1.293558e-04,-2.658499e-06
persistence,test,315,2024-07-29T03:00:00,2024-07-29T09:00:00,swvl1,351848,4.138566e-03,1.149274e-02,5.635492e-05
persistence,test,315,2024-07-29T03:00:00,2024-07-29T09:00:00,stl1,351848,2.835575e+00,4.749136e+00,-1.334903e+00
persistence,test,315,2024-07-29T03:00:00,2024-07-29T09:00:00,sd,351848,5.334093e-06,1.281978e-04,-2.721453e-06
persistence,test,316,2024-07-29T04:00:00,2024-07-29T10:00:00,swvl1,351848,4.488289e-03,1.101773e-02,-1.991991e-04
persistence,test,316,2024-07-29T04:00:00,2024-07-29T10:00:00,stl1,351848,3.088694e+00,5.147572e+00,-1.510327e+00
persistence,test,316,2024-07-29T04:00:00,2024-07-29T10:00:00,sd,351848,5.123769e-06,1.232475e-04,-2.068437e-06
persistence,test,317,2024-07-29T05:00:00,2024-07-29T11:00:00,swvl1,351848,4.457812e-03,1.089946e-02,-2.304358e-04
persistence,test,317,2024-07-29T05:00:00,2024-07-29T11:00:00,stl1,351848,2.931491e+00,5.059855e+00,-1.270789e+00
persistence,test,317,2024-07-29T05:00:00,2024-07-29T11:00:00,sd,351848,5.027382e-06,1.216878e-04,-2.179645e-06
persistence,test,318,2024-07-29T06:00:00,2024-07-29T12:00:00,swvl1,351848,4.411218e-03,1.087932e-02,-2.797679e-04
persistence,test,318,2024-07-29T06:00:00,2024-07-29T12:00:00,stl1,351848,2.959268e+00,5.201452e+00,-1.244571e+00
persistence,test,318,2024-07-29T06:00:00,2024-07-29T12:00:00,sd,351848,4.860913e-06,1.180860e-04,-2.261759e-06
persistence,test,319,2024-07-29T07:00:00,2024-07-29T13:00:00,swvl1,351848,4.427935e-03,1.107854e-02,-3.127600e-04
persistence,test,319,2024-07-29T07:00:00,2024-07-29T13:00:00,stl1,351848,2.881147e+00,5.070204e+00,-1.094934e+00
persistence,test,319,2024-07-29T07:00:00,2024-07-29T13:00:00,sd,351848,4.731141e-06,1.141580e-04,-2.226198e-06
persistence,test,320,2024-07-29T08:00:00,2024-07-29T14:00:00,swvl1,351848,4.466939e-03,1.135633e-02,-3.637788e-04
persistence,test,320,2024-07-29T08:00:00,2024-07-29T14:00:00,stl1,351848,2.749229e+00,4.656215e+00,-6.761378e-01
persistence,test,320,2024-07-29T08:00:00,2024-07-29T14:00:00,sd,351848,4.692001e-06,1.109775e-04,-2.000285e-06
persistence,test,321,2024-07-29T09:00:00,2024-07-29T15:00:00,swvl1,351848,4.520390e-03,1.166569e-02,-4.324973e-04
persistence,test,321,2024-07-29T09:00:00,2024-07-29T15:00:00,stl1,351848,2.730903e+00,4.446695e+00,-4.044892e-01
persistence,test,321,2024-07-29T09:00:00,2024-07-29T15:00:00,sd,351848,4.719139e-06,1.075873e-04,-1.603353e-06
persistence,test,322,2024-07-29T10:00:00,2024-07-29T16:00:00,swvl1,351848,3.737709e-03,1.049561e-02,-2.418393e-04
persistence,test,322,2024-07-29T10:00:00,2024-07-29T16:00:00,stl1,351848,2.569703e+00,4.099963e+00,-1.577607e-01
persistence,test,322,2024-07-29T10:00:00,2024-07-29T16:00:00,sd,351848,4.521407e-06,9.836888e-05,-1.898163e-06
persistence,test,323,2024-07-29T11:00:00,2024-07-29T17:00:00,swvl1,351848,3.731619e-03,1.060472e-02,-2.760906e-04
persistence,test,323,2024-07-29T11:00:00,2024-07-29T17:00:00,stl1,351848,2.939600e+00,4.516144e+00,3.339090e-01
persistence,test,323,2024-07-29T11:00:00,2024-07-29T17:00:00,sd,351848,4.881409e-06,1.031794e-04,-1.412747e-06
persistence,test,324,2024-07-29T12:00:00,2024-07-29T18:00:00,swvl1,351848,3.752810e-03,1.067520e-02,-2.648335e-04
persistence,test,324,2024-07-29T12:00:00,2024-07-29T18:00:00,stl1,351848,3.160310e+00,4.804617e+00,6.124580e-01
persistence,test,324,2024-07-29T12:00:00,2024-07-29T18:00:00,sd,351848,5.500454e-06,1.120448e-04,-9.070650e-07
persistence,test,325,2024-07-29T13:00:00,2024-07-29T19:00:00,swvl1,351848,3.770766e-03,1.072508e-02,-2.814363e-04
persistence,test,325,2024-07-29T13:00:00,2024-07-29T19:00:00,stl1,351848,3.325271e+00,5.027750e+00,8.260033e-01
persistence,test,325,2024-07-29T13:00:00,2024-07-29T19:00:00,sd,351848,6.114024e-06,1.217767e-04,-4.386900e-07
persistence,test,326,2024-07-29T14:00:00,2024-07-29T20:00:00,swvl1,351848,3.781724e-03,1.081372e-02,-2.934704e-04
persistence,test,326,2024-07-29T14:00:00,2024-07-29T20:00:00,stl1,351848,3.297897e+00,5.061019e+00,1.098832e+00
persistence,test,326,2024-07-29T14:00:00,2024-07-29T20:00:00,sd,351848,6.549244e-06,1.301163e-04,-1.590831e-07
persistence,test,327,2024-07-29T15:00:00,2024-07-29T21:00:00,swvl1,351848,3.742474e-03,1.085033e-02,-3.096008e-04
persistence,test,327,2024-07-29T15:00:00,2024-07-29T21:00:00,stl1,351848,3.033605e+00,4.826079e+00,1.298995e+00
persistence,test,327,2024-07-29T15:00:00,2024-07-29T21:00:00,sd,351848,6.619101e-06,1.336073e-04,-1.711853e-07
persistence,test,328,2024-07-29T16:00:00,2024-07-29T22:00:00,swvl1,351848,4.124496e-03,1.080400e-02,-6.785842e-04
persistence,test,328,2024-07-29T16:00:00,2024-07-29T22:00:00,stl1,351848,2.850752e+00,4.609996e+00,1.436833e+00
persistence,test,328,2024-07-29T16:00:00,2024-07-29T22:00:00,sd,351848,6.166829e-06,1.227767e-04,-7.746530e-08
persistence,test,329,2024-07-29T17:00:00,2024-07-29T23:00:00,swvl1,351848,4.081682e-03,1.091357e-02,-7.245780e-04
persistence,test,329,2024-07-29T17:00:00,2024-07-29T23:00:00,stl1,351848,2.406461e+00,3.947058e+00,1.277453e+00
persistence,test,329,2024-07-29T17:00:00,2024-07-29T23:00:00,sd,351848,5.745036e-06,1.174993e-04,-3.804961e-07
persistence,test,330,2024-07-29T18:00:00,2024-07-30T00:00:00,swvl1,351848,4.038596e-03,1.110211e-02,-7.711407e-04
persistence,test,330,2024-07-29T18:00:00,2024-07-30T00:00:00,stl1,351848,2.241906e+00,3.607280e+00,1.278742e+00
persistence,test,330,2024-07-29T18:00:00,2024-07-30T00:00:00,sd,351848,7.491014e-06,1.351352e-04,5.027222e-07
persistence,test,331,2024-07-29T19:00:00,2024-07-30T01:00:00,swvl1,351848,4.079759e-03,1.141168e-02,-7.731106e-04
persistence,test,331,2024-07-29T19:00:00,2024-07-30T01:00:00,stl1,351848,2.170613e+00,3.450796e+00,1.262827e+00
persistence,test,331,2024-07-29T19:00:00,2024-07-30T01:00:00,sd,351848,7.046646e-06,1.287659e-04,5.667327e-08
persistence,test,332,2024-07-29T20:00:00,2024-07-30T02:00:00,swvl1,351848,4.163176e-03,1.183313e-02,-7.227048e-04
persistence,test,332,2024-07-29T20:00:00,2024-07-30T02:00:00,stl1,351848,2.239754e+00,3.475992e+00,7.666658e-01
persistence,test,332,2024-07-29T20:00:00,2024-07-30T02:00:00,sd,351848,6.697461e-06,1.235497e-04,-2.988486e-07
persistence,test,333,2024-07-29T21:00:00,2024-07-30T03:00:00,swvl1,351848,4.305084e-03,1.223209e-02,-6.272855e-04
persistence,test,333,2024-07-29T21:00:00,2024-07-30T03:00:00,stl1,351848,2.451041e+00,3.735258e+00,5.695864e-01
persistence,test,333,2024-07-29T21:00:00,2024-07-30T03:00:00,sd,351848,6.586090e-06,1.206115e-04,-4.620922e-07
persistence,test,334,2024-07-29T22:00:00,2024-07-30T04:00:00,swvl1,351848,3.434880e-03,1.087180e-02,-1.736877e-04
persistence,test,334,2024-07-29T22:00:00,2024-07-30T04:00:00,stl1,351848,2.380404e+00,3.810212e+00,3.443055e-01
persistence,test,334,2024-07-29T22:00:00,2024-07-30T04:00:00,sd,351848,6.361560e-06,1.186844e-04,-8.119058e-07
persistence,test,335,2024-07-29T23:00:00,2024-07-30T05:00:00,swvl1,351848,3.547667e-03,1.099211e-02,-4.832678e-05
persistence,test,335,2024-07-29T23:00:00,2024-07-30T05:00:00,stl1,351848,2.642141e+00,4.226424e+00,-2.326644e-01
persistence,test,335,2024-07-29T23:00:00,2024-07-30T05:00:00,sd,351848,6.400152e-06,1.172238e-04,-8.705008e-07
persistence,test,336,2024-07-30T00:00:00,2024-07-30T06:00:00,swvl1,351848,3.713263e-03,1.123823e-02,3.568653e-05
persistence,test,336,2024-07-30T00:00:00,2024-07-30T06:00:00,stl1,351848,2.708196e+00,4.459679e+00,-5.575298e-01
persistence,test,336,2024-07-30T00:00:00,2024-07-30T06:00:00,sd,351848,3.906883e-06,9.301563e-05,-2.256590e-06
persistence,test,337,2024-07-30T01:00:00,2024-07-30T07:00:00,swvl1,351848,3.902365e-03,1.151130e-02,7.174307e-05
persistence,test,337,2024-07-30T01:00:00,2024-07-30T07:00:00,stl1,351848,2.791284e+00,4.611879e+00,-9.061965e-01
persistence,test,337,2024-07-30T01:00:00,2024-07-30T07:00:00,sd,351848,4.066202e-06,9.414278e-05,-2.470672e-06
persistence,test,338,2024-07-30T02:00:00,2024-07-30T08:00:00,swvl1,351848,4.058120e-03,1.164036e-02,6.386986e-05
persistence,test,338,2024-07-30T02:00:00,2024-07-30T08:00:00,stl1,351848,2.747739e+00,4.526104e+00,-1.142438e+00
persistence,test,338,2024-07-30T02:00:00,2024-07-30T08:00:00,sd,351848,4.327662e-06,9.705762e-05,-2.774556e-06
persistence,test,339,2024-07-30T03:00:00,2024-07-30T09:00:00,swvl1,351848,4.184569e-03,1.177287e-02,4.260347e-06
persistence,test,339,2024-07-30T03:00:00,2024-07-30T09:00:00,stl1,351848,2.822849e+00,4.737121e+00,-1.441010e+00
persistence,test,339,2024-07-30T03:00:00,2024-07-30T09:00:00,sd,351848,4.703494e-06,1.026616e-04,-3.233296e-06
persistence,test,340,2024-07-30T04:00:00,2024-07-30T10:00:00,swvl1,351848,4.610302e-03,1.175033e-02,-3.136152e-04
persistence,test,340,2024-07-30T04:00:00,2024-07-30T10:00:00,stl1,351848,3.115071e+00,5.213633e+00,-1.658661e+00
persistence,test,340,2024-07-30T04:00:00,2024-07-30T10:00:00,sd,351848,5.726255e-06,1.268092e-04,-3.029595e-06
persistence,test,341,2024-07-30T05:00:00,2024-07-30T11:00:00,swvl1,351848,4.676143e-03,1.215600e-02,-4.755840e-04
persistence,test,341,2024-07-30T05:00:00,2024-07-30T11:00:00,stl1,351848,2.903369e+00,5.087627e+00,-1.375896e+00
persistence,test,341,2024-07-30T05:00:00,2024-07-30T11:00:00,sd,351848,6.698445e-06,1.399486e-04,-3.924688e-06
persistence,test,342,2024-07-30T06:00:00,2024-07-30T12:00:00,swvl1,351848,4.711060e-03,1.250964e-02,-6.230501e-04
persistence,test,342,2024-07-30T06:00:00,2024-07-30T12:00:00,stl1,351848,2.904919e+00,5.205059e+00,-1.320092e+00
persistence,test,342,2024-07-30T06:00:00,2024-07-30T12:00:00,sd,351848,7.845265e-06,1.542738e-04,-4.930352e-06
persistence,test,343,2024-07-30T07:00:00,2024-07-30T13:00:00,swvl1,351848,4.780412e-03,1.285031e-02,-7.457627e-04
persistence,test,343,2024-07-30T07:00:00,2024-07-30T13:00:00,stl1,351848,2.830642e+00,5.077672e+00,-1.170144e+00
persistence,test,343,2024-07-30T07:00:00,2024-07-30T13:00:00,sd,351848,8.989846e-06,1.680735e-04,-5.773073e-06
persistence,test,344,2024-07-30T08:00:00,2024-07-30T14:00:00,swvl1,351848,4.823183e-03,1.305399e-02,-8.293087e-04
persistence,test,344,2024-07-30T08:00:00,2024-07-30T14:00:00,stl1,351848,2.653029e+00,4.548644e+00,-6.606668e-01
persistence,test,344,2024-07-30T08:00:00,2024-07-30T14:00:00,sd,351848,1.012463e-05,1.815467e-04,-6.398255e-06
persistence,test,345,2024-07-30T09:00:00,2024-07-30T15:00:00,swvl1,351848,4.848428e-03,1.314248e-02,-8.649617e-04
persistence,test,345,2024-07-30T09:00:00,2024-07-30T15:00:00,stl1,351848,2.625348e+00,4.311801e+00,-3.671195e-01
persistence,test,345,2024-07-30T09:00:00,2024-07-30T15:00:00,sd,351848,1.131503e-05,1.949277e-04,-6.851432e-06
persistence,test,346,2024-07-30T10:00:00,2024-07-30T16:00:00,swvl1,351848,3.970576e-03,1.168174e-02,-6.309339e-04
persistence,test,346,2024-07-30T10:00:00,2024-07-30T16:00:00,stl1,351848,2.456931e+00,3.907152e+00,-6.677191e-02
persistence,test,346,2024-07-30T10:00:00,2024-07-30T16:00:00,sd,351848,1.117361e-05,1.789251e-04,-7.944430e-06
persistence,test,347,2024-07-30T11:00:00,2024-07-30T17:00:00,swvl1,351848,3.902173e-03,1.141667e-02,-5.328786e-04
persistence,test,347,2024-07-30T11:00:00,2024-07-30T17:00:00,stl1,351848,2.870512e+00,4.408531e+00,3.850391e-01
persistence,test,347,2024-07-30T11:00:00,2024-07-30T17:00:00,sd,351848,1.212503e-05,1.909258e-04,-7.788651e-06
persistence,test,348,2024-07-30T12:00:00,2024-07-30T18:00:00,swvl1,351848,3.881442e-03,1.120033e-02,-4.404395e-04
persistence,test,348,2024-07-30T12:00:00,2024-07-30T18:00:00,stl1,351848,3.101829e+00,4.709968e+00,6.302248e-01
persistence,test,348,2024-07-30T12:00:00,2024-07-30T18:00:00,sd,351848,1.296453e-05,2.041549e-04,-7.350536e-06
persistence,test,349,2024-07-30T13:00:00,2024-07-30T19:00:00,swvl1,351848,3.871305e-03,1.110394e-02,-3.678476e-04
persistence,test,349,2024-07-30T13:00:00,2024-07-30T19:00:00,stl1,351848,3.245963e+00,4.917788e+00,8.322872e-01
persistence,test,349,2024-07-30T13:00:00,2024-07-30T19:00:00,sd,351848,1.379529e-05,2.183109e-04,-6.992268e-06
persistence,test,350,2024-07-30T14:00:00,2024-07-30T20:00:00,swvl1,351848,3.846799e-03,1.107607e-02,-3.334528e-04
persistence,test,350,2024-07-30T14:00:00,2024-07-30T20:00:00,stl1,351848,3.235267e+00,4.952104e+00,1.077643e+00
persistence,test,350,2024-07-30T14:00:00,2024-07-30T20:00:00,sd,351848,1.459950e-05,2.308068e-04,-7.118758e-06
persistence,test,351,2024-07-30T15:00:00,2024-07-30T21:00:00,swvl1,351848,3.817732e-03,1.113342e-02,-3.643570e-04
persistence,test,351,2024-07-30T15:00:00,2024-07-30T21:00:00,stl1,351848,2.967386e+00,4.702322e+00,1.296953e+00
persistence,test,351,2024-07-30T15:00:00,2024-07-30T21:00:00,sd,351848,1.522169e-05,2.421258e-04,-7.687827e-06
persistence,test,352,2024-07-30T16:00:00,2024-07-30T22:00:00,swvl1,351848,4.081367e-03,1.084037e-02,-6.957167e-04
persistence,test,352,2024-07-30T16:00:00,2024-07-30T22:00:00,stl1,351848,2.757091e+00,4.486264e+00,1.400823e+00
persistence,test,352,2024-07-30T16:00:00,2024-07-30T22:00:00,sd,351848,1.430755e-05,2.260888e-04,-7.012347e-06
persistence,test,353,2024-07-30T17:00:00,2024-07-30T23:00:00,swvl1,351848,4.062978e-03,1.097455e-02,-7.711412e-04
persistence,test,353,2024-07-30T17:00:00,2024-07-30T23:00:00,stl1,351848,2.324914e+00,3.820961e+00,1.233962e+00
persistence,test,353,2024-07-30T17:00:00,2024-07-30T23:00:00,sd,351848,1.407241e-05,2.228488e-04,-7.589765e-06
persistence,test,354,2024-07-30T18:00:00,2024-07-31T00:00:00,swvl1,351848,4.047683e-03,1.117683e-02,-8.192926e-04
persistence,test,354,2024-07-30T18:00:00,2024-07-31T00:00:00,stl1,351848,2.189975e+00,3.511234e+00,1.282497e+00
persistence,test,354,2024-07-30T18:00:00,2024-07-31T00:00:00,sd,351848,1.137799e-05,1.559762e-04,2.503327e-06
persistence,test,355,2024-07-30T19:00:00,2024-07-31T01:00:00,swvl1,351848,4.129954e-03,1.156908e-02,-8.192578e-04
persistence,test,355,2024-07-30T19:00:00,2024-07-31T01:00:00,stl1,351848,2.186103e+00,3.410738e+00,1.308044e+00
persistence,test,355,2024-07-30T19:00:00,2024-07-31T01:00:00,sd,351848,1.173826e-05,1.612145e-04,1.788351e-06
persistence,test,356,2024-07-30T20:00:00,2024-07-31T02:00:00,swvl1,351848,4.222959e-03,1.185090e-02,-7.591550e-04
persistence,test,356,2024-07-30T20:00:00,2024-07-31T02:00:00,stl1,351848,2.325108e+00,3.524749e+00,7.172997e-01
persistence,test,356,2024-07-30T20:00:00,2024-07-31T02:00:00,sd,351848,1.282812e-05,1.747621e-04,1.368911e-06
persistence,test,357,2024-07-30T21:00:00,2024-07-31T03:00:00,swvl1,351848,4.347359e-03,1.206782e-02,-6.087135e-04
persistence,test,357,2024-07-30T21:00:00,2024-07-31T03:00:00,stl1,351848,2.466106e+00,3.759359e+00,5.070384e-01
persistence,test,357,2024-07-30T21:00:00,2024-07-31T03:00:00,sd,351848,1.435480e-05,1.994251e-04,1.404209e-06
persistence,test,358,2024-07-30T22:00:00,2024-07-31T04:00:00,swvl1,351848,3.422939e-03,1.030300e-02,-1.635278e-04
persistence,test,358,2024-07-30T22:00:00,2024-07-31T04:00:00,stl1,351848,2.372257e+00,3.788789e+00,3.350071e-01
persistence,test,358,2024-07-30T22:00:00,2024-07-31T04:00:00,sd,351848,1.369423e-05,2.029143e-04,2.171902e-07
persistence,test,359,2024-07-30T23:00:00,2024-07-31T05:00:00,swvl1,351848,3.470124e-03,1.002933e-02,1.710029e-05
persistence,test,359,2024-07-30T23:00:00,2024-07-31T05:00:00,stl1,351848,2.655830e+00,4.202627e+00,-2.518555e-01
persistence,test,359,2024-07-30T23:00:00,2024-07-31T05:00:00,sd,351848,1.489827e-05,2.271217e-04,2.577957e-07
persistence,test,360,2024-07-31T00:00:00,2024-07-31T06:00:00,swvl1,351848,3.555003e-03,9.912096e-03,1.688450e-04
persistence,test,360,2024-07-31T00:00:00,2024-07-31T06:00:00,stl1,351848,2.716529e+00,4.377547e+00,-6.061630e-01
persistence,test,360,2024-07-31T00:00:00,2024-07-31T06:00:00,sd,351848,1.212487e-05,2.074322e-04,-1.043218e-05
persistence,test,361,2024-07-31T01:00:00,2024-07-31T07:00:00,swvl1,351848,3.673613e-03,9.870407e-03,2.772379e-04
persistence,test,361,2024-07-31T01:00:00,2024-07-31T07:00:00,stl1,351848,2.780107e+00,4.506074e+00,-1.000747e+00
persistence,test,361,2024-07-31T01:00:00,2024-07-31T07:00:00,sd,351848,1.178582e-05,2.056925e-04,-1.022310e-05
persistence,test,362,2024-07-31T02:00:00,2024-07-31T08:00:00,swvl1,351848,3.809428e-03,1.002386e-02,3.006104e-04
persistence,test,362,2024-07-31T02:00:00,2024-07-31T08:00:00,stl1,351848,2.679710e+00,4.397374e+00,-1.141257e+00
persistence,test,362,2024-07-31T02:00:00,2024-07-31T08:00:00,sd,351848,1.145319e-05,2.014018e-04,-9.974533e-06
persistence,test,363,2024-07-31T03:00:00,2024-07-31T09:00:00,swvl1,351848,3.957169e-03,1.028087e-02,2.338394e-04
persistence,test,363,2024-07-31T03:00:00,2024-07-31T09:00:00,stl1,351848,2.766628e+00,4.663118e+00,-1.447091e+00
persistence,test,363,2024-07-31T03:00:00,2024-07-31T09:00:00,sd,351848,1.119332e-05,1.945632e-04,-9.783648e-06
persistence,test,364,2024-07-31T04:00:00,2024-07-31T10:00:00,swvl1,351848,4.438371e-03,1.085859e-02,-2.193264e-05
persistence,test,364,2024-07-31T04:00:00,2024-07-31T10:00:00,stl1,351848,3.089283e+00,5.170948e+00,-1.706463e+00
persistence,test,364,2024-07-31T04:00:00,2024-07-31T10:00:00,sd,351848,1.059271e-05,1.782867e-04,-8.676602e-06
persistence,test,365,2024-07-31T05:00:00,2024-07-31T11:00:00,swvl1,351848,4.469470e-03,1.098449e-02,-1.468442e-04
persistence,test,365,2024-07-31T05:00:00,2024-07-31T11:00:00,stl1,351848,2.863052e+00,5.019449e+00,-1.396117e+00
persistence,test,365,2024-07-31T05:00:00,2024-07-31T11:00:00,sd,351848,1.030677e-05,1.661895e-04,-8.354525e-06
persistence,test,366,2024-07-31T06:00:00,2024-07-31T12:00:00,swvl1,351848,4.454740e-03,1.097787e-02,-2.644044e-04
persistence,test,366,2024-07-31T06:00:00,2024-07-31T12:00:00,stl1,351848,2.898320e+00,5.195618e+00,-1.317533e+00
persistence,test,366,2024-07-31T06:00:00,2024-07-31T12:00:00,sd,351848,1.002209e-05,1.558521e-04,-7.920922e-06
persistence,test,367,2024-07-31T07:00:00,2024-07-31T13:00:00,swvl1,351848,4.495386e-03,1.107052e-02,-3.364839e-04
persistence,test,367,2024-07-31T07:00:00,2024-07-31T13:00:00,stl1,351848,2.827108e+00,5.065212e+00,-1.173150e+00
persistence,test,367,2024-07-31T07:00:00,2024-07-31T13:00:00,sd,351848,9.838001e-06,1.496739e-04,-7.381679e-06
persistence,test,368,2024-07-31T08:00:00,2024-07-31T14:00:00,swvl1,351848,4.550943e-03,1.122307e-02,-3.416141e-04
persistence,test,368,2024-07-31T08:00:00,2024-07-31T14:00:00,stl1,351848,2.696394e+00,4.572431e+00,-6.957040e-01
persistence,test,368,2024-07-31T08:00:00,2024-07-31T14:00:00,sd,351848,9.746049e-06,1.470650e-04,-6.656901e-06
persistence,test,369,2024-07-31T09:00:00,2024-07-31T15:00:00,swvl1,351848,4.575082e-03,1.129044e-02,-2.712900e-04
persistence,test,369,2024-07-31T09:00:00,2024-07-31T15:00:00,stl1,351848,2.634804e+00,4.269182e+00,-3.976534e-01
persistence,test,369,2024-07-31T09:00:00,2024-07-31T15:00:00,sd,351848,9.837226e-06,1.470435e-04,-5.738206e-06
persistence,test,370,2024-07-31T10:00:00,2024-07-31T16:00:00,swvl1,351848,3.587798e-03,9.287965e-03,-2.162240e-05
persistence,test,370,2024-07-31T10:00:00,2024-07-31T16:00:00,stl1,351848,2.468805e+00,3.871507e+00,-8.563581e-02
persistence,test,370,2024-07-31T10:00:00,2024-07-31T16:00:00,sd,351848,9.565032e-06,1.380485e-04,-5.639135e-06
persistence,test,371,2024-07-31T11:00:00,2024-07-31T17:00:00,swvl1,351848,3.546556e-03,9.120741e-03,8.584301e-05
persistence,test,371,2024-07-31T11:00:00,2024-07-31T17:00:00,stl1,351848,2.895278e+00,4.384454e+00,3.831058e-01
persistence,test,371,2024-07-31T11:00:00,2024-07-31T17:00:00,sd,351848,1.012196e-05,1.413124e-04,-4.822364e-06
persistence,test,372,2024-07-31T12:00:00,2024-07-31T18:00:00,swvl1,351848,3.542623e-03,9.128813e-03,1.963687e-04
persistence,test,372,2024-07-31T12:00:00,2024-07-31T18:00:00,stl1,351848,3.165197e+00,4.758429e+00,6.114062e-01
persistence,test,372,2024-07-31T12:00:00,2024-07-31T18:00:00,sd,351848,1.090187e-05,1.470582e-04,-4.044567e-06
persistence,test,373,2024-07-31T13:00:00,2024-07-31T19:00:00,swvl1,351848,3.566977e-03,9.275177e-03,2.424271e-04
persistence,test,373,2024-07-31T13:00:00,2024-07-31T19:00:00,stl1,351848,3.318010e+00,4.965174e+00,8.166001e-01
persistence,test,373,2024-07-31T13:00:00,2024-07-31T19:00:00,sd,351848,1.183122e-05,1.540978e-04,-3.468640e-06
persistence,test,374,2024-07-31T14:00:00,2024-07-31T20:00:00,swvl1,351848,3.584528e-03,9.537464e-03,2.073111e-04
persistence,test,374,2024-07-31T14:00:00,2024-07-31T20:00:00,stl1,351848,3.292048e+00,4.976894e+00,1.079018e+00
persistence,test,374,2024-07-31T14:00:00,2024-07-31T20:00:00,sd,351848,1.286200e-05,1.627620e-04,-3.308725e-06
persistence,test,375,2024-07-31T15:00:00,2024-07-31T21:00:00,swvl1,351848,3.577265e-03,9.798709e-03,1.209679e-04
persistence,test,375,2024-07-31T15:00:00,2024-07-31T21:00:00,stl1,351848,3.013331e+00,4.719883e+00,1.260035e+00
persistence,test,375,2024-07-31T15:00:00,2024-07-31T21:00:00,sd,351848,1.377908e-05,1.748481e-04,-3.847377e-06
persistence,test,376,2024-07-31T16:00:00,2024-07-31T22:00:00,swvl1,351848,3.800798e-03,9.331873e-03,-1.759739e-04
persistence,test,376,2024-07-31T16:00:00,2024-07-31T22:00:00,stl1,351848,2.778800e+00,4.510768e+00,1.372932e+00
persistence,test,376,2024-07-31T16:00:00,2024-07-31T22:00:00,sd,351848,1.482065e-05,1.806272e-04,-4.550111e-06
persistence,test,377,2024-07-31T17:00:00,2024-07-31T23:00:00,swvl1,351848,3.747442e-03,9.366631e-03,-2.789668e-04
persistence,test,377,2024-07-31T17:00:00,2024-07-31T23:00:00,stl1,351848,2.323389e+00,3.813938e+00,1.168041e+00
persistence,test,377,2024-07-31T17:00:00,2024-07-31T23:00:00,sd,351848,1.540221e-05,1.968070e-04,-5.762749e-06
persistence,test,378,2025-07-16T00:00:00,2025-07-16T06:00:00,swvl1,351848,3.400727e-03,8.945677e-03,4.207415e-04
persistence,test,378,2025-07-16T00:00:00,2025-07-16T06:00:00,stl1,351848,2.868105e+00,4.543838e+00,-6.638745e-01
persistence,test,378,2025-07-16T00:00:00,2025-07-16T06:00:00,sd,351848,4.323569e-06,6.809004e-05,1.455028e-06
persistence,test,379,2025-07-16T01:00:00,2025-07-16T07:00:00,swvl1,351848,3.525055e-03,9.168714e-03,4.295140e-04
persistence,test,379,2025-07-16T01:00:00,2025-07-16T07:00:00,stl1,351848,2.959934e+00,4.746661e+00,-1.026685e+00
persistence,test,379,2025-07-16T01:00:00,2025-07-16T07:00:00,sd,351848,4.508475e-06,7.428844e-05,1.936492e-06
persistence,test,380,2025-07-16T02:00:00,2025-07-16T08:00:00,swvl1,351848,3.632613e-03,9.396540e-03,3.854334e-04
persistence,test,380,2025-07-16T02:00:00,2025-07-16T08:00:00,stl1,351848,2.884109e+00,4.681926e+00,-1.168652e+00
persistence,test,380,2025-07-16T02:00:00,2025-07-16T08:00:00,sd,351848,4.656074e-06,8.046249e-05,2.206577e-06
persistence,test,381,2025-07-16T03:00:00,2025-07-16T09:00:00,swvl1,351848,3.707083e-03,9.521361e-03,3.192298e-04
persistence,test,381,2025-07-16T03:00:00,2025-07-16T09:00:00,stl1,351848,2.998551e+00,4.989622e+00,-1.421625e+00
persistence,test,381,2025-07-16T03:00:00,2025-07-16T09:00:00,sd,351848,4.816073e-06,8.488435e-05,2.190444e-06
persistence,test,382,2025-07-16T04:00:00,2025-07-16T10:00:00,swvl1,351848,4.167979e-03,9.858868e-03,2.003644e-04
persistence,test,382,2025-07-16T04:00:00,2025-07-16T10:00:00,stl1,351848,3.224066e+00,5.422203e+00,-1.582219e+00
persistence,test,382,2025-07-16T04:00:00,2025-07-16T10:00:00,sd,351848,4.813216e-06,8.758640e-05,2.009791e-06
persistence,test,383,2025-07-16T05:00:00,2025-07-16T11:00:00,swvl1,351848,4.178132e-03,9.991127e-03,1.118440e-04
persistence,test,383,2025-07-16T05:00:00,2025-07-16T11:00:00,stl1,351848,2.987395e+00,5.198987e+00,-1.329365e+00
persistence,test,383,2025-07-16T05:00:00,2025-07-16T11:00:00,sd,351848,4.968998e-06,9.142952e-05,1.244478e-06
persistence,test,384,2025-07-16T06:00:00,2025-07-16T12:00:00,swvl1,351848,4.181729e-03,1.016533e-02,2.323977e-05
persistence,test,384,2025-07-16T06:00:00,2025-07-16T12:00:00,stl1,351848,3.017154e+00,5.307050e+00,-1.285685e+00
persistence,test,384,2025-07-16T06:00:00,2025-07-16T12:00:00,sd,351848,5.488999e-06,1.044224e-04,2.306829e-07
persistence,test,385,2025-07-16T07:00:00,2025-07-16T13:00:00,swvl1,351848,4.271434e-03,1.054119e-02,-4.216895e-05
persistence,test,385,2025-07-16T07:00:00,2025-07-16T13:00:00,stl1,351848,2.899337e+00,5.098412e+00,-1.108541e+00
persistence,test,385,2025-07-16T07:00:00,2025-07-16T13:00:00,sd,351848,6.165596e-06,1.258201e-04,-9.198774e-07
persistence,test,386,2025-07-16T08:00:00,2025-07-16T14:00:00,swvl1,351848,4.346234e-03,1.083200e-02,-7.310819e-05
persistence,test,386,2025-07-16T08:00:00,2025-07-16T14:00:00,stl1,351848,2.732989e+00,4.577632e+00,-6.121223e-01
persistence,test,386,2025-07-16T08:00:00,2025-07-16T14:00:00,sd,351848,6.899527e-06,1.498453e-04,-1.821641e-06
persistence,test,387,2025-07-16T09:00:00,2025-07-16T15:00:00,swvl1,351848,4.423950e-03,1.104269e-02,-8.817434e-05
persistence,test,387,2025-07-16T09:00:00,2025-07-16T15:00:00,stl1,351848,2.716681e+00,4.331830e+00,-3.017821e-01
persistence,test,387,2025-07-16T09:00:00,2025-07-16T15:00:00,sd,351848,7.669783e-06,1.715972e-04,-2.545017e-06
persistence,test,388,2025-07-16T10:00:00,2025-07-16T16:00:00,swvl1,351848,3.603658e-03,9.747498e-03,-1.881981e-05
persistence,test,388,2025-07-16T10:00:00,2025-07-16T16:00:00,stl1,351848,2.578264e+00,3.994894e+00,-2.371723e-02
persistence,test,388,2025-07-16T10:00:00,2025-07-16T16:00:00,sd,351848,8.052066e-06,1.829167e-04,-2.967284e-06
persistence,test,389,2025-07-16T11:00:00,2025-07-16T17:00:00,swvl1,351848,3.581776e-03,9.627568e-03,5.072866e-05
persistence,test,389,2025-07-16T11:00:00,2025-07-16T17:00:00,stl1,351848,3.004784e+00,4.471981e+00,4.946073e-01
persistence,test,389,2025-07-16T11:00:00,2025-07-16T17:00:00,sd,351848,8.381133e-06,1.870147e-04,-2.665820e-06
persistence,test,390,2025-07-16T12:00:00,2025-07-16T18:00:00,swvl1,351848,3.556634e-03,9.525921e-03,1.305225e-04
persistence,test,390,2025-07-16T12:00:00,2025-07-16T18:00:00,stl1,351848,3.200269e+00,4.765536e+00,7.722291e-01
persistence,test,390,2025-07-16T12:00:00,2025-07-16T18:00:00,sd,351848,8.464852e-06,1.826485e-04,-1.976772e-06
persistence,test,391,2025-07-16T13:00:00,2025-07-16T19:00:00,swvl1,351848,3.537440e-03,9.523829e-03,1.706081e-04
persistence,test,391,2025-07-16T13:00:00,2025-07-16T19:00:00,stl1,351848,3.328776e+00,4.929085e+00,9.571798e-01
persistence,test,391,2025-07-16T13:00:00,2025-07-16T19:00:00,sd,351848,8.462342e-06,1.774743e-04,-1.191602e-06
persistence,test,392,2025-07-16T14:00:00,2025-07-16T20:00:00,swvl1,351848,3.503873e-03,9.542510e-03,1.787772e-04
persistence,test,392,2025-07-16T14:00:00,2025-07-16T20:00:00,stl1,351848,3.301231e+00,4.998273e+00,1.204099e+00
persistence,test,392,2025-07-16T14:00:00,2025-07-16T20:00:00,sd,351848,8.486863e-06,1.768538e-04,-6.443281e-07
persistence,test,393,2025-07-16T15:00:00,2025-07-16T21:00:00,swvl1,351848,3.435519e-03,9.431080e-03,1.802151e-04
persistence,test,393,2025-07-16T15:00:00,2025-07-16T21:00:00,stl1,351848,3.020312e+00,4.756711e+00,1.368965e+00
persistence,test,393,2025-07-16T15:00:00,2025-07-16T21:00:00,sd,351848,8.375959e-06,1.774183e-04,-3.494910e-07
persistence,test,394,2025-07-16T16:00:00,2025-07-16T22:00:00,swvl1,351848,3.741792e-03,9.253120e-03,-2.140413e-05
persistence,test,394,2025-07-16T16:00:00,2025-07-16T22:00:00,stl1,351848,2.955424e+00,4.682599e+00,1.450409e+00
persistence,test,394,2025-07-16T16:00:00,2025-07-16T22:00:00,sd,351848,8.556232e-06,1.947701e-04,-9.615862e-07
persistence,test,395,2025-07-16T17:00:00,2025-07-16T23:00:00,swvl1,351848,3.678158e-03,9.206558e-03,-7.408374e-05
persistence,test,395,2025-07-16T17:00:00,2025-07-16T23:00:00,stl1,351848,2.556494e+00,4.046364e+00,1.264483e+00
persistence,test,395,2025-07-16T17:00:00,2025-07-16T23:00:00,sd,351848,8.478664e-06,2.095376e-04,-1.467024e-06
persistence,test,396,2025-07-16T18:00:00,2025-07-17T00:00:00,swvl1,351848,3.612479e-03,9.076285e-03,-1.055791e-04
persistence,test,396,2025-07-16T18:00:00,2025-07-17T00:00:00,stl1,351848,2.386688e+00,3.745165e+00,1.257282e+00
persistence,test,396,2025-07-16T18:00:00,2025-07-17T00:00:00,sd,351848,9.108911e-06,2.275922e-04,-3.797063e-06
persistence,test,397,2025-07-16T19:00:00,2025-07-17T01:00:00,swvl1,351848,3.632462e-03,9.084084e-03,-5.255108e-05
persistence,test,397,2025-07-16T19:00:00,2025-07-17T01:00:00,stl1,351848,2.336696e+00,3.615402e+00,1.240284e+00
persistence,test,397,2025-07-16T19:00:00,2025-07-17T01:00:00,sd,351848,9.052105e-06,2.371814e-04,-4.477749e-06
persistence,test,398,2025-07-16T20:00:00,2025-07-17T02:00:00,swvl1,351848,3.696804e-03,9.169623e-03,5.094238e-05
persistence,test,398,2025-07-16T20:00:00,2025-07-17T02:00:00,stl1,351848,2.347254e+00,3.577694e+00,6.252622e-01
persistence,test,398,2025-07-16T20:00:00,2025-07-17T02:00:00,sd,351848,8.714714e-06,2.346111e-04,-4.802841e-06
persistence,test,399,2025-07-16T21:00:00,2025-07-17T03:00:00,swvl1,351848,3.794566e-03,9.214051e-03,1.935212e-04
persistence,test,399,2025-07-16T21:00:00,2025-07-17T03:00:00,stl1,351848,2.495699e+00,3.784146e+00,3.809893e-01
persistence,test,399,2025-07-16T21:00:00,2025-07-17T03:00:00,sd,351848,8.447860e-06,2.232054e-04,-4.727357e-06
persistence,test,400,2025-07-16T22:00:00,2025-07-17T04:00:00,swvl1,351848,2.985840e-03,7.777054e-03,4.973525e-04
persistence,test,400,2025-07-16T22:00:00,2025-07-17T04:00:00,stl1,351848,2.371131e+00,3.748440e+00,1.744569e-01
persistence,test,400,2025-07-16T22:00:00,2025-07-17T04:00:00,sd,351848,7.510608e-06,1.913855e-04,-3.866340e-06
persistence,test,401,2025-07-16T23:00:00,2025-07-17T05:00:00,swvl1,351848,3.087545e-03,7.974241e-03,6.144262e-04
persistence,test,401,2025-07-16T23:00:00,2025-07-17T05:00:00,stl1,351848,2.756523e+00,4.250968e+00,-4.268201e-01
persistence,test,401,2025-07-16T23:00:00,2025-07-17T05:00:00,sd,351848,7.240697e-06,1.677443e-04,-3.261891e-06
persistence,test,402,2025-07-17T00:00:00,2025-07-17T06:00:00,swvl1,351848,3.236679e-03,8.402130e-03,7.011631e-04
persistence,test,402,2025-07-17T00:00:00,2025-07-17T06:00:00,stl1,351848,2.885899e+00,4.501968e+00,-7.334209e-01
persistence,test,402,2025-07-17T00:00:00,2025-07-17T06:00:00,sd,351848,5.161515e-06,1.368563e-04,-9.130227e-07
persistence,test,403,2025-07-17T01:00:00,2025-07-17T07:00:00,swvl1,351848,3.403963e-03,8.899469e-03,7.301006e-04
persistence,test,403,2025-07-17T01:00:00,2025-07-17T07:00:00,stl1,351848,2.999625e+00,4.713940e+00,-1.092451e+00
persistence,test,403,2025-07-17T01:00:00,2025-07-17T07:00:00,sd,351848,4.892121e-06,1.154297e-04,-1.301352e-07
persistence,test,404,2025-07-17T02:00:00,2025-07-17T08:00:00,swvl1,351848,3.564373e-03,9.351640e-03,6.872768e-04
persistence,test,404,2025-07-17T02:00:00,2025-07-17T08:00:00,stl1,351848,2.903191e+00,4.663228e+00,-1.241511e+00
persistence,test,404,2025-07-17T02:00:00,2025-07-17T08:00:00,sd,351848,4.705567e-06,1.042378e-04,4.155723e-07
persistence,test,405,2025-07-17T03:00:00,2025-07-17T09:00:00,swvl1,351848,3.691537e-03,9.651396e-03,5.734406e-04
persistence,test,405,2025-07-17T03:00:00,2025-07-17T09:00:00,stl1,351848,3.003325e+00,4.990572e+00,-1.485693e+00
persistence,test,405,2025-07-17T03:00:00,2025-07-17T09:00:00,sd,351848,4.504748e-06,9.734132e-05,7.672616e-07
persistence,test,406,2025-07-17T04:00:00,2025-07-17T10:00:00,swvl1,351848,4.237253e-03,9.722360e-03,3.406273e-04
persistence,test,406,2025-07-17T04:00:00,2025-07-17T10:00:00,stl1,351848,3.247732e+00,5.441275e+00,-1.634169e+00
persistence,test,406,2025-07-17T04:00:00,2025-07-17T10:00:00,sd,351848,8.440457e-06,3.654534e-04,5.904702e-06
persistence,test,407,2025-07-17T05:00:00,2025-07-17T11:00:00,swvl1,351848,4.236160e-03,9.753546e-03,2.236977e-04
persistence,test,407,2025-07-17T05:00:00,2025-07-17T11:00:00,stl1,351848,3.030364e+00,5.215919e+00,-1.353099e+00
persistence,test,407,2025-07-17T05:00:00,2025-07-17T11:00:00,sd,351848,8.658751e-06,3.725506e-04,6.029256e-06
persistence,test,408,2025-07-17T06:00:00,2025-07-17T12:00:00,swvl1,351848,4.222751e-03,9.894025e-03,9.386206e-05
persistence,test,408,2025-07-17T06:00:00,2025-07-17T12:00:00,stl1,351848,3.074727e+00,5.348924e+00,-1.319233e+00
persistence,test,408,2025-07-17T06:00:00,2025-07-17T12:00:00,sd,351848,8.789423e-06,3.778400e-04,6.055635e-06
persistence,test,409,2025-07-17T07:00:00,2025-07-17T13:00:00,swvl1,351848,4.296436e-03,1.026868e-02,-2.516738e-05
persistence,test,409,2025-07-17T07:00:00,2025-07-17T13:00:00,stl1,351848,2.960374e+00,5.157851e+00,-1.145740e+00
persistence,test,409,2025-07-17T07:00:00,2025-07-17T13:00:00,sd,351848,9.003989e-06,3.820762e-04,6.040472e-06
persistence,test,410,2025-07-17T08:00:00,2025-07-17T14:00:00,swvl1,351848,4.388394e-03,1.069513e-02,-1.137840e-04
persistence,test,410,2025-07-17T08:00:00,2025-07-17T14:00:00,stl1,351848,2.775390e+00,4.644933e+00,-6.176985e-01
persistence,test,410,2025-07-17T08:00:00,2025-07-17T14:00:00,sd,351848,9.408457e-06,3.888400e-04,6.140012e-06
persistence,test,411,2025-07-17T09:00:00,2025-07-17T15:00:00,swvl1,351848,4.458042e-03,1.109217e-02,-1.715295e-04
persistence,test,411,2025-07-17T09:00:00,2025-07-17T15:00:00,stl1,351848,2.758824e+00,4.401722e+00,-2.570480e-01
persistence,test,411,2025-07-17T09:00:00,2025-07-17T15:00:00,sd,351848,9.903592e-06,3.853827e-04,6.148704e-06
persistence,test,412,2025-07-17T10:00:00,2025-07-17T16:00:00,swvl1,351848,3.496579e-03,9.719086e-03,-7.650088e-05
persistence,test,412,2025-07-17T10:00:00,2025-07-17T16:00:00,stl1,351848,2.622155e+00,4.067293e+00,9.683186e-03
persistence,test,412,2025-07-17T10:00:00,2025-07-17T16:00:00,sd,351848,5.890147e-06,1.104865e-04,1.358063e-06
persistence,test,413,2025-07-17T11:00:00,2025-07-17T17:00:00,swvl1,351848,3.507512e-03,9.740743e-03,-6.806463e-05
persistence,test,413,2025-07-17T11:00:00,2025-07-17T17:00:00,stl1,351848,3.037891e+00,4.500322e+00,4.979738e-01
persistence,test,413,2025-07-17T11:00:00,2025-07-17T17:00:00,sd,351848,6.743954e-06,1.235953e-04,1.576546e-06
persistence,test,414,2025-07-17T12:00:00,2025-07-17T18:00:00,swvl1,351848,3.526106e-03,9.740167e-03,-3.952610e-05
persistence,test,414,2025-07-17T12:00:00,2025-07-17T18:00:00,stl1,351848,3.239250e+00,4.774002e+00,7.414976e-01
persistence,test,414,2025-07-17T12:00:00,2025-07-17T18:00:00,sd,351848,7.750938e-06,1.405020e-04,1.965559e-06
persistence,test,415,2025-07-17T13:00:00,2025-07-17T19:00:00,swvl1,351848,3.537326e-03,9.849461e-03,-5.329838e-05
persistence,test,415,2025-07-17T13:00:00,2025-07-17T19:00:00,stl1,351848,3.424047e+00,4.985211e+00,9.595650e-01
persistence,test,415,2025-07-17T13:00:00,2025-07-17T19:00:00,sd,351848,8.551644e-06,1.555199e-04,2.372607e-06
persistence,test,416,2025-07-17T14:00:00,2025-07-17T20:00:00,swvl1,351848,3.523487e-03,9.928483e-03,-8.078575e-05
persistence,test,416,2025-07-17T14:00:00,2025-07-17T20:00:00,stl1,351848,3.406714e+00,5.054366e+00,1.207614e+00
persistence,test,416,2025-07-17T14:00:00,2025-07-17T20:00:00,sd,351848,8.989648e-06,1.654170e-04,2.678448e-06
persistence,test,417,2025-07-17T15:00:00,2025-07-17T21:00:00,swvl1,351848,3.494175e-03,1.003778e-02,-1.185445e-04
persistence,test,417,2025-07-17T15:00:00,2025-07-17T21:00:00,stl1,351848,3.108668e+00,4.803548e+00,1.362742e+00
persistence,test,417,2025-07-17T15:00:00,2025-07-17T21:00:00,sd,351848,8.727301e-06,1.575285e-04,2.864490e-06
persistence,test,418,2025-07-17T16:00:00,2025-07-17T22:00:00,swvl1,351848,3.789830e-03,9.658776e-03,-2.942958e-04
persistence,test,418,2025-07-17T16:00:00,2025-07-17T22:00:00,stl1,351848,2.968460e+00,4.721668e+00,1.452627e+00
persistence,test,418,2025-07-17T16:00:00,2025-07-17T22:00:00,sd,351848,7.733455e-06,1.278376e-04,2.906982e-06
persistence,test,419,2025-07-17T17:00:00,2025-07-17T23:00:00,swvl1,351848,3.736427e-03,9.506762e-03,-3.109772e-04
persistence,test,419,2025-07-17T17:00:00,2025-07-17T23:00:00,stl1,351848,2.569086e+00,4.111080e+00,1.295586e+00
persistence,test,419,2025-07-17T17:00:00,2025-07-17T23:00:00,sd,351848,6.845998e-06,1.073369e-04,2.650772e-06
persistence,test,420,2025-07-17T18:00:00,2025-07-18T00:00:00,swvl1,351848,3.686084e-03,9.375140e-03,-3.087351e-04
persistence,test,420,2025-07-17T18:00:00,2025-07-18T00:00:00,stl1,351848,2.424287e+00,3.827033e+00,1.327726e+00
persistence,test,420,2025-07-17T18:00:00,2025-07-18T00:00:00,sd,351848,5.981387e-06,8.626934e-05,8.056527e-07
persistence,test,421,2025-07-17T19:00:00,2025-07-18T01:00:00,swvl1,351848,3.736832e-03,9.449428e-03,-2.413197e-04
persistence,test,421,2025-07-17T19:00:00,2025-07-18T01:00:00,stl1,351848,2.376737e+00,3.686925e+00,1.266644e+00
persistence,test,421,2025-07-17T19:00:00,2025-07-18T01:00:00,sd,351848,5.355780e-06,7.688535e-05,2.872017e-07
persistence,test,422,2025-07-17T20:00:00,2025-07-18T02:00:00,swvl1,351848,3.834315e-03,9.681322e-03,-1.148936e-04
persistence,test,422,2025-07-17T20:00:00,2025-07-18T02:00:00,stl1,351848,2.393890e+00,3.643597e+00,6.404371e-01
persistence,test,422,2025-07-17T20:00:00,2025-07-18T02:00:00,sd,351848,5.032461e-06,7.505698e-05,-2.622518e-07
persistence,test,423,2025-07-17T21:00:00,2025-07-18T03:00:00,swvl1,351848,3.988498e-03,1.002934e-02,3.559216e-05
persistence,test,423,2025-07-17T21:00:00,2025-07-18T03:00:00,stl1,351848,2.554433e+00,3.855958e+00,3.850168e-01
persistence,test,423,2025-07-17T21:00:00,2025-07-18T03:00:00,sd,351848,5.062924e-06,7.612849e-05,-5.339034e-07
persistence,test,424,2025-07-17T22:00:00,2025-07-18T04:00:00,swvl1,351848,3.164365e-03,8.905376e-03,3.053046e-04
persistence,test,424,2025-07-17T22:00:00,2025-07-18T04:00:00,stl1,351848,2.412171e+00,3.764452e+00,1.750113e-01
persistence,test,424,2025-07-17T22:00:00,2025-07-18T04:00:00,sd,351848,4.642242e-06,7.145662e-05,-7.726798e-07
persistence,test,425,2025-07-17T23:00:00,2025-07-18T05:00:00,swvl1,351848,3.260044e-03,9.053503e-03,3.884843e-04
persistence,test,425,2025-07-17T23:00:00,2025-07-18T05:00:00,stl1,351848,2.765607e+00,4.227785e+00,-4.225474e-01
persistence,test,425,2025-07-17T23:00:00,2025-07-18T05:00:00,sd,351848,4.836472e-06,7.417613e-05,-8.687417e-07
persistence,test,426,2025-07-18T00:00:00,2025-07-18T06:00:00,swvl1,351848,3.384592e-03,9.290061e-03,4.508916e-04
persistence,test,426,2025-07-18T00:00:00,2025-07-18T06:00:00,stl1,351848,2.878731e+00,4.456917e+00,-7.732599e-01
persistence,test,426,2025-07-18T00:00:00,2025-07-18T06:00:00,sd,351848,3.665673e-06,7.053226e-05,4.444660e-07
persistence,test,427,2025-07-18T01:00:00,2025-07-18T07:00:00,swvl1,351848,3.531456e-03,9.562994e-03,4.692842e-04
persistence,test,427,2025-07-18T01:00:00,2025-07-18T07:00:00,stl1,351848,2.967782e+00,4.647029e+00,-1.100855e+00
persistence,test,427,2025-07-18T01:00:00,2025-07-18T07:00:00,sd,351848,3.879540e-06,7.834967e-05,3.463252e-07
persistence,test,428,2025-07-18T02:00:00,2025-07-18T08:00:00,swvl1,351848,3.680856e-03,9.823796e-03,4.103267e-04
persistence,test,428,2025-07-18T02:00:00,2025-07-18T08:00:00,stl1,351848,2.886893e+00,4.604917e+00,-1.241046e+00
persistence,test,428,2025-07-18T02:00:00,2025-07-18T08:00:00,sd,351848,4.257811e-06,9.107145e-05,1.252021e-07
persistence,test,429,2025-07-18T03:00:00,2025-07-18T09:00:00,swvl1,351848,3.796845e-03,1.005415e-02,3.119853e-04
persistence,test,429,2025-07-18T03:00:00,2025-07-18T09:00:00,stl1,351848,2.994855e+00,4.944077e+00,-1.476440e+00
persistence,test,429,2025-07-18T03:00:00,2025-07-18T09:00:00,sd,351848,4.651613e-06,1.082074e-04,-2.352500e-07
persistence,test,430,2025-07-18T04:00:00,2025-07-18T10:00:00,swvl1,351848,4.336060e-03,1.048361e-02,1.286093e-04
persistence,test,430,2025-07-18T04:00:00,2025-07-18T10:00:00,stl1,351848,3.285673e+00,5.465378e+00,-1.600302e+00
persistence,test,430,2025-07-18T04:00:00,2025-07-18T10:00:00,sd,351848,5.422620e-06,1.575998e-04,1.684960e-06
persistence,test,431,2025-07-18T05:00:00,2025-07-18T11:00:00,swvl1,351848,4.348743e-03,1.068749e-02,1.780284e-05
persistence,test,431,2025-07-18T05:00:00,2025-07-18T11:00:00,stl1,351848,3.095508e+00,5.307343e+00,-1.360183e+00
persistence,test,431,2025-07-18T05:00:00,2025-07-18T11:00:00,sd,351848,5.781473e-06,1.755477e-04,1.581184e-06
persistence,test,432,2025-07-18T06:00:00,2025-07-18T12:00:00,swvl1,351848,4.339869e-03,1.089439e-02,-9.603191e-05
persistence,test,432,2025-07-18T06:00:00,2025-07-18T12:00:00,stl1,351848,3.126540e+00,5.440089e+00,-1.269241e+00
persistence,test,432,2025-07-18T06:00:00,2025-07-18T12:00:00,sd,351848,6.187916e-06,1.978181e-04,1.462560e-06
persistence,test,433,2025-07-18T07:00:00,2025-07-18T13:00:00,swvl1,351848,4.405193e-03,1.120473e-02,-1.806938e-04
persistence,test,433,2025-07-18T07:00:00,2025-07-18T13:00:00,stl1,351848,3.012207e+00,5.260963e+00,-1.117233e+00
persistence,test,433,2025-07-18T07:00:00,2025-07-18T13:00:00,sd,351848,6.666282e-06,2.200115e-04,1.282460e-06
persistence,test,434,2025-07-18T08:00:00,2025-07-18T14:00:00,swvl1,351848,4.467334e-03,1.144293e-02,-2.091665e-04
persistence,test,434,2025-07-18T08:00:00,2025-07-18T14:00:00,stl1,351848,2.832907e+00,4.706852e+00,-6.179590e-01
persistence,test,434,2025-07-18T08:00:00,2025-07-18T14:00:00,sd,351848,7.227789e-06,2.413820e-04,1.300544e-06
persistence,test,435,2025-07-18T09:00:00,2025-07-18T15:00:00,swvl1,351848,4.538729e-03,1.170204e-02,-2.259962e-04
persistence,test,435,2025-07-18T09:00:00,2025-07-18T15:00:00,stl1,351848,2.835075e+00,4.482497e+00,-3.188993e-01
persistence,test,435,2025-07-18T09:00:00,2025-07-18T15:00:00,sd,351848,7.833862e-06,2.592489e-04,1.430116e-06
persistence,test,436,2025-07-18T10:00:00,2025-07-18T16:00:00,swvl1,351848,3.659894e-03,1.020725e-02,-1.547199e-04
persistence,test,436,2025-07-18T10:00:00,2025-07-18T16:00:00,stl1,351848,2.674316e+00,4.120492e+00,-9.926634e-02
persistence,test,436,2025-07-18T10:00:00,2025-07-18T16:00:00,sd,351848,6.221429e-06,1.346750e-04,-4.557063e-07
persistence,test,437,2025-07-18T11:00:00,2025-07-18T17:00:00,swvl1,351848,3.628375e-03,1.014192e-02,-1.273890e-04
persistence,test,437,2025-07-18T11:00:00,2025-07-18T17:00:00,stl1,351848,3.069667e+00,4.575718e+00,3.877490e-01
persistence,test,437,2025-07-18T11:00:00,2025-07-18T17:00:00,sd,351848,6.919706e-06,1.392137e-04,-1.029600e-07
persistence,test,438,2025-07-18T12:00:00,2025-07-18T18:00:00,swvl1,351848,3.620689e-03,1.010658e-02,-1.120684e-04
persistence,test,438,2025-07-18T12:00:00,2025-07-18T18:00:00,stl1,351848,3.244755e+00,4.848199e+00,6.136686e-01
persistence,test,438,2025-07-18T12:00:00,2025-07-18T18:00:00,sd,351848,7.766455e-06,1.457949e-04,4.019549e-07
persistence,test,439,2025-07-18T13:00:00,2025-07-18T19:00:00,swvl1,351848,3.613234e-03,1.016257e-02,-9.659242e-05
persistence,test,439,2025-07-18T13:00:00,2025-07-18T19:00:00,stl1,351848,3.397377e+00,5.001617e+00,8.525594e-01
persistence,test,439,2025-07-18T13:00:00,2025-07-18T19:00:00,sd,351848,8.537557e-06,1.539063e-04,9.865388e-07
persistence,test,440,2025-07-18T14:00:00,2025-07-18T20:00:00,swvl1,351848,3.602397e-03,1.037541e-02,-1.528981e-04
persistence,test,440,2025-07-18T14:00:00,2025-07-18T20:00:00,stl1,351848,3.424568e+00,5.087813e+00,1.111819e+00
persistence,test,440,2025-07-18T14:00:00,2025-07-18T20:00:00,sd,351848,9.032782e-06,1.610177e-04,1.373280e-06
persistence,test,441,2025-07-18T15:00:00,2025-07-18T21:00:00,swvl1,351848,3.572652e-03,1.054142e-02,-2.338577e-04
persistence,test,441,2025-07-18T15:00:00,2025-07-18T21:00:00,stl1,351848,3.127246e+00,4.827790e+00,1.292139e+00
persistence,test,441,2025-07-18T15:00:00,2025-07-18T21:00:00,sd,351848,9.083766e-06,1.584272e-04,1.506369e-06
persistence,test,442,2025-07-18T16:00:00,2025-07-18T22:00:00,swvl1,351848,3.909435e-03,1.043153e-02,-5.236017e-04
persistence,test,442,2025-07-18T16:00:00,2025-07-18T22:00:00,stl1,351848,2.971258e+00,4.732725e+00,1.393276e+00
persistence,test,442,2025-07-18T16:00:00,2025-07-18T22:00:00,sd,351848,8.678860e-06,1.449697e-04,8.757672e-07
persistence,test,443,2025-07-18T17:00:00,2025-07-18T23:00:00,swvl1,351848,3.892416e-03,1.051810e-02,-5.888403e-04
persistence,test,443,2025-07-18T17:00:00,2025-07-18T23:00:00,stl1,351848,2.567703e+00,4.082411e+00,1.264071e+00
persistence,test,443,2025-07-18T17:00:00,2025-07-18T23:00:00,sd,351848,7.983808e-06,1.334220e-04,3.560721e-07
persistence,test,444,2025-07-18T18:00:00,2025-07-19T00:00:00,swvl1,351848,3.880906e-03,1.062435e-02,-6.092602e-04
persistence,test,444,2025-07-18T18:00:00,2025-07-19T00:00:00,stl1,351848,2.409999e+00,3.787202e+00,1.313951e+00
persistence,test,444,2025-07-18T18:00:00,2025-07-19T00:00:00,sd,351848,7.045041e-06,1.175271e-04,-1.526194e-06
persistence,test,445,2025-07-18T19:00:00,2025-07-19T01:00:00,swvl1,351848,3.949650e-03,1.087523e-02,-5.823894e-04
persistence,test,445,2025-07-18T19:00:00,2025-07-19T01:00:00,stl1,351848,2.379095e+00,3.686790e+00,1.277105e+00
persistence,test,445,2025-07-18T19:00:00,2025-07-19T01:00:00,sd,351848,6.361669e-06,1.087206e-04,-2.200784e-06
persistence,test,446,2025-07-18T20:00:00,2025-07-19T02:00:00,swvl1,351848,4.056989e-03,1.118947e-02,-4.809559e-04
persistence,test,446,2025-07-18T20:00:00,2025-07-19T02:00:00,stl1,351848,2.383677e+00,3.649310e+00,6.770974e-01
persistence,test,446,2025-07-18T20:00:00,2025-07-19T02:00:00,sd,351848,5.950447e-06,1.060730e-04,-2.753791e-06
persistence,test,447,2025-07-18T21:00:00,2025-07-19T03:00:00,swvl1,351848,4.177460e-03,1.141440e-02,-2.998524e-04
persistence,test,447,2025-07-18T21:00:00,2025-07-19T03:00:00,stl1,351848,2.554000e+00,3.898029e+00,4.466238e-01
persistence,test,447,2025-07-18T21:00:00,2025-07-19T03:00:00,sd,351848,5.865113e-06,1.059345e-04,-2.988949e-06
persistence,test,448,2025-07-18T22:00:00,2025-07-19T04:00:00,swvl1,351848,3.324432e-03,1.004104e-02,7.860185e-05
persistence,test,448,2025-07-18T22:00:00,2025-07-19T04:00:00,stl1,351848,2.398745e+00,3.838061e+00,2.510610e-01
persistence,test,448,2025-07-18T22:00:00,2025-07-19T04:00:00,sd,351848,5.333280e-06,9.905768e-05,-2.805363e-06
persistence,test,449,2025-07-18T23:00:00,2025-07-19T05:00:00,swvl1,351848,3.378078e-03,9.980226e-03,2.305872e-04
persistence,test,449,2025-07-18T23:00:00,2025-07-19T05:00:00,stl1,351848,2.708977e+00,4.275418e+00,-3.394435e-01
persistence,test,449,2025-07-18T23:00:00,2025-07-19T05:00:00,sd,351848,5.649890e-06,1.019752e-04,-2.971163e-06
persistence,test,450,2025-07-19T00:00:00,2025-07-19T06:00:00,swvl1,351848,3.464332e-03,9.990231e-03,3.522580e-04
persistence,test,450,2025-07-19T00:00:00,2025-07-19T06:00:00,stl1,351848,2.809453e+00,4.514244e+00,-6.897158e-01
persistence,test,450,2025-07-19T00:00:00,2025-07-19T06:00:00,sd,351848,5.192807e-06,1.046714e-04,-1.899876e-06
persistence,test,451,2025-07-19T01:00:00,2025-07-19T07:00:00,swvl1,351848,3.584197e-03,1.012227e-02,4.066637e-04
persistence,test,451,2025-07-19T01:00:00,2025-07-19T07:00:00,stl1,351848,2.908488e+00,4.695683e+00,-1.049924e+00
persistence,test,451,2025-07-19T01:00:00,2025-07-19T07:00:00,sd,351848,5.610795e-06,1.139473e-04,-2.039644e-06
persistence,test,452,2025-07-19T02:00:00,2025-07-19T08:00:00,swvl1,351848,3.683726e-03,1.016159e-02,4.324805e-04
persistence,test,452,2025-07-19T02:00:00,2025-07-19T08:00:00,stl1,351848,2.835998e+00,4.618770e+00,-1.213663e+00
persistence,test,452,2025-07-19T02:00:00,2025-07-19T08:00:00,sd,351848,6.043581e-06,1.238381e-04,-2.160743e-06
persistence,test,453,2025-07-19T03:00:00,2025-07-19T09:00:00,swvl1,351848,3.773672e-03,1.028296e-02,3.930607e-04
persistence,test,453,2025-07-19T03:00:00,2025-07-19T09:00:00,stl1,351848,2.968098e+00,4.944574e+00,-1.480031e+00
persistence,test,453,2025-07-19T03:00:00,2025-07-19T09:00:00,sd,351848,6.411349e-06,1.334934e-04,-2.379304e-06
persistence,test,454,2025-07-19T04:00:00,2025-07-19T10:00:00,swvl1,351848,4.276386e-03,1.050948e-02,1.260073e-04
persistence,test,454,2025-07-19T04:00:00,2025-07-19T10:00:00,stl1,351848,3.238262e+00,5.386732e+00,-1.589599e+00
persistence,test,454,2025-07-19T04:00:00,2025-07-19T10:00:00,sd,351848,7.662335e-06,2.146750e-04,1.149536e-06
persistence,test,455,2025-07-19T05:00:00,2025-07-19T11:00:00,swvl1,351848,4.307137e-03,1.064332e-02,2.885252e-05
persistence,test,455,2025-07-19T05:00:00,2025-07-19T11:00:00,stl1,351848,3.005818e+00,5.186254e+00,-1.359016e+00
persistence,test,455,2025-07-19T05:00:00,2025-07-19T11:00:00,sd,351848,7.833786e-06,2.250787e-04,1.307331e-06
persistence,test,456,2025-07-19T06:00:00,2025-07-19T12:00:00,swvl1,351848,4.323381e-03,1.079285e-02,-9.279827e-05
persistence,test,456,2025-07-19T06:00:00,2025-07-19T12:00:00,stl1,351848,3.013475e+00,5.290508e+00,-1.281035e+00
persistence,test,456,2025-07-19T06:00:00,2025-07-19T12:00:00,sd,351848,7.912736e-06,2.352282e-04,1.521594e-06
persistence,test,457,2025-07-19T07:00:00,2025-07-19T13:00:00,swvl1,351848,4.406338e-03,1.104995e-02,-2.197471e-04
persistence,test,457,2025-07-19T07:00:00,2025-07-19T13:00:00,stl1,351848,2.911754e+00,5.089622e+00,-1.123729e+00
persistence,test,457,2025-07-19T07:00:00,2025-07-19T13:00:00,sd,351848,8.044436e-06,2.479409e-04,1.804402e-06
persistence,test,458,2025-07-19T08:00:00,2025-07-19T14:00:00,swvl1,351848,4.509563e-03,1.134968e-02,-3.784343e-04
persistence,test,458,2025-07-19T08:00:00,2025-07-19T14:00:00,stl1,351848,2.788569e+00,4.636033e+00,-6.094272e-01
persistence,test,458,2025-07-19T08:00:00,2025-07-19T14:00:00,sd,351848,8.274804e-06,2.605387e-04,2.198716e-06
persistence,test,459,2025-07-19T09:00:00,2025-07-19T15:00:00,swvl1,351848,4.628142e-03,1.167209e-02,-5.262572e-04
persistence,test,459,2025-07-19T09:00:00,2025-07-19T15:00:00,stl1,351848,2.781125e+00,4.459936e+00,-2.759213e-01
persistence,test,459,2025-07-19T09:00:00,2025-07-19T15:00:00,sd,351848,8.341227e-06,2.619404e-04,2.581131e-06
persistence,test,460,2025-07-19T10:00:00,2025-07-19T16:00:00,swvl1,351848,3.821782e-03,1.068447e-02,-4.051511e-04
persistence,test,460,2025-07-19T10:00:00,2025-07-19T16:00:00,stl1,351848,2.592317e+00,4.125407e+00,-7.180689e-02
persistence,test,460,2025-07-19T10:00:00,2025-07-19T16:00:00,sd,351848,5.482616e-06,1.091116e-04,-5.578396e-07
persistence,test,461,2025-07-19T11:00:00,2025-07-19T17:00:00,swvl1,351848,3.823046e-03,1.076584e-02,-4.249535e-04
persistence,test,461,2025-07-19T11:00:00,2025-07-19T17:00:00,stl1,351848,3.001039e+00,4.569072e+00,4.204096e-01
persistence,test,461,2025-07-19T11:00:00,2025-07-19T17:00:00,sd,351848,5.831012e-06,1.129752e-04,-1.894403e-07
persistence,test,462,2025-07-19T12:00:00,2025-07-19T18:00:00,swvl1,351848,3.801448e-03,1.070242e-02,-3.823156e-04
persistence,test,462,2025-07-19T12:00:00,2025-07-19T18:00:00,stl1,351848,3.196791e+00,4.824227e+00,6.608213e-01
persistence,test,462,2025-07-19T12:00:00,2025-07-19T18:00:00,sd,351848,6.364975e-06,1.187563e-04,2.221883e-07
persistence,test,463,2025-07-19T13:00:00,2025-07-19T19:00:00,swvl1,351848,3.758866e-03,1.056600e-02,-3.255149e-04
persistence,test,463,2025-07-19T13:00:00,2025-07-19T19:00:00,stl1,351848,3.366977e+00,4.990134e+00,8.786548e-01
persistence,test,463,2025-07-19T13:00:00,2025-07-19T19:00:00,sd,351848,6.794946e-06,1.243665e-04,5.299651e-07
persistence,test,464,2025-07-19T14:00:00,2025-07-19T20:00:00,swvl1,351848,3.649586e-03,1.031672e-02,-2.274254e-04
persistence,test,464,2025-07-19T14:00:00,2025-07-19T20:00:00,stl1,351848,3.375450e+00,5.052281e+00,1.116412e+00
persistence,test,464,2025-07-19T14:00:00,2025-07-19T20:00:00,sd,351848,7.078271e-06,1.295181e-04,5.689309e-07
persistence,test,465,2025-07-19T15:00:00,2025-07-19T21:00:00,swvl1,351848,3.529328e-03,1.009379e-02,-1.313525e-04
persistence,test,465,2025-07-19T15:00:00,2025-07-19T21:00:00,stl1,351848,3.068204e+00,4.798768e+00,1.279318e+00
persistence,test,465,2025-07-19T15:00:00,2025-07-19T21:00:00,sd,351848,6.837519e-06,1.246477e-04,3.167350e-07
persistence,test,466,2025-07-19T16:00:00,2025-07-19T22:00:00,swvl1,351848,3.940958e-03,1.006451e-02,-3.292737e-04
persistence,test,466,2025-07-19T16:00:00,2025-07-19T22:00:00,stl1,351848,2.928495e+00,4.721105e+00,1.370947e+00
persistence,test,466,2025-07-19T16:00:00,2025-07-19T22:00:00,sd,351848,6.456091e-06,1.109954e-04,-4.596311e-07
persistence,test,467,2025-07-19T17:00:00,2025-07-19T23:00:00,swvl1,351848,3.907717e-03,1.009300e-02,-3.638028e-04
persistence,test,467,2025-07-19T17:00:00,2025-07-19T23:00:00,stl1,351848,2.544004e+00,4.075799e+00,1.249473e+00
persistence,test,467,2025-07-19T17:00:00,2025-07-19T23:00:00,sd,351848,6.064834e-06,1.025932e-04,-1.260484e-06
persistence,test,468,2025-07-19T18:00:00,2025-07-20T00:00:00,swvl1,351848,3.908250e-03,1.028044e-02,-4.128133e-04
persistence,test,468,2025-07-19T18:00:00,2025-07-20T00:00:00,stl1,351848,2.406508e+00,3.777184e+00,1.264958e+00
persistence,test,468,2025-07-19T18:00:00,2025-07-20T00:00:00,sd,351848,5.953732e-06,1.002654e-04,-2.877101e-06
persistence,test,469,2025-07-19T19:00:00,2025-07-20T01:00:00,swvl1,351848,4.014258e-03,1.056734e-02,-4.161145e-04
persistence,test,469,2025-07-19T19:00:00,2025-07-20T01:00:00,stl1,351848,2.410844e+00,3.666350e+00,1.264368e+00
persistence,test,469,2025-07-19T19:00:00,2025-07-20T01:00:00,sd,351848,5.946026e-06,1.046612e-04,-3.784749e-06
persistence,test,470,2025-07-19T20:00:00,2025-07-20T02:00:00,swvl1,351848,4.152271e-03,1.084334e-02,-3.872661e-04
persistence,test,470,2025-07-19T20:00:00,2025-07-20T02:00:00,stl1,351848,2.410599e+00,3.666725e+00,6.765946e-01
persistence,test,470,2025-07-19T20:00:00,2025-07-20T02:00:00,sd,351848,6.131476e-06,1.118732e-04,-4.475513e-06
persistence,test,471,2025-07-19T21:00:00,2025-07-20T03:00:00,swvl1,351848,4.303990e-03,1.106092e-02,-2.998503e-04
persistence,test,471,2025-07-19T21:00:00,2025-07-20T03:00:00,stl1,351848,2.591345e+00,3.946473e+00,4.676798e-01
persistence,test,471,2025-07-19T21:00:00,2025-07-20T03:00:00,sd,351848,6.452857e-06,1.170211e-04,-4.756540e-06
persistence,test,472,2025-07-19T22:00:00,2025-07-20T04:00:00,swvl1,351848,3.469126e-03,9.837305e-03,5.459941e-05
persistence,test,472,2025-07-19T22:00:00,2025-07-20T04:00:00,stl1,351848,2.421755e+00,3.877789e+00,2.597638e-01
persistence,test,472,2025-07-19T22:00:00,2025-07-20T04:00:00,sd,351848,6.214962e-06,1.109612e-04,-4.576232e-06
persistence,test,473,2025-07-19T23:00:00,2025-07-20T05:00:00,swvl1,351848,3.571122e-03,9.930292e-03,1.994436e-04
persistence,test,473,2025-07-19T23:00:00,2025-07-20T05:00:00,stl1,351848,2.706249e+00,4.301699e+00,-2.928807e-01
persistence,test,473,2025-07-19T23:00:00,2025-07-20T05:00:00,sd,351848,6.251678e-06,1.076802e-04,-4.347636e-06
persistence,test,474,2025-07-20T00:00:00,2025-07-20T06:00:00,swvl1,351848,3.689535e-03,1.007101e-02,3.332097e-04
persistence,test,474,2025-07-20T00:00:00,2025-07-20T06:00:00,stl1,351848,2.807316e+00,4.533325e+00,-5.998053e-01
persistence,test,474,2025-07-20T00:00:00,2025-07-20T06:00:00,sd,351848,5.692990e-06,1.039072e-04,-3.351369e-06
persistence,test,475,2025-07-20T01:00:00,2025-07-20T07:00:00,swvl1,351848,3.806397e-03,1.024250e-02,4.330062e-04
persistence,test,475,2025-07-20T01:00:00,2025-07-20T07:00:00,stl1,351848,2.886234e+00,4.654787e+00,-9.603757e-01
persistence,test,475,2025-07-20T01:00:00,2025-07-20T07:00:00,sd,351848,5.562608e-06,1.017803e-04,-2.966496e-06
persistence,test,476,2025-07-20T02:00:00,2025-07-20T08:00:00,swvl1,351848,3.884029e-03,1.033229e-02,4.918803e-04
persistence,test,476,2025-07-20T02:00:00,2025-07-20T08:00:00,stl1,351848,2.772058e+00,4.534232e+00,-1.088342e+00
persistence,test,476,2025-07-20T02:00:00,2025-07-20T08:00:00,sd,351848,5.427412e-06,9.865351e-05,-2.555894e-06
persistence,test,477,2025-07-20T03:00:00,2025-07-20T09:00:00,swvl1,351848,3.925014e-03,1.038053e-02,4.742639e-04
persistence,test,477,2025-07-20T03:00:00,2025-07-20T09:00:00,stl1,351848,2.880453e+00,4.806904e+00,-1.364669e+00
persistence,test,477,2025-07-20T03:00:00,2025-07-20T09:00:00,sd,351848,5.218787e-06,9.613989e-05,-2.240699e-06
persistence,test,478,2025-07-20T04:00:00,2025-07-20T10:00:00,swvl1,351848,4.411142e-03,1.068959e-02,3.237135e-04
persistence,test,478,2025-07-20T04:00:00,2025-07-20T10:00:00,stl1,351848,3.130730e+00,5.262759e+00,-1.505232e+00
persistence,test,478,2025-07-20T04:00:00,2025-07-20T10:00:00,sd,351848,5.782069e-06,1.312326e-04,-3.692504e-07
persistence,test,479,2025-07-20T05:00:00,2025-07-20T11:00:00,swvl1,351848,4.401838e-03,1.077047e-02,2.488737e-04
persistence,test,479,2025-07-20T05:00:00,2025-07-20T11:00:00,stl1,351848,2.929230e+00,5.084065e+00,-1.304294e+00
persistence,test,479,2025-07-20T05:00:00,2025-07-20T11:00:00,sd,351848,5.512575e-06,1.315654e-04,-8.070703e-08
persistence,test,480,2025-07-20T06:00:00,2025-07-20T12:00:00,swvl1,351848,4.378167e-03,1.088088e-02,1.435623e-04
persistence,test,480,2025-07-20T06:00:00,2025-07-20T12:00:00,stl1,351848,2.957044e+00,5.192409e+00,-1.268673e+00
persistence,test,480,2025-07-20T06:00:00,2025-07-20T12:00:00,sd,351848,5.288435e-06,1.335204e-04,2.002822e-07
persistence,test,481,2025-07-20T07:00:00,2025-07-20T13:00:00,swvl1,351848,4.399402e-03,1.104963e-02,4.016949e-05
persistence,test,481,2025-07-20T07:00:00,2025-07-20T13:00:00,stl1,351848,2.887280e+00,5.034646e+00,-1.118322e+00
persistence,test,481,2025-07-20T07:00:00,2025-07-20T13:00:00,sd,351848,5.097908e-06,1.364304e-04,4.665021e-07
persistence,test,482,2025-07-20T08:00:00,2025-07-20T14:00:00,swvl1,351848,4.411073e-03,1.123717e-02,-8.071914e-05
persistence,test,482,2025-07-20T08:00:00,2025-07-20T14:00:00,stl1,351848,2.740084e+00,4.568991e+00,-6.696671e-01
persistence,test,482,2025-07-20T08:00:00,2025-07-20T14:00:00,sd,351848,5.018131e-06,1.388164e-04,7.449246e-07
persistence,test,483,2025-07-20T09:00:00,2025-07-20T15:00:00,swvl1,351848,4.436249e-03,1.148190e-02,-2.069159e-04
persistence,test,483,2025-07-20T09:00:00,2025-07-20T15:00:00,stl1,351848,2.705258e+00,4.381717e+00,-3.733679e-01
persistence,test,483,2025-07-20T09:00:00,2025-07-20T15:00:00,sd,351848,5.148751e-06,1.394558e-04,1.076369e-06
persistence,test,484,2025-07-20T10:00:00,2025-07-20T16:00:00,swvl1,351848,3.642651e-03,1.051824e-02,-2.036519e-04
persistence,test,484,2025-07-20T10:00:00,2025-07-20T16:00:00,stl1,351848,2.560836e+00,4.082178e+00,-1.295785e-01
persistence,test,484,2025-07-20T10:00:00,2025-07-20T16:00:00,sd,351848,3.996987e-06,7.604674e-05,-4.677191e-08
persistence,test,485,2025-07-20T11:00:00,2025-07-20T17:00:00,swvl1,351848,3.685789e-03,1.085156e-02,-2.441259e-04
persistence,test,485,2025-07-20T11:00:00,2025-07-20T17:00:00,stl1,351848,2.973407e+00,4.536830e+00,3.452672e-01
persistence,test,485,2025-07-20T11:00:00,2025-07-20T17:00:00,sd,351848,4.479096e-06,8.005141e-05,5.523970e-07
persistence,test,486,2025-07-20T12:00:00,2025-07-20T18:00:00,swvl1,351848,3.766860e-03,1.126291e-02,-2.583458e-04
persistence,test,486,2025-07-20T12:00:00,2025-07-20T18:00:00,stl1,351848,3.189449e+00,4.824509e+00,5.999690e-01
persistence,test,486,2025-07-20T12:00:00,2025-07-20T18:00:00,sd,351848,4.983613e-06,8.548851e-05,1.184897e-06
persistence,test,487,2025-07-20T13:00:00,2025-07-20T19:00:00,swvl1,351848,3.836528e-03,1.158822e-02,-2.691537e-04
persistence,test,487,2025-07-20T13:00:00,2025-07-20T19:00:00,stl1,351848,3.344647e+00,5.001749e+00,8.090538e-01
persistence,test,487,2025-07-20T13:00:00,2025-07-20T19:00:00,sd,351848,5.473547e-06,9.277856e-05,1.815656e-06
persistence,test,488,2025-07-20T14:00:00,2025-07-20T20:00:00,swvl1,351848,3.859810e-03,1.163253e-02,-2.498421e-04
persistence,test,488,2025-07-20T14:00:00,2025-07-20T20:00:00,stl1,351848,3.319723e+00,5.025903e+00,1.097876e+00
persistence,test,488,2025-07-20T14:00:00,2025-07-20T20:00:00,sd,351848,5.888138e-06,1.001151e-04,2.192696e-06
persistence,test,489,2025-07-20T15:00:00,2025-07-20T21:00:00,swvl1,351848,3.797831e-03,1.139749e-02,-1.945814e-04
persistence,test,489,2025-07-20T15:00:00,2025-07-20T21:00:00,stl1,351848,3.056731e+00,4.786406e+00,1.280396e+00
persistence,test,489,2025-07-20T15:00:00,2025-07-20T21:00:00,sd,351848,5.880522e-06,1.011230e-04,2.193011e-06
persistence,test,490,2025-07-20T16:00:00,2025-07-20T22:00:00,swvl1,351848,4.052754e-03,1.054218e-02,-2.116833e-04
persistence,test,490,2025-07-20T16:00:00,2025-07-20T22:00:00,stl1,351848,2.946325e+00,4.730979e+00,1.387102e+00
persistence,test,490,2025-07-20T16:00:00,2025-07-20T22:00:00,sd,351848,5.503143e-06,9.602600e-05,1.925433e-06
persistence,test,491,2025-07-20T17:00:00,2025-07-20T23:00:00,swvl1,351848,3.956658e-03,1.015071e-02,-1.967014e-04
persistence,test,491,2025-07-20T17:00:00,2025-07-20T23:00:00,stl1,351848,2.563980e+00,4.061096e+00,1.235179e+00
persistence,test,491,2025-07-20T17:00:00,2025-07-20T23:00:00,sd,351848,4.908330e-06,8.895751e-05,1.333959e-06
persistence,test,492,2025-07-20T18:00:00,2025-07-21T00:00:00,swvl1,351848,3.889079e-03,9.945531e-03,-1.668031e-04
persistence,test,492,2025-07-20T18:00:00,2025-07-21T00:00:00,stl1,351848,2.411733e+00,3.769083e+00,1.252180e+00
persistence,test,492,2025-07-20T18:00:00,2025-07-21T00:00:00,sd,351848,5.076975e-06,8.464468e-05,1.289757e-06
persistence,test,493,2025-07-20T19:00:00,2025-07-21T01:00:00,swvl1,351848,3.955405e-03,1.007398e-02,-1.279492e-04
persistence,test,493,2025-07-20T19:00:00,2025-07-21T01:00:00,stl1,351848,2.372072e+00,3.668880e+00,1.254153e+00
persistence,test,493,2025-07-20T19:00:00,2025-07-21T01:00:00,sd,351848,4.613444e-06,8.057206e-05,5.781302e-07
persistence,test,494,2025-07-20T20:00:00,2025-07-21T02:00:00,swvl1,351848,4.080294e-03,1.033285e-02,-5.633081e-05
persistence,test,494,2025-07-20T20:00:00,2025-07-21T02:00:00,stl1,351848,2.381615e+00,3.671855e+00,6.405780e-01
persistence,test,494,2025-07-20T20:00:00,2025-07-21T02:00:00,sd,351848,4.353409e-06,7.844827e-05,2.662226e-08
persistence,test,495,2025-07-20T21:00:00,2025-07-21T03:00:00,swvl1,351848,4.230368e-03,1.060676e-02,5.848887e-05
persistence,test,495,2025-07-20T21:00:00,2025-07-21T03:00:00,stl1,351848,2.515875e+00,3.853634e+00,4.674650e-01
persistence,test,495,2025-07-20T21:00:00,2025-07-21T03:00:00,sd,351848,4.476207e-06,7.948292e-05,-1.840167e-07
persistence,test,496,2025-07-20T22:00:00,2025-07-21T04:00:00,swvl1,351848,3.362011e-03,9.235466e-03,2.335843e-04
persistence,test,496,2025-07-20T22:00:00,2025-07-21T04:00:00,stl1,351848,2.355482e+00,3.742871e+00,3.216094e-01
persistence,test,496,2025-07-20T22:00:00,2025-07-21T04:00:00,sd,351848,4.171330e-06,7.400374e-05,-3.630569e-07
persistence,test,497,2025-07-20T23:00:00,2025-07-21T05:00:00,swvl1,351848,3.438865e-03,9.279280e-03,3.669165e-04
persistence,test,497,2025-07-20T23:00:00,2025-07-21T05:00:00,stl1,351848,2.644772e+00,4.153476e+00,-2.372880e-01
persistence,test,497,2025-07-20T23:00:00,2025-07-21T05:00:00,sd,351848,4.526091e-06,7.695362e-05,-4.954608e-07
persistence,test,498,2025-07-21T00:00:00,2025-07-21T06:00:00,swvl1,351848,3.555762e-03,9.433541e-03,4.831173e-04
persistence,test,498,2025-07-21T00:00:00,2025-07-21T06:00:00,stl1,351848,2.748746e+00,4.383260e+00,-5.478725e-01
persistence,test,498,2025-07-21T00:00:00,2025-07-21T06:00:00,sd,351848,3.646797e-06,7.435840e-05,-1.259521e-06
persistence,test,499,2025-07-21T01:00:00,2025-07-21T07:00:00,swvl1,351848,3.660390e-03,9.560217e-03,5.799524e-04
persistence,test,499,2025-07-21T01:00:00,2025-07-21T07:00:00,stl1,351848,2.844213e+00,4.589077e+00,-8.925947e-01
persistence,test,499,2025-07-21T01:00:00,2025-07-21T07:00:00,sd,351848,3.928345e-06,8.017829e-05,-1.428882e-06
persistence,test,500,2025-07-21T02:00:00,2025-07-21T08:00:00,swvl1,351848,3.761959e-03,9.682805e-03,6.312373e-04
persistence,test,500,2025-07-21T02:00:00,2025-07-21T08:00:00,stl1,351848,2.791029e+00,4.534767e+00,-1.031166e+00
persistence,test,500,2025-07-21T02:00:00,2025-07-21T08:00:00,sd,351848,4.351891e-06,8.887014e-05,-1.750163e-06
persistence,test,501,2025-07-21T03:00:00,2025-07-21T09:00:00,swvl1,351848,3.826991e-03,9.777328e-03,6.154934e-04
persistence,test,501,2025-07-21T03:00:00,2025-07-21T09:00:00,stl1,351848,2.939916e+00,4.894106e+00,-1.346504e+00
persistence,test,501,2025-07-21T03:00:00,2025-07-21T09:00:00,sd,351848,4.793942e-06,9.713738e-05,-2.244179e-06
persistence,test,502,2025-07-21T04:00:00,2025-07-21T10:00:00,swvl1,351848,4.294143e-03,9.863980e-03,4.649703e-04
persistence,test,502,2025-07-21T04:00:00,2025-07-21T10:00:00,stl1,351848,3.181271e+00,5.361863e+00,-1.543156e+00
persistence,test,502,2025-07-21T04:00:00,2025-07-21T10:00:00,sd,351848,7.810034e-06,1.897233e-04,-2.042062e-06
persistence,test,503,2025-07-21T05:00:00,2025-07-21T11:00:00,swvl1,351848,4.249844e-03,9.847717e-03,3.939216e-04
persistence,test,503,2025-07-21T05:00:00,2025-07-21T11:00:00,stl1,351848,2.944009e+00,5.137162e+00,-1.312408e+00
persistence,test,503,2025-07-21T05:00:00,2025-07-21T11:00:00,sd,351848,9.345414e-06,2.309579e-04,-3.344097e-06
persistence,test,504,2025-07-21T06:00:00,2025-07-21T12:00:00,swvl1,351848,4.194039e-03,9.846240e-03,2.971098e-04
persistence,test,504,2025-07-21T06:00:00,2025-07-21T12:00:00,stl1,351848,2.938609e+00,5.216862e+00,-1.293104e+00
persistence,test,504,2025-07-21T06:00:00,2025-07-21T12:00:00,sd,351848,1.035742e-05,2.589865e-04,-4.072599e-06
persistence,test,505,2025-07-21T07:00:00,2025-07-21T13:00:00,swvl1,351848,4.196926e-03,9.984077e-03,1.683018e-04
persistence,test,505,2025-07-21T07:00:00,2025-07-21T13:00:00,stl1,351848,2.830944e+00,4.996824e+00,-1.145052e+00
persistence,test,505,2025-07-21T07:00:00,2025-07-21T13:00:00,sd,351848,1.113791e-05,2.769302e-04,-4.342952e-06
persistence,test,506,2025-07-21T08:00:00,2025-07-21T14:00:00,swvl1,351848,4.233254e-03,1.021566e-02,3.457222e-05
persistence,test,506,2025-07-21T08:00:00,2025-07-21T14:00:00,stl1,351848,2.691097e+00,4.530768e+00,-6.755124e-01
persistence,test,506,2025-07-21T08:00:00,2025-07-21T14:00:00,sd,351848,1.165422e-05,2.856467e-04,-4.154699e-06
persistence,test,507,2025-07-21T09:00:00,2025-07-21T15:00:00,swvl1,351848,4.282265e-03,1.043292e-02,-1.049504e-04
persistence,test,507,2025-07-21T09:00:00,2025-07-21T15:00:00,stl1,351848,2.675297e+00,4.350884e+00,-3.928308e-01
persistence,test,507,2025-07-21T09:00:00,2025-07-21T15:00:00,sd,351848,1.195808e-05,2.828441e-04,-3.639772e-06
persistence,test,508,2025-07-21T10:00:00,2025-07-21T16:00:00,swvl1,351848,3.481323e-03,9.127880e-03,-8.438539e-05
persistence,test,508,2025-07-21T10:00:00,2025-07-21T16:00:00,stl1,351848,2.542398e+00,4.021870e+00,-1.370579e-01
persistence,test,508,2025-07-21T10:00:00,2025-07-21T16:00:00,sd,351848,8.188809e-06,1.646769e-04,-3.513493e-06
persistence,test,509,2025-07-21T11:00:00,2025-07-21T17:00:00,swvl1,351848,3.523242e-03,9.359462e-03,-1.711464e-04
persistence,test,509,2025-07-21T11:00:00,2025-07-21T17:00:00,stl1,351848,2.944605e+00,4.498609e+00,3.881764e-01
persistence,test,509,2025-07-21T11:00:00,2025-07-21T17:00:00,sd,351848,7.389729e-06,1.335975e-04,-1.557784e-06
persistence,test,510,2025-07-21T12:00:00,2025-07-21T18:00:00,swvl1,351848,3.569691e-03,9.645802e-03,-2.014687e-04
persistence,test,510,2025-07-21T12:00:00,2025-07-21T18:00:00,stl1,351848,3.154425e+00,4.808235e+00,6.646046e-01
persistence,test,510,2025-07-21T12:00:00,2025-07-21T18:00:00,sd,351848,7.239929e-06,1.248313e-04,-3.913109e-08
persistence,test,511,2025-07-21T13:00:00,2025-07-21T19:00:00,swvl1,351848,3.592218e-03,9.910775e-03,-1.965074e-04
persistence,test,511,2025-07-21T13:00:00,2025-07-21T19:00:00,stl1,351848,3.333396e+00,5.009337e+00,8.710194e-01
persistence,test,511,2025-07-21T13:00:00,2025-07-21T19:00:00,sd,351848,7.547153e-06,1.264680e-04,1.096072e-06
persistence,test,512,2025-07-21T14:00:00,2025-07-21T20:00:00,swvl1,351848,3.580846e-03,1.007225e-02,-1.912108e-04
persistence,test,512,2025-07-21T14:00:00,2025-07-21T20:00:00,stl1,351848,3.301962e+00,5.005999e+00,1.153632e+00
persistence,test,512,2025-07-21T14:00:00,2025-07-21T20:00:00,sd,351848,7.946972e-06,1.312827e-04,1.725988e-06
persistence,test,513,2025-07-21T15:00:00,2025-07-21T21:00:00,swvl1,351848,3.515107e-03,9.990422e-03,-1.738359e-04
persistence,test,513,2025-07-21T15:00:00,2025-07-21T21:00:00,stl1,351848,3.039894e+00,4.775560e+00,1.362427e+00
persistence,test,513,2025-07-21T15:00:00,2025-07-21T21:00:00,sd,351848,7.825828e-06,1.283164e-04,1.911241e-06
persistence,test,514,2025-07-21T16:00:00,2025-07-21T22:00:00,swvl1,351848,3.788210e-03,9.711015e-03,-4.157286e-04
persistence,test,514,2025-07-21T16:00:00,2025-07-21T22:00:00,stl1,351848,2.914537e+00,4.666951e+00,1.448310e+00
persistence,test,514,2025-07-21T16:00:00,2025-07-21T22:00:00,sd,351848,7.920673e-06,1.289969e-04,1.228429e-06
persistence,test,515,2025-07-21T17:00:00,2025-07-21T23:00:00,swvl1,351848,3.698929e-03,9.441365e-03,-4.007332e-04
persistence,test,515,2025-07-21T17:00:00,2025-07-21T23:00:00,stl1,351848,2.521988e+00,4.038582e+00,1.279063e+00
persistence,test,515,2025-07-21T17:00:00,2025-07-21T23:00:00,sd,351848,7.514956e-06,1.277416e-04,3.758260e-07
persistence,test,516,2025-07-21T18:00:00,2025-07-22T00:00:00,swvl1,351848,3.649589e-03,9.317854e-03,-4.000624e-04
persistence,test,516,2025-07-21T18:00:00,2025-07-22T00:00:00,stl1,351848,2.339963e+00,3.735309e+00,1.303339e+00
persistence,test,516,2025-07-21T18:00:00,2025-07-22T00:00:00,sd,351848,8.635123e-06,1.521049e-04,8.266318e-07
persistence,test,517,2025-07-21T19:00:00,2025-07-22T01:00:00,swvl1,351848,3.679924e-03,9.364274e-03,-3.633761e-04
persistence,test,517,2025-07-21T19:00:00,2025-07-22T01:00:00,stl1,351848,2.341330e+00,3.655632e+00,1.309118e+00
persistence,test,517,2025-07-21T19:00:00,2025-07-22T01:00:00,sd,351848,8.431190e-06,1.570325e-04,-2.662172e-07
persistence,test,518,2025-07-21T20:00:00,2025-07-22T02:00:00,swvl1,351848,3.760312e-03,9.516658e-03,-2.834723e-04
persistence,test,518,2025-07-21T20:00:00,2025-07-22T02:00:00,stl1,351848,2.377803e+00,3.595243e+00,7.219053e-01
persistence,test,518,2025-07-21T20:00:00,2025-07-22T02:00:00,sd,351848,8.444973e-06,1.640464e-04,-1.132926e-06
persistence,test,519,2025-07-21T21:00:00,2025-07-22T03:00:00,swvl1,351848,3.870406e-03,9.728308e-03,-1.603362e-04
persistence,test,519,2025-07-21T21:00:00,2025-07-22T03:00:00,stl1,351848,2.491306e+00,3.757201e+00,5.109906e-01
persistence,test,519,2025-07-21T21:00:00,2025-07-22T03:00:00,sd,351848,8.573718e-06,1.690135e-04,-1.710997e-06
persistence,test,520,2025-07-21T22:00:00,2025-07-22T04:00:00,swvl1,351848,3.073295e-03,8.337838e-03,1.946594e-04
persistence,test,520,2025-07-21T22:00:00,2025-07-22T04:00:00,stl1,351848,2.315515e+00,3.663505e+00,3.071235e-01
persistence,test,520,2025-07-21T22:00:00,2025-07-22T04:00:00,sd,351848,7.638534e-06,1.499419e-04,-1.611300e-06
persistence,test,521,2025-07-21T23:00:00,2025-07-22T05:00:00,swvl1,351848,3.137094e-03,8.441703e-03,3.001202e-04
persistence,test,521,2025-07-21T23:00:00,2025-07-22T05:00:00,stl1,351848,2.625064e+00,4.097590e+00,-2.620854e-01
persistence,test,521,2025-07-21T23:00:00,2025-07-22T05:00:00,sd,351848,7.642898e-06,1.454984e-04,-1.556370e-06
persistence,test,522,2025-07-22T00:00:00,2025-07-22T06:00:00,swvl1,351848,3.236208e-03,8.645539e-03,3.959511e-04
persistence,test,522,2025-07-22T00:00:00,2025-07-22T06:00:00,stl1,351848,2.720180e+00,4.320162e+00,-5.806635e-01
persistence,test,522,2025-07-22T00:00:00,2025-07-22T06:00:00,sd,351848,5.629654e-06,1.275157e-04,-2.843586e-06
persistence,test,523,2025-07-22T01:00:00,2025-07-22T07:00:00,swvl1,351848,3.342690e-03,8.912688e-03,4.512977e-04
persistence,test,523,2025-07-22T01:00:00,2025-07-22T07:00:00,stl1,351848,2.810854e+00,4.533352e+00,-9.551935e-01
persistence,test,523,2025-07-22T01:00:00,2025-07-22T07:00:00,sd,351848,5.562627e-06,1.232443e-04,-2.606819e-06
persistence,test,524,2025-07-22T02:00:00,2025-07-22T08:00:00,swvl1,351848,3.428340e-03,9.115564e-03,4.727923e-04
persistence,test,524,2025-07-22T02:00:00,2025-07-22T08:00:00,stl1,351848,2.758269e+00,4.528262e+00,-1.157466e+00
persistence,test,524,2025-07-22T02:00:00,2025-07-22T08:00:00,sd,351848,5.584039e-06,1.191027e-04,-2.446787e-06
persistence,test,525,2025-07-22T03:00:00,2025-07-22T09:00:00,swvl1,351848,3.473421e-03,9.198601e-03,4.589899e-04
persistence,test,525,2025-07-22T03:00:00,2025-07-22T09:00:00,stl1,351848,2.888640e+00,4.917694e+00,-1.431363e+00
persistence,test,525,2025-07-22T03:00:00,2025-07-22T09:00:00,sd,351848,5.653896e-06,1.169873e-04,-2.442838e-06
persistence,test,526,2025-07-22T04:00:00,2025-07-22T10:00:00,swvl1,351848,3.864108e-03,9.228780e-03,4.005963e-04
persistence,test,526,2025-07-22T04:00:00,2025-07-22T10:00:00,stl1,351848,3.184259e+00,5.454341e+00,-1.612054e+00
persistence,test,526,2025-07-22T04:00:00,2025-07-22T10:00:00,sd,351848,1.115870e-05,3.693922e-04,7.132592e-06
persistence,test,527,2025-07-22T05:00:00,2025-07-22T11:00:00,swvl1,351848,3.839595e-03,9.169620e-03,3.603315e-04
persistence,test,527,2025-07-22T05:00:00,2025-07-22T11:00:00,stl1,351848,2.966314e+00,5.223196e+00,-1.397285e+00
persistence,test,527,2025-07-22T05:00:00,2025-07-22T11:00:00,sd,351848,1.238238e-05,3.811839e-04,7.796156e-06
persistence,test,528,2025-07-22T06:00:00,2025-07-22T12:00:00,swvl1,351848,3.825485e-03,9.206600e-03,3.019177e-04
persistence,test,528,2025-07-22T06:00:00,2025-07-22T12:00:00,stl1,351848,3.040687e+00,5.335853e+00,-1.371811e+00
persistence,test,528,2025-07-22T06:00:00,2025-07-22T12:00:00,sd,351848,1.373885e-05,3.959503e-04,8.079515e-06
persistence,test,529,2025-07-22T07:00:00,2025-07-22T13:00:00,swvl1,351848,3.870074e-03,9.382706e-03,2.158151e-04
persistence,test,529,2025-07-22T07:00:00,2025-07-22T13:00:00,stl1,351848,2.935553e+00,5.123228e+00,-1.214513e+00
persistence,test,529,2025-07-22T07:00:00,2025-07-22T13:00:00,sd,351848,1.507955e-05,4.116429e-04,8.347174e-06
persistence,test,530,2025-07-22T08:00:00,2025-07-22T14:00:00,swvl1,351848,3.931708e-03,9.693514e-03,9.760135e-05
persistence,test,530,2025-07-22T08:00:00,2025-07-22T14:00:00,stl1,351848,2.718988e+00,4.562803e+00,-7.337542e-01
persistence,test,530,2025-07-22T08:00:00,2025-07-22T14:00:00,sd,351848,1.643608e-05,4.279861e-04,8.499700e-06
persistence,test,531,2025-07-22T09:00:00,2025-07-22T15:00:00,swvl1,351848,3.985882e-03,9.959639e-03,1.826994e-05
persistence,test,531,2025-07-22T09:00:00,2025-07-22T15:00:00,stl1,351848,2.689487e+00,4.342026e+00,-4.361413e-01
persistence,test,531,2025-07-22T09:00:00,2025-07-22T15:00:00,sd,351848,1.721922e-05,4.327395e-04,8.486506e-06
persistence,test,532,2025-07-22T10:00:00,2025-07-22T16:00:00,swvl1,351848,3.278704e-03,9.049612e-03,-2.476971e-05
persistence,test,532,2025-07-22T10:00:00,2025-07-22T16:00:00,stl1,351848,2.501978e+00,3.974686e+00,-1.098992e-01
persistence,test,532,2025-07-22T10:00:00,2025-07-22T16:00:00,sd,351848,1.044598e-05,2.209422e-04,-8.750164e-07
persistence,test,533,2025-07-22T11:00:00,2025-07-22T17:00:00,swvl1,351848,3.316086e-03,9.110177e-03,-4.796712e-05
persistence,test,533,2025-07-22T11:00:00,2025-07-22T17:00:00,stl1,351848,2.912193e+00,4.433210e+00,3.974985e-01
persistence,test,533,2025-07-22T11:00:00,2025-07-22T17:00:00,sd,351848,1.052076e-05,2.062171e-04,-1.309221e-06
persistence,test,534,2025-07-22T12:00:00,2025-07-22T18:00:00,swvl1,351848,3.377328e-03,9.281344e-03,-4.012809e-05
persistence,test,534,2025-07-22T12:00:00,2025-07-22T18:00:00,stl1,351848,3.139460e+00,4.722272e+00,6.760309e-01
persistence,test,534,2025-07-22T12:00:00,2025-07-22T18:00:00,sd,351848,1.078771e-05,1.929092e-04,-1.314690e-06
persistence,test,535,2025-07-22T13:00:00,2025-07-22T19:00:00,swvl1,351848,3.431832e-03,9.482877e-03,-2.085469e-05
persistence,test,535,2025-07-22T13:00:00,2025-07-22T19:00:00,stl1,351848,3.321225e+00,4.935905e+00,9.301681e-01
persistence,test,535,2025-07-22T13:00:00,2025-07-22T19:00:00,sd,351848,1.102735e-05,1.854210e-04,-1.370529e-06
persistence,test,536,2025-07-22T14:00:00,2025-07-22T20:00:00,swvl1,351848,3.465486e-03,9.734852e-03,5.609905e-06
persistence,test,536,2025-07-22T14:00:00,2025-07-22T20:00:00,stl1,351848,3.327010e+00,5.013461e+00,1.242292e+00
persistence,test,536,2025-07-22T14:00:00,2025-07-22T20:00:00,sd,351848,1.110537e-05,1.807237e-04,-1.410237e-06
persistence,test,537,2025-07-22T15:00:00,2025-07-22T21:00:00,swvl1,351848,3.463395e-03,9.860608e-03,-2.160782e-05
persistence,test,537,2025-07-22T15:00:00,2025-07-22T21:00:00,stl1,351848,3.044266e+00,4.776580e+00,1.442989e+00
persistence,test,537,2025-07-22T15:00:00,2025-07-22T21:00:00,sd,351848,1.081672e-05,1.762132e-04,-1.319837e-06
persistence,test,538,2025-07-22T16:00:00,2025-07-22T22:00:00,swvl1,351848,3.796812e-03,9.772571e-03,-3.302352e-04
persistence,test,538,2025-07-22T16:00:00,2025-07-22T22:00:00,stl1,351848,2.902769e+00,4.690696e+00,1.516839e+00
persistence,test,538,2025-07-22T16:00:00,2025-07-22T22:00:00,sd,351848,9.464585e-06,1.516746e-04,-9.005978e-07
persistence,test,539,2025-07-22T17:00:00,2025-07-22T23:00:00,swvl1,351848,3.741173e-03,9.673859e-03,-4.003158e-04
persistence,test,539,2025-07-22T17:00:00,2025-07-22T23:00:00,stl1,351848,2.487210e+00,4.044418e+00,1.341352e+00
persistence,test,539,2025-07-22T17:00:00,2025-07-22T23:00:00,sd,351848,9.266425e-06,1.489788e-04,-1.464466e-06
persistence,test,540,2025-07-22T18:00:00,2025-07-23T00:00:00,swvl1,351848,3.710994e-03,9.723593e-03,-4.918285e-04
persistence,test,540,2025-07-22T18:00:00,2025-07-23T00:00:00,stl1,351848,2.325344e+00,3.733490e+00,1.350178e+00
persistence,test,540,2025-07-22T18:00:00,2025-07-23T00:00:00,sd,351848,1.168669e-05,1.918690e-04,-8.428458e-07
persistence,test,541,2025-07-22T19:00:00,2025-07-23T01:00:00,swvl1,351848,3.780014e-03,9.904124e-03,-5.212382e-04
persistence,test,541,2025-07-22T19:00:00,2025-07-23T01:00:00,stl1,351848,2.307339e+00,3.604503e+00,1.318353e+00
persistence,test,541,2025-07-22T19:00:00,2025-07-23T01:00:00,sd,351848,1.148655e-05,1.936528e-04,-1.358782e-06
persistence,test,542,2025-07-22T20:00:00,2025-07-23T02:00:00,swvl1,351848,3.888314e-03,1.010434e-02,-5.082069e-04
persistence,test,542,2025-07-22T20:00:00,2025-07-23T02:00:00,stl1,351848,2.320187e+00,3.542019e+00,7.438760e-01
persistence,test,542,2025-07-22T20:00:00,2025-07-23T02:00:00,sd,351848,1.150618e-05,1.950380e-04,-1.657058e-06
persistence,test,543,2025-07-22T21:00:00,2025-07-23T03:00:00,swvl1,351848,4.013924e-03,1.030037e-02,-4.470781e-04
persistence,test,543,2025-07-22T21:00:00,2025-07-23T03:00:00,stl1,351848,2.423354e+00,3.705632e+00,5.284948e-01
persistence,test,543,2025-07-22T21:00:00,2025-07-23T03:00:00,sd,351848,1.163197e-05,1.970170e-04,-1.527766e-06
persistence,test,544,2025-07-22T22:00:00,2025-07-23T04:00:00,swvl1,351848,3.153622e-03,8.782056e-03,-8.863536e-05
persistence,test,544,2025-07-22T22:00:00,2025-07-23T04:00:00,stl1,351848,2.304399e+00,3.670444e+00,2.971528e-01
persistence,test,544,2025-07-22T22:00:00,2025-07-23T04:00:00,sd,351848,8.675295e-06,1.432279e-04,-1.720212e-06
persistence,test,545,2025-07-22T23:00:00,2025-07-23T05:00:00,swvl1,351848,3.208135e-03,8.771868e-03,1.612329e-05
persistence,test,545,2025-07-22T23:00:00,2025-07-23T05:00:00,stl1,351848,2.612705e+00,4.083364e+00,-2.736756e-01
persistence,test,545,2025-07-22T23:00:00,2025-07-23T05:00:00,sd,351848,7.847840e-06,1.301121e-04,-6.569291e-07
persistence,test,546,2025-07-23T00:00:00,2025-07-23T06:00:00,swvl1,351848,3.267558e-03,8.790226e-03,1.183237e-04
persistence,test,546,2025-07-23T00:00:00,2025-07-23T06:00:00,stl1,351848,2.723768e+00,4.321754e+00,-6.005961e-01
persistence,test,546,2025-07-23T00:00:00,2025-07-23T06:00:00,sd,351848,4.817770e-06,9.977977e-05,-8.203868e-07
persistence,test,547,2025-07-23T01:00:00,2025-07-23T07:00:00,swvl1,351848,3.342689e-03,8.870266e-03,1.835146e-04
persistence,test,547,2025-07-23T01:00:00,2025-07-23T07:00:00,stl1,351848,2.824173e+00,4.530582e+00,-9.975816e-01
persistence,test,547,2025-07-23T01:00:00,2025-07-23T07:00:00,sd,351848,5.326320e-06,1.094899e-04,1.537353e-07
persistence,test,548,2025-07-23T02:00:00,2025-07-23T08:00:00,swvl1,351848,3.422039e-03,9.040073e-03,2.263509e-04
persistence,test,548,2025-07-23T02:00:00,2025-07-23T08:00:00,stl1,351848,2.778344e+00,4.564657e+00,-1.189829e+00
persistence,test,548,2025-07-23T02:00:00,2025-07-23T08:00:00,sd,351848,6.228132e-06,1.259017e-04,7.707039e-07
persistence,test,549,2025-07-23T03:00:00,2025-07-23T09:00:00,swvl1,351848,3.507927e-03,9.281707e-03,2.155383e-04
persistence,test,549,2025-07-23T03:00:00,2025-07-23T09:00:00,stl1,351848,2.907740e+00,4.943253e+00,-1.454202e+00
persistence,test,549,2025-07-23T03:00:00,2025-07-23T09:00:00,sd,351848,7.344372e-06,1.459683e-04,9.879943e-07
persistence,test,550,2025-07-23T04:00:00,2025-07-23T10:00:00,swvl1,351848,3.926002e-03,9.416980e-03,-5.628563e-06
persistence,test,550,2025-07-23T04:00:00,2025-07-23T10:00:00,stl1,351848,3.179268e+00,5.432935e+00,-1.580528e+00
persistence,test,550,2025-07-23T04:00:00,2025-07-23T10:00:00,sd,351848,8.439856e-06,1.668405e-04,4.949851e-06
persistence,test,551,2025-07-23T05:00:00,2025-07-23T11:00:00,swvl1,351848,3.966115e-03,9.597240e-03,-8.634953e-05
persistence,test,551,2025-07-23T05:00:00,2025-07-23T11:00:00,stl1,351848,2.959529e+00,5.154550e+00,-1.338236e+00
persistence,test,551,2025-07-23T05:00:00,2025-07-23T11:00:00,sd,351848,9.121480e-06,1.744213e-04,4.481433e-06
persistence,test,552,2025-07-23T06:00:00,2025-07-23T12:00:00,swvl1,351848,4.021105e-03,9.954357e-03,-2.065661e-04
persistence,test,552,2025-07-23T06:00:00,2025-07-23T12:00:00,stl1,351848,2.983630e+00,5.193746e+00,-1.292276e+00
persistence,test,552,2025-07-23T06:00:00,2025-07-23T12:00:00,sd,351848,9.655397e-06,1.848078e-04,3.642403e-06
persistence,test,553,2025-07-23T07:00:00,2025-07-23T13:00:00,swvl1,351848,4.152293e-03,1.052276e-02,-3.618091e-04
persistence,test,553,2025-07-23T07:00:00,2025-07-23T13:00:00,stl1,351848,2.852688e+00,4.946138e+00,-1.100460e+00
persistence,test,553,2025-07-23T07:00:00,2025-07-23T13:00:00,sd,351848,1.000722e-05,2.018683e-04,2.671921e-06
persistence,test,554,2025-07-23T08:00:00,2025-07-23T14:00:00,swvl1,351848,4.290896e-03,1.102634e-02,-5.052673e-04
persistence,test,554,2025-07-23T08:00:00,2025-07-23T14:00:00,stl1,351848,2.682915e+00,4.436107e+00,-6.153432e-01
persistence,test,554,2025-07-23T08:00:00,2025-07-23T14:00:00,sd,351848,1.006002e-05,2.159315e-04,2.134294e-06
persistence,test,555,2025-07-23T09:00:00,2025-07-23T15:00:00,swvl1,351848,4.429020e-03,1.142272e-02,-6.164787e-04
persistence,test,555,2025-07-23T09:00:00,2025-07-23T15:00:00,stl1,351848,2.655840e+00,4.238794e+00,-3.395899e-01
persistence,test,555,2025-07-23T09:00:00,2025-07-23T15:00:00,sd,351848,1.019812e-05,2.248728e-04,1.578595e-06
persistence,test,556,2025-07-23T10:00:00,2025-07-23T16:00:00,swvl1,351848,3.693286e-03,1.006505e-02,-4.772418e-04
persistence,test,556,2025-07-23T10:00:00,2025-07-23T16:00:00,stl1,351848,2.477992e+00,3.898970e+00,-4.963225e-02
persistence,test,556,2025-07-23T10:00:00,2025-07-23T16:00:00,sd,351848,9.284005e-06,2.244331e-04,-2.814942e-06
persistence,test,557,2025-07-23T11:00:00,2025-07-23T17:00:00,swvl1,351848,3.731748e-03,1.008827e-02,-5.063490e-04
persistence,test,557,2025-07-23T11:00:00,2025-07-23T17:00:00,stl1,351848,2.884084e+00,4.403457e+00,4.584548e-01
persistence,test,557,2025-07-23T11:00:00,2025-07-23T17:00:00,sd,351848,9.415395e-06,2.170591e-04,-3.045324e-06
persistence,test,558,2025-07-23T12:00:00,2025-07-23T18:00:00,swvl1,351848,3.757366e-03,1.023017e-02,-4.716086e-04
persistence,test,558,2025-07-23T12:00:00,2025-07-23T18:00:00,stl1,351848,3.094562e+00,4.692947e+00,7.101183e-01
persistence,test,558,2025-07-23T12:00:00,2025-07-23T18:00:00,sd,351848,9.680805e-06,2.012651e-04,-2.908727e-06
persistence,test,559,2025-07-23T13:00:00,2025-07-23T19:00:00,swvl1,351848,3.745112e-03,1.031556e-02,-4.044959e-04
persistence,test,559,2025-07-23T13:00:00,2025-07-23T19:00:00,stl1,351848,3.261572e+00,4.893843e+00,9.349268e-01
persistence,test,559,2025-07-23T13:00:00,2025-07-23T19:00:00,sd,351848,1.002175e-05,1.896906e-04,-2.601143e-06
persistence,test,560,2025-07-23T14:00:00,2025-07-23T20:00:00,swvl1,351848,3.738715e-03,1.048171e-02,-3.625230e-04
persistence,test,560,2025-07-23T14:00:00,2025-07-23T20:00:00,stl1,351848,3.243110e+00,4.964347e+00,1.171171e+00
persistence,test,560,2025-07-23T14:00:00,2025-07-23T20:00:00,sd,351848,1.014168e-05,1.818962e-04,-2.350424e-06
persistence,test,561,2025-07-23T15:00:00,2025-07-23T21:00:00,swvl1,351848,3.700936e-03,1.052038e-02,-3.192291e-04
persistence,test,561,2025-07-23T15:00:00,2025-07-23T21:00:00,stl1,351848,2.969117e+00,4.744424e+00,1.337772e+00
persistence,test,561,2025-07-23T15:00:00,2025-07-23T21:00:00,sd,351848,9.685095e-06,1.684713e-04,-2.026422e-06
persistence,test,562,2025-07-23T16:00:00,2025-07-23T22:00:00,swvl1,351848,4.056719e-03,1.054436e-02,-4.447972e-04
persistence,test,562,2025-07-23T16:00:00,2025-07-23T22:00:00,stl1,351848,2.877695e+00,4.664473e+00,1.387471e+00
persistence,test,562,2025-07-23T16:00:00,2025-07-23T22:00:00,sd,351848,7.051766e-06,1.109780e-04,2.291271e-07
persistence,test,563,2025-07-23T17:00:00,2025-07-23T23:00:00,swvl1,351848,3.987204e-03,1.043608e-02,-4.334257e-04
persistence,test,563,2025-07-23T17:00:00,2025-07-23T23:00:00,stl1,351848,2.498498e+00,4.017489e+00,1.212571e+00
persistence,test,563,2025-07-23T17:00:00,2025-07-23T23:00:00,sd,351848,6.574368e-06,1.037481e-04,4.286694e-07
persistence,test,564,2025-07-23T18:00:00,2025-07-24T00:00:00,swvl1,351848,3.992502e-03,1.047988e-02,-4.558209e-04
persistence,test,564,2025-07-23T18:00:00,2025-07-24T00:00:00,stl1,351848,2.351970e+00,3.704789e+00,1.228514e+00
persistence,test,564,2025-07-23T18:00:00,2025-07-24T00:00:00,sd,351848,1.041172e-05,2.126703e-04,4.262955e-06
persistence,test,565,2025-07-23T19:00:00,2025-07-24T01:00:00,swvl1,351848,4.126075e-03,1.082363e-02,-4.565812e-04
persistence,test,565,2025-07-23T19:00:00,2025-07-24T01:00:00,stl1,351848,2.295547e+00,3.561396e+00,1.183083e+00
persistence,test,565,2025-07-23T19:00:00,2025-07-24T01:00:00,sd,351848,1.022799e-05,2.200944e-04,4.412310e-06
persistence,test,566,2025-07-23T20:00:00,2025-07-24T02:00:00,swvl1,351848,4.256669e-03,1.111809e-02,-4.064131e-04
persistence,test,566,2025-07-23T20:00:00,2025-07-24T02:00:00,stl1,351848,2.283553e+00,3.476286e+00,6.082136e-01
persistence,test,566,2025-07-23T20:00:00,2025-07-24T02:00:00,sd,351848,1.025223e-05,2.245539e-04,4.493747e-06
persistence,test,567,2025-07-23T21:00:00,2025-07-24T03:00:00,swvl1,351848,4.404514e-03,1.139583e-02,-3.330720e-04
persistence,test,567,2025-07-23T21:00:00,2025-07-24T03:00:00,stl1,351848,2.401629e+00,3.640433e+00,4.469302e-01
persistence,test,567,2025-07-23T21:00:00,2025-07-24T03:00:00,sd,351848,1.075688e-05,2.266139e-04,4.710305e-06
persistence,test,568,2025-07-23T22:00:00,2025-07-24T04:00:00,swvl1,351848,3.450909e-03,9.698765e-03,-1.160755e-04
persistence,test,568,2025-07-23T22:00:00,2025-07-24T04:00:00,stl1,351848,2.262630e+00,3.526244e+00,2.569698e-01
persistence,test,568,2025-07-23T22:00:00,2025-07-24T04:00:00,sd,351848,9.098072e-06,1.646062e-04,2.975321e-06
persistence,test,569,2025-07-23T23:00:00,2025-07-24T05:00:00,swvl1,351848,3.520412e-03,9.625412e-03,-2.302233e-05
persistence,test,569,2025-07-23T23:00:00,2025-07-24T05:00:00,stl1,351848,2.544417e+00,3.999911e+00,-2.968991e-01
persistence,test,569,2025-07-23T23:00:00,2025-07-24T05:00:00,sd,351848,9.966315e-06,1.634099e-04,3.217407e-06
persistence,test,570,2025-07-24T00:00:00,2025-07-24T06:00:00,swvl1,351848,3.589666e-03,9.534872e-03,8.678612e-05
persistence,test,570,2025-07-24T00:00:00,2025-07-24T06:00:00,stl1,351848,2.659958e+00,4.286789e+00,-6.055005e-01
persistence,test,570,2025-07-24T00:00:00,2025-07-24T06:00:00,sd,351848,7.584891e-06,1.232992e-04,-4.175673e-07
persistence,test,571,2025-07-24T01:00:00,2025-07-24T07:00:00,swvl1,351848,3.655008e-03,9.460041e-03,1.816227e-04
persistence,test,571,2025-07-24T01:00:00,2025-07-24T07:00:00,stl1,351848,2.783746e+00,4.560953e+00,-9.652734e-01
persistence,test,571,2025-07-24T01:00:00,2025-07-24T07:00:00,sd,351848,9.186653e-06,1.488477e-04,-4.926501e-07
persistence,test,572,2025-07-24T02:00:00,2025-07-24T08:00:00,swvl1,351848,3.713664e-03,9.497468e-03,2.307242e-04
persistence,test,572,2025-07-24T02:00:00,2025-07-24T08:00:00,stl1,351848,2.746676e+00,4.591655e+00,-1.118674e+00
persistence,test,572,2025-07-24T02:00:00,2025-07-24T08:00:00,sd,351848,1.111435e-05,1.815080e-04,-1.042244e-06
persistence,test,573,2025-07-24T03:00:00,2025-07-24T09:00:00,swvl1,351848,3.781315e-03,9.686072e-03,2.162461e-04
persistence,test,573,2025-07-24T03:00:00,2025-07-24T09:00:00,stl1,351848,2.911155e+00,4.982925e+00,-1.441675e+00
persistence,test,573,2025-07-24T03:00:00,2025-07-24T09:00:00,sd,351848,1.250669e-05,2.047921e-04,-1.811604e-06
persistence,test,574,2025-07-24T04:00:00,2025-07-24T10:00:00,swvl1,351848,4.242914e-03,1.034338e-02,5.882663e-06
persistence,test,574,2025-07-24T04:00:00,2025-07-24T10:00:00,stl1,351848,3.240982e+00,5.469910e+00,-1.614454e+00
persistence,test,574,2025-07-24T04:00:00,2025-07-24T10:00:00,sd,351848,1.275216e-05,2.286870e-04,1.472857e-06
persistence,test,575,2025-07-24T05:00:00,2025-07-24T11:00:00,swvl1,351848,4.285516e-03,1.067136e-02,-9.377928e-05
persistence,test,575,2025-07-24T05:00:00,2025-07-24T11:00:00,stl1,351848,2.963435e+00,5.181934e+00,-1.403559e+00
persistence,test,575,2025-07-24T05:00:00,2025-07-24T11:00:00,sd,351848,1.283192e-05,2.296291e-04,4.988841e-07
persistence,test,576,2025-07-24T06:00:00,2025-07-24T12:00:00,swvl1,351848,4.317395e-03,1.106525e-02,-2.121247e-04
persistence,test,576,2025-07-24T06:00:00,2025-07-24T12:00:00,stl1,351848,2.925552e+00,5.193226e+00,-1.373082e+00
persistence,test,576,2025-07-24T06:00:00,2025-07-24T12:00:00,sd,351848,1.268326e-05,2.292594e-04,-4.427855e-07
persistence,test,577,2025-07-24T07:00:00,2025-07-24T13:00:00,swvl1,351848,4.399519e-03,1.152493e-02,-3.458260e-04
persistence,test,577,2025-07-24T07:00:00,2025-07-24T13:00:00,stl1,351848,2.775694e+00,4.921847e+00,-1.205057e+00
persistence,test,577,2025-07-24T07:00:00,2025-07-24T13:00:00,sd,351848,1.239874e-05,2.282354e-04,-1.209188e-06
persistence,test,578,2025-07-24T08:00:00,2025-07-24T14:00:00,swvl1,351848,4.482686e-03,1.196175e-02,-4.942156e-04
persistence,test,578,2025-07-24T08:00:00,2025-07-24T14:00:00,stl1,351848,2.569204e+00,4.315949e+00,-6.910667e-01
persistence,test,578,2025-07-24T08:00:00,2025-07-24T14:00:00,sd,351848,1.198103e-05,2.280844e-04,-1.407126e-06
persistence,test,579,2025-07-24T09:00:00,2025-07-24T15:00:00,swvl1,351848,4.575482e-03,1.239675e-02,-5.910165e-04
persistence,test,579,2025-07-24T09:00:00,2025-07-24T15:00:00,stl1,351848,2.546701e+00,4.103152e+00,-3.377756e-01
persistence,test,579,2025-07-24T09:00:00,2025-07-24T15:00:00,sd,351848,1.168346e-05,2.238670e-04,-1.219756e-06
persistence,test,580,2025-07-24T10:00:00,2025-07-24T16:00:00,swvl1,351848,3.775444e-03,1.115044e-02,-4.574804e-04
persistence,test,580,2025-07-24T10:00:00,2025-07-24T16:00:00,stl1,351848,2.419099e+00,3.883465e+00,-6.553491e-02
persistence,test,580,2025-07-24T10:00:00,2025-07-24T16:00:00,sd,351848,1.042387e-05,1.769423e-04,-5.120465e-06
persistence,test,581,2025-07-24T11:00:00,2025-07-24T17:00:00,swvl1,351848,3.770048e-03,1.121718e-02,-4.355041e-04
persistence,test,581,2025-07-24T11:00:00,2025-07-24T17:00:00,stl1,351848,2.882676e+00,4.464587e+00,4.282865e-01
persistence,test,581,2025-07-24T11:00:00,2025-07-24T17:00:00,sd,351848,1.014037e-05,1.640977e-04,-4.468772e-06
persistence,test,582,2025-07-24T12:00:00,2025-07-24T18:00:00,swvl1,351848,3.764014e-03,1.130864e-02,-3.818533e-04
persistence,test,582,2025-07-24T12:00:00,2025-07-24T18:00:00,stl1,351848,3.135393e+00,4.806797e+00,6.832366e-01
persistence,test,582,2025-07-24T12:00:00,2025-07-24T18:00:00,sd,351848,9.884375e-06,1.513347e-04,-3.409506e-06
persistence,test,583,2025-07-24T13:00:00,2025-07-24T19:00:00,swvl1,351848,3.758264e-03,1.135126e-02,-3.204251e-04
persistence,test,583,2025-07-24T13:00:00,2025-07-24T19:00:00,stl1,351848,3.303471e+00,5.016664e+00,8.977746e-01
persistence,test,583,2025-07-24T13:00:00,2025-07-24T19:00:00,sd,351848,9.550485e-06,1.430920e-04,-2.329814e-06
persistence,test,584,2025-07-24T14:00:00,2025-07-24T20:00:00,swvl1,351848,3.723494e-03,1.122034e-02,-2.520564e-04
persistence,test,584,2025-07-24T14:00:00,2025-07-24T20:00:00,stl1,351848,3.284750e+00,5.067684e+00,1.164449e+00
persistence,test,584,2025-07-24T14:00:00,2025-07-24T20:00:00,sd,351848,9.246942e-06,1.392524e-04,-1.579840e-06
persistence,test,585,2025-07-24T15:00:00,2025-07-24T21:00:00,swvl1,351848,3.678328e-03,1.104148e-02,-2.075004e-04
persistence,test,585,2025-07-24T15:00:00,2025-07-24T21:00:00,stl1,351848,3.009796e+00,4.827063e+00,1.297058e+00
persistence,test,585,2025-07-24T15:00:00,2025-07-24T21:00:00,sd,351848,8.906160e-06,1.325157e-04,-1.188903e-06
persistence,test,586,2025-07-24T16:00:00,2025-07-24T22:00:00,swvl1,351848,4.103696e-03,1.122208e-02,-4.700030e-04
persistence,test,586,2025-07-24T16:00:00,2025-07-24T22:00:00,stl1,351848,2.867637e+00,4.670120e+00,1.366401e+00
persistence,test,586,2025-07-24T16:00:00,2025-07-24T22:00:00,sd,351848,9.264105e-06,1.353760e-04,-9.370374e-08
persistence,test,587,2025-07-24T17:00:00,2025-07-24T23:00:00,swvl1,351848,4.054286e-03,1.108710e-02,-4.847125e-04
persistence,test,587,2025-07-24T17:00:00,2025-07-24T23:00:00,stl1,351848,2.468994e+00,4.003930e+00,1.225107e+00
persistence,test,587,2025-07-24T17:00:00,2025-07-24T23:00:00,sd,351848,9.392535e-06,1.470382e-04,-2.630514e-07
persistence,test,588,2025-07-24T18:00:00,2025-07-25T00:00:00,swvl1,351848,4.044079e-03,1.116247e-02,-5.278447e-04
persistence,test,588,2025-07-24T18:00:00,2025-07-25T00:00:00,stl1,351848,2.290869e+00,3.664940e+00,1.260975e+00
persistence,test,588,2025-07-24T18:00:00,2025-07-25T00:00:00,sd,351848,1.199881e-05,2.159983e-04,1.950589e-06
persistence,test,589,2025-07-24T19:00:00,2025-07-25T01:00:00,swvl1,351848,4.131387e-03,1.143203e-02,-5.411231e-04
persistence,test,589,2025-07-24T19:00:00,2025-07-25T01:00:00,stl1,351848,2.217400e+00,3.500801e+00,1.242203e+00
persistence,test,589,2025-07-24T19:00:00,2025-07-25T01:00:00,sd,351848,1.243483e-05,2.297251e-04,1.411831e-06
persistence,test,590,2025-07-24T20:00:00,2025-07-25T02:00:00,swvl1,351848,4.260211e-03,1.167623e-02,-4.967106e-04
persistence,test,590,2025-07-24T20:00:00,2025-07-25T02:00:00,stl1,351848,2.258328e+00,3.464069e+00,6.322083e-01
persistence,test,590,2025-07-24T20:00:00,2025-07-25T02:00:00,sd,351848,1.302764e-05,2.398623e-04,9.524221e-07
persistence,test,591,2025-07-24T21:00:00,2025-07-25T03:00:00,swvl1,351848,4.417481e-03,1.194266e-02,-4.032130e-04
persistence,test,591,2025-07-24T21:00:00,2025-07-25T03:00:00,stl1,351848,2.401101e+00,3.620679e+00,4.595727e-01
persistence,test,591,2025-07-24T21:00:00,2025-07-25T03:00:00,sd,351848,1.367859e-05,2.444196e-04,7.129573e-07
persistence,test,592,2025-07-24T22:00:00,2025-07-25T04:00:00,swvl1,351848,3.497621e-03,1.009278e-02,-3.118294e-05
persistence,test,592,2025-07-24T22:00:00,2025-07-25T04:00:00,stl1,351848,2.230542e+00,3.472741e+00,2.766263e-01
persistence,test,592,2025-07-24T22:00:00,2025-07-25T04:00:00,sd,351848,1.293628e-05,2.199740e-04,-3.051233e-07
persistence,test,593,2025-07-24T23:00:00,2025-07-25T05:00:00,swvl1,351848,3.594618e-03,1.020164e-02,8.811258e-05
persistence,test,593,2025-07-24T23:00:00,2025-07-25T05:00:00,stl1,351848,2.572446e+00,4.017668e+00,-3.271227e-01
persistence,test,593,2025-07-24T23:00:00,2025-07-25T05:00:00,sd,351848,1.370113e-05,2.258807e-04,-3.771460e-07
persistence,test,594,2025-07-25T00:00:00,2025-07-25T06:00:00,swvl1,351848,3.700901e-03,1.028660e-02,2.144436e-04
persistence,test,594,2025-07-25T00:00:00,2025-07-25T06:00:00,stl1,351848,2.705017e+00,4.339556e+00,-6.632234e-01
persistence,test,594,2025-07-25T00:00:00,2025-07-25T06:00:00,sd,351848,9.860607e-06,1.997944e-04,-3.145465e-06
persistence,test,595,2025-07-25T01:00:00,2025-07-25T07:00:00,swvl1,351848,3.819949e-03,1.036077e-02,3.075657e-04
persistence,test,595,2025-07-25T01:00:00,2025-07-25T07:00:00,stl1,351848,2.829667e+00,4.634008e+00,-1.041022e+00
persistence,test,595,2025-07-25T01:00:00,2025-07-25T07:00:00,sd,351848,1.049486e-05,2.131095e-04,-3.318955e-06
persistence,test,596,2025-07-25T02:00:00,2025-07-25T08:00:00,swvl1,351848,3.916384e-03,1.031740e-02,3.578465e-04
persistence,test,596,2025-07-25T02:00:00,2025-07-25T08:00:00,stl1,351848,2.783104e+00,4.624566e+00,-1.224453e+00
persistence,test,596,2025-07-25T02:00:00,2025-07-25T08:00:00,sd,351848,1.109504e-05,2.213075e-04,-3.325002e-06
persistence,test,597,2025-07-25T03:00:00,2025-07-25T09:00:00,swvl1,351848,3.987280e-03,1.023464e-02,3.395886e-04
persistence,test,597,2025-07-25T03:00:00,2025-07-25T09:00:00,stl1,351848,2.927007e+00,4.980793e+00,-1.531839e+00
persistence,test,597,2025-07-25T03:00:00,2025-07-25T09:00:00,sd,351848,1.127206e-05,2.206737e-04,-3.358281e-06
persistence,test,598,2025-07-25T04:00:00,2025-07-25T10:00:00,swvl1,351848,4.409588e-03,1.051581e-02,1.238681e-04
persistence,test,598,2025-07-25T04:00:00,2025-07-25T10:00:00,stl1,351848,3.161512e+00,5.395056e+00,-1.697011e+00
persistence,test,598,2025-07-25T04:00:00,2025-07-25T10:00:00,sd,351848,1.229222e-05,2.222743e-04,-9.098270e-07
persistence,test,599,2025-07-25T05:00:00,2025-07-25T11:00:00,swvl1,351848,4.392000e-03,1.060533e-02,4.598309e-05
persistence,test,599,2025-07-25T05:00:00,2025-07-25T11:00:00,stl1,351848,2.893945e+00,5.112979e+00,-1.426272e+00
persistence,test,599,2025-07-25T05:00:00,2025-07-25T11:00:00,sd,351848,1.247522e-05,2.181773e-04,-2.639052e-07
persistence,test,600,2025-07-25T06:00:00,2025-07-25T12:00:00,swvl1,351848,4.364244e-03,1.081268e-02,-6.208906e-05
persistence,test,600,2025-07-25T06:00:00,2025-07-25T12:00:00,stl1,351848,2.860805e+00,5.148391e+00,-1.392507e+00
persistence,test,600,2025-07-25T06:00:00,2025-07-25T12:00:00,sd,351848,1.238033e-05,2.154416e-04,2.330627e-07
persistence,test,601,2025-07-25T07:00:00,2025-07-25T13:00:00,swvl1,351848,4.415363e-03,1.118241e-02,-1.883780e-04
persistence,test,601,2025-07-25T07:00:00,2025-07-25T13:00:00,stl1,351848,2.756218e+00,4.933065e+00,-1.202511e+00
persistence,test,601,2025-07-25T07:00:00,2025-07-25T13:00:00,sd,351848,1.213431e-05,2.140835e-04,8.526550e-07
persistence,test,602,2025-07-25T08:00:00,2025-07-25T14:00:00,swvl1,351848,4.491978e-03,1.161670e-02,-3.411555e-04
persistence,test,602,2025-07-25T08:00:00,2025-07-25T14:00:00,stl1,351848,2.591478e+00,4.384210e+00,-6.879615e-01
persistence,test,602,2025-07-25T08:00:00,2025-07-25T14:00:00,sd,351848,1.199478e-05,2.150131e-04,1.426551e-06
persistence,test,603,2025-07-25T09:00:00,2025-07-25T15:00:00,swvl1,351848,4.570603e-03,1.195855e-02,-4.497686e-04
persistence,test,603,2025-07-25T09:00:00,2025-07-25T15:00:00,stl1,351848,2.568117e+00,4.181144e+00,-3.560740e-01
persistence,test,603,2025-07-25T09:00:00,2025-07-25T15:00:00,sd,351848,1.189496e-05,2.126224e-04,1.752342e-06
persistence,test,604,2025-07-25T10:00:00,2025-07-25T16:00:00,swvl1,351848,3.735396e-03,1.046216e-02,-3.517472e-04
persistence,test,604,2025-07-25T10:00:00,2025-07-25T16:00:00,stl1,351848,2.459429e+00,3.893197e+00,-6.799443e-02
persistence,test,604,2025-07-25T10:00:00,2025-07-25T16:00:00,sd,351848,9.229351e-06,1.518247e-04,-2.831603e-07
persistence,test,605,2025-07-25T11:00:00,2025-07-25T17:00:00,swvl1,351848,3.717427e-03,1.037677e-02,-3.694949e-04
persistence,test,605,2025-07-25T11:00:00,2025-07-25T17:00:00,stl1,351848,2.928305e+00,4.454355e+00,4.119658e-01
persistence,test,605,2025-07-25T11:00:00,2025-07-25T17:00:00,sd,351848,8.436468e-06,1.426367e-04,-5.204947e-07
persistence,test,606,2025-07-25T12:00:00,2025-07-25T18:00:00,swvl1,351848,3.718631e-03,1.024983e-02,-3.461129e-04
persistence,test,606,2025-07-25T12:00:00,2025-07-25T18:00:00,stl1,351848,3.182400e+00,4.807495e+00,7.044254e-01
persistence,test,606,2025-07-25T12:00:00,2025-07-25T18:00:00,sd,351848,7.874446e-06,1.361885e-04,-4.218877e-07
persistence,test,607,2025-07-25T13:00:00,2025-07-25T19:00:00,swvl1,351848,3.711690e-03,1.017078e-02,-2.955526e-04
persistence,test,607,2025-07-25T13:00:00,2025-07-25T19:00:00,stl1,351848,3.355306e+00,5.061424e+00,9.189826e-01
persistence,test,607,2025-07-25T13:00:00,2025-07-25T19:00:00,sd,351848,7.613603e-06,1.322376e-04,-2.821548e-07
persistence,test,608,2025-07-25T14:00:00,2025-07-25T20:00:00,swvl1,351848,3.668727e-03,1.007136e-02,-2.223542e-04
persistence,test,608,2025-07-25T14:00:00,2025-07-25T20:00:00,stl1,351848,3.340455e+00,5.103819e+00,1.166144e+00
persistence,test,608,2025-07-25T14:00:00,2025-07-25T20:00:00,sd,351848,7.476166e-06,1.302595e-04,-1.094814e-07
persistence,test,609,2025-07-25T15:00:00,2025-07-25T21:00:00,swvl1,351848,3.612195e-03,1.004641e-02,-1.939178e-04
persistence,test,609,2025-07-25T15:00:00,2025-07-25T21:00:00,stl1,351848,3.038095e+00,4.833321e+00,1.340649e+00
persistence,test,609,2025-07-25T15:00:00,2025-07-25T21:00:00,sd,351848,7.313418e-06,1.247727e-04,1.918039e-07
persistence,test,610,2025-07-25T16:00:00,2025-07-25T22:00:00,swvl1,351848,4.065454e-03,1.067974e-02,-5.494149e-04
persistence,test,610,2025-07-25T16:00:00,2025-07-25T22:00:00,stl1,351848,2.837523e+00,4.635145e+00,1.409145e+00
persistence,test,610,2025-07-25T16:00:00,2025-07-25T22:00:00,sd,351848,7.698601e-06,1.384389e-04,-5.568530e-07
persistence,test,611,2025-07-25T17:00:00,2025-07-25T23:00:00,swvl1,351848,4.011819e-03,1.066577e-02,-5.664281e-04
persistence,test,611,2025-07-25T17:00:00,2025-07-25T23:00:00,stl1,351848,2.417222e+00,3.964427e+00,1.269618e+00
persistence,test,611,2025-07-25T17:00:00,2025-07-25T23:00:00,sd,351848,7.563419e-06,1.429441e-04,-8.404443e-07
persistence,test,612,2025-07-25T18:00:00,2025-07-26T00:00:00,swvl1,351848,3.941463e-03,1.067736e-02,-5.687741e-04
persistence,test,612,2025-07-25T18:00:00,2025-07-26T00:00:00,stl1,351848,2.228653e+00,3.611735e+00,1.285617e+00
persistence,test,612,2025-07-25T18:00:00,2025-07-26T00:00:00,sd,351848,8.307986e-06,1.634753e-04,-1.620068e-06
persistence,test,613,2025-07-25T19:00:00,2025-07-26T01:00:00,swvl1,351848,3.958516e-03,1.076258e-02,-5.293231e-04
persistence,test,613,2025-07-25T19:00:00,2025-07-26T01:00:00,stl1,351848,2.191033e+00,3.440743e+00,1.271462e+00
persistence,test,613,2025-07-25T19:00:00,2025-07-26T01:00:00,sd,351848,8.359046e-06,1.674258e-04,-2.176534e-06
persistence,test,614,2025-07-25T20:00:00,2025-07-26T02:00:00,swvl1,351848,3.998555e-03,1.081719e-02,-4.418360e-04
persistence,test,614,2025-07-25T20:00:00,2025-07-26T02:00:00,stl1,351848,2.291372e+00,3.440021e+00,7.003083e-01
persistence,test,614,2025-07-25T20:00:00,2025-07-26T02:00:00,sd,351848,8.591637e-06,1.706383e-04,-2.532798e-06
persistence,test,615,2025-07-25T21:00:00,2025-07-26T03:00:00,swvl1,351848,4.104136e-03,1.090639e-02,-2.881083e-04
persistence,test,615,2025-07-25T21:00:00,2025-07-26T03:00:00,stl1,351848,2.431054e+00,3.620272e+00,4.944530e-01
persistence,test,615,2025-07-25T21:00:00,2025-07-26T03:00:00,sd,351848,8.824152e-06,1.682950e-04,-2.862224e-06
persistence,test,616,2025-07-25T22:00:00,2025-07-26T04:00:00,swvl1,351848,3.231284e-03,9.004480e-03,2.306620e-04
persistence,test,616,2025-07-25T22:00:00,2025-07-26T04:00:00,stl1,351848,2.275421e+00,3.538201e+00,3.466526e-01
persistence,test,616,2025-07-25T22:00:00,2025-07-26T04:00:00,sd,351848,8.205503e-06,1.468788e-04,-2.053879e-06
persistence,test,617,2025-07-25T23:00:00,2025-07-26T05:00:00,swvl1,351848,3.306071e-03,8.873287e-03,4.113335e-04
persistence,test,617,2025-07-25T23:00:00,2025-07-26T05:00:00,stl1,351848,2.637606e+00,4.113167e+00,-2.716132e-01
persistence,test,617,2025-07-25T23:00:00,2025-07-26T05:00:00,sd,351848,8.467318e-06,1.429194e-04,-1.615883e-06
persistence,test,618,2025-07-26T00:00:00,2025-07-26T06:00:00,swvl1,351848,3.402655e-03,8.823662e-03,5.663086e-04
persistence,test,618,2025-07-26T00:00:00,2025-07-26T06:00:00,stl1,351848,2.705445e+00,4.358553e+00,-6.103500e-01
persistence,test,618,2025-07-26T00:00:00,2025-07-26T06:00:00,sd,351848,6.797372e-06,1.174367e-04,-7.499444e-07
persistence,test,619,2025-07-26T01:00:00,2025-07-26T07:00:00,swvl1,351848,3.498373e-03,8.832121e-03,6.852248e-04
persistence,test,619,2025-07-26T01:00:00,2025-07-26T07:00:00,stl1,351848,2.822247e+00,4.593856e+00,-1.009759e+00
persistence,test,619,2025-07-26T01:00:00,2025-07-26T07:00:00,sd,351848,6.940910e-06,1.174482e-04,-1.781837e-07
persistence,test,620,2025-07-26T02:00:00,2025-07-26T08:00:00,swvl1,351848,3.587935e-03,8.885592e-03,7.474954e-04
persistence,test,620,2025-07-26T02:00:00,2025-07-26T08:00:00,stl1,351848,2.781248e+00,4.562036e+00,-1.193507e+00
persistence,test,620,2025-07-26T02:00:00,2025-07-26T08:00:00,sd,351848,6.773037e-06,1.140180e-04,1.061096e-07
persistence,test,621,2025-07-26T03:00:00,2025-07-26T09:00:00,swvl1,351848,3.624641e-03,8.870928e-03,7.609495e-04
persistence,test,621,2025-07-26T03:00:00,2025-07-26T09:00:00,stl1,351848,2.917388e+00,4.903978e+00,-1.495888e+00
persistence,test,621,2025-07-26T03:00:00,2025-07-26T09:00:00,sd,351848,6.577715e-06,1.132594e-04,4.148920e-07
persistence,test,622,2025-07-26T04:00:00,2025-07-26T10:00:00,swvl1,351848,4.058544e-03,9.264943e-03,5.610855e-04
persistence,test,622,2025-07-26T04:00:00,2025-07-26T10:00:00,stl1,351848,3.181386e+00,5.413653e+00,-1.744175e+00
persistence,test,622,2025-07-26T04:00:00,2025-07-26T10:00:00,sd,351848,8.131569e-06,1.386907e-04,3.902907e-06
persistence,test,623,2025-07-26T05:00:00,2025-07-26T11:00:00,swvl1,351848,4.050455e-03,9.317568e-03,4.687969e-04
persistence,test,623,2025-07-26T05:00:00,2025-07-26T11:00:00,stl1,351848,2.948331e+00,5.207091e+00,-1.487779e+00
persistence,test,623,2025-07-26T05:00:00,2025-07-26T11:00:00,sd,351848,1.004269e-05,1.979975e-04,5.919726e-06
persistence,test,624,2025-07-26T06:00:00,2025-07-26T12:00:00,swvl1,351848,4.012604e-03,9.354065e-03,3.644124e-04
persistence,test,624,2025-07-26T06:00:00,2025-07-26T12:00:00,stl1,351848,2.957701e+00,5.311132e+00,-1.417815e+00
persistence,test,624,2025-07-26T06:00:00,2025-07-26T12:00:00,sd,351848,1.106019e-05,2.382689e-04,6.862808e-06
persistence,test,625,2025-07-26T07:00:00,2025-07-26T13:00:00,swvl1,351848,4.015848e-03,9.512964e-03,2.398816e-04
persistence,test,625,2025-07-26T07:00:00,2025-07-26T13:00:00,stl1,351848,2.856155e+00,5.124709e+00,-1.219209e+00
persistence,test,625,2025-07-26T07:00:00,2025-07-26T13:00:00,sd,351848,1.161813e-05,2.640029e-04,7.284907e-06
persistence,test,626,2025-07-26T08:00:00,2025-07-26T14:00:00,swvl1,351848,4.021062e-03,9.676634e-03,1.005366e-04
persistence,test,626,2025-07-26T08:00:00,2025-07-26T14:00:00,stl1,351848,2.682673e+00,4.594539e+00,-7.180881e-01
persistence,test,626,2025-07-26T08:00:00,2025-07-26T14:00:00,sd,351848,1.196970e-05,2.807531e-04,7.453802e-06
persistence,test,627,2025-07-26T09:00:00,2025-07-26T15:00:00,swvl1,351848,4.050230e-03,9.944433e-03,-2.693489e-05
persistence,test,627,2025-07-26T09:00:00,2025-07-26T15:00:00,stl1,351848,2.649960e+00,4.364984e+00,-3.656609e-01
persistence,test,627,2025-07-26T09:00:00,2025-07-26T15:00:00,sd,351848,1.201429e-05,2.816898e-04,7.242307e-06
persistence,test,628,2025-07-26T10:00:00,2025-07-26T16:00:00,swvl1,351848,3.313584e-03,8.911020e-03,8.095633e-05
persistence,test,628,2025-07-26T10:00:00,2025-07-26T16:00:00,stl1,351848,2.455384e+00,3.897271e+00,-2.765897e-02
persistence,test,628,2025-07-26T10:00:00,2025-07-26T16:00:00,sd,351848,8.285098e-06,1.657170e-04,3.578883e-06
persistence,test,629,2025-07-26T11:00:00,2025-07-26T17:00:00,swvl1,351848,3.297147e-03,8.902007e-03,6.245724e-05
persistence,test,629,2025-07-26T11:00:00,2025-07-26T17:00:00,stl1,351848,2.863232e+00,4.322252e+00,4.713034e-01
persistence,test,629,2025-07-26T11:00:00,2025-07-26T17:00:00,sd,351848,6.479029e-06,1.102257e-04,1.386431e-06
persistence,test,630,2025-07-26T12:00:00,2025-07-26T18:00:00,swvl1,351848,3.312435e-03,8.913065e-03,6.247762e-05
persistence,test,630,2025-07-26T12:00:00,2025-07-26T18:00:00,stl1,351848,3.112283e+00,4.652796e+00,7.322629e-01
persistence,test,630,2025-07-26T12:00:00,2025-07-26T18:00:00,sd,351848,5.716945e-06,9.379869e-05,2.075300e-07
persistence,test,631,2025-07-26T13:00:00,2025-07-26T19:00:00,swvl1,351848,3.364910e-03,9.073435e-03,2.869646e-05
persistence,test,631,2025-07-26T13:00:00,2025-07-26T19:00:00,stl1,351848,3.305190e+00,4.933024e+00,9.310429e-01
persistence,test,631,2025-07-26T13:00:00,2025-07-26T19:00:00,sd,351848,5.608008e-06,9.618035e-05,-4.222347e-07
persistence,test,632,2025-07-26T14:00:00,2025-07-26T20:00:00,swvl1,351848,3.374802e-03,9.156042e-03,1.568136e-05
persistence,test,632,2025-07-26T14:00:00,2025-07-26T20:00:00,stl1,351848,3.293297e+00,5.009300e+00,1.171370e+00
persistence,test,632,2025-07-26T14:00:00,2025-07-26T20:00:00,sd,351848,6.054415e-06,1.052934e-04,-7.735634e-07
persistence,test,633,2025-07-26T15:00:00,2025-07-26T21:00:00,swvl1,351848,3.370529e-03,9.251776e-03,-1.550786e-05
persistence,test,633,2025-07-26T15:00:00,2025-07-26T21:00:00,stl1,351848,3.024776e+00,4.818900e+00,1.311890e+00
persistence,test,633,2025-07-26T15:00:00,2025-07-26T21:00:00,sd,351848,6.267003e-06,1.098064e-04,-7.942714e-07
persistence,test,634,2025-07-26T16:00:00,2025-07-26T22:00:00,swvl1,351848,3.768753e-03,9.423933e-03,-3.361084e-04
persistence,test,634,2025-07-26T16:00:00,2025-07-26T22:00:00,stl1,351848,2.873928e+00,4.709384e+00,1.347005e+00
persistence,test,634,2025-07-26T16:00:00,2025-07-26T22:00:00,sd,351848,6.542582e-06,1.144170e-04,-1.006566e-06
persistence,test,635,2025-07-26T17:00:00,2025-07-26T23:00:00,swvl1,351848,3.750105e-03,9.527229e-03,-3.896621e-04
persistence,test,635,2025-07-26T17:00:00,2025-07-26T23:00:00,stl1,351848,2.484206e+00,4.052088e+00,1.198088e+00
persistence,test,635,2025-07-26T17:00:00,2025-07-26T23:00:00,sd,351848,6.399572e-06,1.140254e-04,-1.257009e-06
persistence,test,636,2025-07-26T18:00:00,2025-07-27T00:00:00,swvl1,351848,3.744085e-03,9.660876e-03,-4.261654e-04
persistence,test,636,2025-07-26T18:00:00,2025-07-27T00:00:00,stl1,351848,2.315638e+00,3.691795e+00,1.184822e+00
persistence,test,636,2025-07-26T18:00:00,2025-07-27T00:00:00,sd,351848,7.255469e-06,1.300192e-04,-1.487155e-06
persistence,test,637,2025-07-26T19:00:00,2025-07-27T01:00:00,swvl1,351848,3.850179e-03,9.922864e-03,-3.745648e-04
persistence,test,637,2025-07-26T19:00:00,2025-07-27T01:00:00,stl1,351848,2.279668e+00,3.538682e+00,1.161801e+00
persistence,test,637,2025-07-26T19:00:00,2025-07-27T01:00:00,sd,351848,7.231204e-06,1.283735e-04,-1.832561e-06
persistence,test,638,2025-07-26T20:00:00,2025-07-27T02:00:00,swvl1,351848,3.988988e-03,1.020842e-02,-2.735610e-04
persistence,test,638,2025-07-26T20:00:00,2025-07-27T02:00:00,stl1,351848,2.332404e+00,3.527399e+00,5.891293e-01
persistence,test,638,2025-07-26T20:00:00,2025-07-27T02:00:00,sd,351848,7.214573e-06,1.249639e-04,-2.081524e-06
persistence,test,639,2025-07-26T21:00:00,2025-07-27T03:00:00,swvl1,351848,4.151888e-03,1.046077e-02,-1.107064e-04
persistence,test,639,2025-07-26T21:00:00,2025-07-27T03:00:00,stl1,351848,2.466954e+00,3.695380e+00,3.976001e-01
persistence,test,639,2025-07-26T21:00:00,2025-07-27T03:00:00,sd,351848,7.139428e-06,1.195061e-04,-2.131678e-06
persistence,test,640,2025-07-26T22:00:00,2025-07-27T04:00:00,swvl1,351848,3.277152e-03,8.918677e-03,2.919060e-04
persistence,test,640,2025-07-26T22:00:00,2025-07-27T04:00:00,stl1,351848,2.298488e+00,3.615279e+00,2.628626e-01
persistence,test,640,2025-07-26T22:00:00,2025-07-27T04:00:00,sd,351848,6.597718e-06,1.067603e-04,-1.897873e-06
persistence,test,641,2025-07-26T23:00:00,2025-07-27T05:00:00,swvl1,351848,3.412529e-03,9.048798e-03,4.239460e-04
persistence,test,641,2025-07-26T23:00:00,2025-07-27T05:00:00,stl1,351848,2.655419e+00,4.164094e+00,-3.560173e-01
persistence,test,641,2025-07-26T23:00:00,2025-07-27T05:00:00,sd,351848,6.469838e-06,9.966111e-05,-1.617588e-06
persistence,test,642,2025-07-27T00:00:00,2025-07-27T06:00:00,swvl1,351848,3.558851e-03,9.283090e-03,5.392820e-04
persistence,test,642,2025-07-27T00:00:00,2025-07-27T06:00:00,stl1,351848,2.761408e+00,4.403126e+00,-6.611117e-01
persistence,test,642,2025-07-27T00:00:00,2025-07-27T06:00:00,sd,351848,4.964480e-06,8.007698e-05,-1.392559e-06
persistence,test,643,2025-07-27T01:00:00,2025-07-27T07:00:00,swvl1,351848,3.696180e-03,9.511803e-03,6.094939e-04
persistence,test,643,2025-07-27T01:00:00,2025-07-27T07:00:00,stl1,351848,2.861193e+00,4.619601e+00,-1.026094e+00
persistence,test,643,2025-07-27T01:00:00,2025-07-27T07:00:00,sd,351848,4.779105e-06,7.674051e-05,-1.074074e-06
persistence,test,644,2025-07-27T02:00:00,2025-07-27T08:00:00,swvl1,351848,3.804289e-03,9.711623e-03,6.256078e-04
persistence,test,644,2025-07-27T02:00:00,2025-07-27T08:00:00,stl1,351848,2.793144e+00,4.569256e+00,-1.164404e+00
persistence,test,644,2025-07-27T02:00:00,2025-07-27T08:00:00,sd,351848,4.659332e-06,7.615646e-05,-8.228805e-07
persistence,test,645,2025-07-27T03:00:00,2025-07-27T09:00:00,swvl1,351848,3.867772e-03,9.838074e-03,5.663438e-04
persistence,test,645,2025-07-27T03:00:00,2025-07-27T09:00:00,stl1,351848,2.946088e+00,4.908265e+00,-1.473683e+00
persistence,test,645,2025-07-27T03:00:00,2025-07-27T09:00:00,sd,351848,4.500886e-06,7.594924e-05,-7.323588e-07
persistence,test,646,2025-07-27T04:00:00,2025-07-27T10:00:00,swvl1,351848,4.232317e-03,1.011359e-02,3.321849e-04
persistence,test,646,2025-07-27T04:00:00,2025-07-27T10:00:00,stl1,351848,3.250258e+00,5.424949e+00,-1.627941e+00
persistence,test,646,2025-07-27T04:00:00,2025-07-27T10:00:00,sd,351848,6.291690e-06,1.489782e-04,2.675556e-06
persistence,test,647,2025-07-27T05:00:00,2025-07-27T11:00:00,swvl1,351848,4.213384e-03,1.014853e-02,2.602504e-04
persistence,test,647,2025-07-27T05:00:00,2025-07-27T11:00:00,stl1,351848,2.967996e+00,5.134084e+00,-1.349738e+00
persistence,test,647,2025-07-27T05:00:00,2025-07-27T11:00:00,sd,351848,7.343307e-06,1.635127e-04,3.406655e-06
persistence,test,648,2025-07-27T06:00:00,2025-07-27T12:00:00,swvl1,351848,4.182990e-03,1.024727e-02,1.759170e-04
persistence,test,648,2025-07-27T06:00:00,2025-07-27T12:00:00,stl1,351848,3.019020e+00,5.236650e+00,-1.318713e+00
persistence,test,648,2025-07-27T06:00:00,2025-07-27T12:00:00,sd,351848,8.017049e-06,1.770900e-04,3.792008e-06
persistence,test,649,2025-07-27T07:00:00,2025-07-27T13:00:00,swvl1,351848,4.190331e-03,1.048257e-02,8.413502e-05
persistence,test,649,2025-07-27T07:00:00,2025-07-27T13:00:00,stl1,351848,2.938404e+00,5.032745e+00,-1.157818e+00
persistence,test,649,2025-07-27T07:00:00,2025-07-27T13:00:00,sd,351848,8.502511e-06,1.880478e-04,3.980917e-06
persistence,test,650,2025-07-27T08:00:00,2025-07-27T14:00:00,swvl1,351848,4.194266e-03,1.074896e-02,-2.420180e-05
persistence,test,650,2025-07-27T08:00:00,2025-07-27T14:00:00,stl1,351848,2.717055e+00,4.516353e+00,-6.504464e-01
persistence,test,650,2025-07-27T08:00:00,2025-07-27T14:00:00,sd,351848,8.856531e-06,1.961805e-04,4.071187e-06
persistence,test,651,2025-07-27T09:00:00,2025-07-27T15:00:00,swvl1,351848,4.200326e-03,1.093471e-02,-1.142087e-04
persistence,test,651,2025-07-27T09:00:00,2025-07-27T15:00:00,stl1,351848,2.618487e+00,4.243062e+00,-3.245344e-01
persistence,test,651,2025-07-27T09:00:00,2025-07-27T15:00:00,sd,351848,8.917056e-06,1.967281e-04,4.003994e-06
persistence,test,652,2025-07-27T10:00:00,2025-07-27T16:00:00,swvl1,351848,3.395022e-03,9.580465e-03,-1.684807e-05
persistence,test,652,2025-07-27T10:00:00,2025-07-27T16:00:00,stl1,351848,2.445935e+00,3.869770e+00,-4.911132e-02
persistence,test,652,2025-07-27T10:00:00,2025-07-27T16:00:00,sd,351848,5.396253e-06,9.547607e-05,6.221673e-07
persistence,test,653,2025-07-27T11:00:00,2025-07-27T17:00:00,swvl1,351848,3.379213e-03,9.541119e-03,-5.937519e-05
persistence,test,653,2025-07-27T11:00:00,2025-07-27T17:00:00,stl1,351848,2.884323e+00,4.321594e+00,4.321682e-01
persistence,test,653,2025-07-27T11:00:00,2025-07-27T17:00:00,sd,351848,4.579709e-06,7.680366e-05,-7.765775e-08
persistence,test,654,2025-07-27T12:00:00,2025-07-27T18:00:00,swvl1,351848,3.403900e-03,9.498027e-03,-8.400070e-05
persistence,test,654,2025-07-27T12:00:00,2025-07-27T18:00:00,stl1,351848,3.094733e+00,4.623092e+00,6.928396e-01
persistence,test,654,2025-07-27T12:00:00,2025-07-27T18:00:00,sd,351848,4.382029e-06,7.540195e-05,-4.734030e-07
persistence,test,655,2025-07-27T13:00:00,2025-07-27T19:00:00,swvl1,351848,3.440546e-03,9.530662e-03,-9.888469e-05
persistence,test,655,2025-07-27T13:00:00,2025-07-27T19:00:00,stl1,351848,3.288675e+00,4.887331e+00,9.010874e-01
persistence,test,655,2025-07-27T13:00:00,2025-07-27T19:00:00,sd,351848,4.693470e-06,8.441542e-05,-7.409619e-07
persistence,test,656,2025-07-27T14:00:00,2025-07-27T20:00:00,swvl1,351848,3.448842e-03,9.532966e-03,-9.584880e-05
persistence,test,656,2025-07-27T14:00:00,2025-07-27T20:00:00,stl1,351848,3.306613e+00,5.016829e+00,1.089472e+00
persistence,test,656,2025-07-27T14:00:00,2025-07-27T20:00:00,sd,351848,5.203963e-06,9.681545e-05,-1.070249e-06
persistence,test,657,2025-07-27T15:00:00,2025-07-27T21:00:00,swvl1,351848,3.424333e-03,9.502957e-03,-8.088102e-05
persistence,test,657,2025-07-27T15:00:00,2025-07-27T21:00:00,stl1,351848,3.043036e+00,4.820546e+00,1.235503e+00
persistence,test,657,2025-07-27T15:00:00,2025-07-27T21:00:00,sd,351848,5.605124e-06,1.057679e-04,-1.374933e-06
persistence,test,658,2025-07-27T16:00:00,2025-07-27T22:00:00,swvl1,351848,3.840823e-03,9.811073e-03,-3.195496e-04
persistence,test,658,2025-07-27T16:00:00,2025-07-27T22:00:00,stl1,351848,2.875199e+00,4.678109e+00,1.245452e+00
persistence,test,658,2025-07-27T16:00:00,2025-07-27T22:00:00,sd,351848,6.076584e-06,1.274793e-04,-2.233416e-06
persistence,test,659,2025-07-27T17:00:00,2025-07-27T23:00:00,swvl1,351848,3.781228e-03,9.685623e-03,-3.204010e-04
persistence,test,659,2025-07-27T17:00:00,2025-07-27T23:00:00,stl1,351848,2.439228e+00,3.990345e+00,1.080224e+00
persistence,test,659,2025-07-27T17:00:00,2025-07-27T23:00:00,sd,351848,6.319805e-06,1.428970e-04,-3.041391e-06
persistence,test,660,2025-07-27T18:00:00,2025-07-28T00:00:00,swvl1,351848,3.744809e-03,9.659738e-03,-3.202022e-04
persistence,test,660,2025-07-27T18:00:00,2025-07-28T00:00:00,stl1,351848,2.268963e+00,3.629957e+00,1.099221e+00
persistence,test,660,2025-07-27T18:00:00,2025-07-28T00:00:00,sd,351848,6.966364e-06,1.582849e-04,-4.290494e-06
persistence,test,661,2025-07-27T19:00:00,2025-07-28T01:00:00,swvl1,351848,3.805114e-03,9.791756e-03,-2.815467e-04
persistence,test,661,2025-07-27T19:00:00,2025-07-28T01:00:00,stl1,351848,2.223866e+00,3.475922e+00,1.111691e+00
persistence,test,661,2025-07-27T19:00:00,2025-07-28T01:00:00,sd,351848,7.527362e-06,1.697891e-04,-5.057400e-06
persistence,test,662,2025-07-27T20:00:00,2025-07-28T02:00:00,swvl1,351848,3.905889e-03,1.001801e-02,-1.936114e-04
persistence,test,662,2025-07-27T20:00:00,2025-07-28T02:00:00,stl1,351848,2.312548e+00,3.495228e+00,5.624963e-01
persistence,test,662,2025-07-27T20:00:00,2025-07-28T02:00:00,sd,351848,8.011281e-06,1.768502e-04,-5.536842e-06
persistence,test,663,2025-07-27T21:00:00,2025-07-28T03:00:00,swvl1,351848,4.040161e-03,1.030257e-02,-8.141191e-05
persistence,test,663,2025-07-27T21:00:00,2025-07-28T03:00:00,stl1,351848,2.444511e+00,3.686101e+00,3.854607e-01
persistence,test,663,2025-07-27T21:00:00,2025-07-28T03:00:00,sd,351848,8.456796e-06,1.802972e-04,-5.793686e-06
persistence,test,664,2025-07-27T22:00:00,2025-07-28T04:00:00,swvl1,351848,3.216801e-03,9.027818e-03,3.157546e-04
persistence,test,664,2025-07-27T22:00:00,2025-07-28T04:00:00,stl1,351848,2.291149e+00,3.562576e+00,2.827081e-01
persistence,test,664,2025-07-27T22:00:00,2025-07-28T04:00:00,sd,351848,7.913083e-06,1.536034e-04,-5.571181e-06
persistence,test,665,2025-07-27T23:00:00,2025-07-28T05:00:00,swvl1,351848,3.307812e-03,9.007342e-03,4.788021e-04
persistence,test,665,2025-07-27T23:00:00,2025-07-28T05:00:00,stl1,351848,2.642925e+00,4.068087e+00,-3.175566e-01
persistence,test,665,2025-07-27T23:00:00,2025-07-28T05:00:00,sd,351848,8.024202e-06,1.482394e-04,-5.500085e-06
persistence,test,666,2025-07-28T00:00:00,2025-07-28T06:00:00,swvl1,351848,3.416860e-03,9.040430e-03,6.150352e-04
persistence,test,666,2025-07-28T00:00:00,2025-07-28T06:00:00,stl1,351848,2.778625e+00,4.368185e+00,-6.196888e-01
persistence,test,666,2025-07-28T00:00:00,2025-07-28T06:00:00,sd,351848,7.710600e-06,1.392862e-04,-4.864040e-06
persistence,test,667,2025-07-28T01:00:00,2025-07-28T07:00:00,swvl1,351848,3.519821e-03,9.076153e-03,6.987337e-04
persistence,test,667,2025-07-28T01:00:00,2025-07-28T07:00:00,stl1,351848,2.879156e+00,4.601323e+00,-9.679795e-01
persistence,test,667,2025-07-28T01:00:00,2025-07-28T07:00:00,sd,351848,7.835312e-06,1.334455e-04,-4.570358e-06
persistence,test,668,2025-07-28T02:00:00,2025-07-28T08:00:00,swvl1,351848,3.605443e-03,9.114892e-03,7.250761e-04
persistence,test,668,2025-07-28T02:00:00,2025-07-28T08:00:00,stl1,351848,2.801159e+00,4.581699e+00,-1.091572e+00
persistence,test,668,2025-07-28T02:00:00,2025-07-28T08:00:00,sd,351848,7.928522e-06,1.296116e-04,-4.352986e-06
persistence,test,669,2025-07-28T03:00:00,2025-07-28T09:00:00,swvl1,351848,3.656065e-03,9.128256e-03,7.216979e-04
persistence,test,669,2025-07-28T03:00:00,2025-07-28T09:00:00,stl1,351848,2.922818e+00,4.853772e+00,-1.335884e+00
persistence,test,669,2025-07-28T03:00:00,2025-07-28T09:00:00,sd,351848,7.856416e-06,1.246183e-04,-4.135983e-06
persistence,test,670,2025-07-28T04:00:00,2025-07-28T10:00:00,swvl1,351848,4.033835e-03,9.285254e-03,4.046927e-04
persistence,test,670,2025-07-28T04:00:00,2025-07-28T10:00:00,stl1,351848,3.205065e+00,5.306930e+00,-1.523651e+00
persistence,test,670,2025-07-28T04:00:00,2025-07-28T10:00:00,sd,351848,9.707335e-06,2.034954e-04,-3.161387e-07
persistence,test,671,2025-07-28T05:00:00,2025-07-28T11:00:00,swvl1,351848,4.007763e-03,9.231358e-03,3.261751e-04
persistence,test,671,2025-07-28T05:00:00,2025-07-28T11:00:00,stl1,351848,2.934818e+00,5.034868e+00,-1.227181e+00
persistence,test,671,2025-07-28T05:00:00,2025-07-28T11:00:00,sd,351848,9.776300e-06,2.075638e-04,8.769354e-07
persistence,test,672,2025-07-28T06:00:00,2025-07-28T12:00:00,swvl1,351848,3.951311e-03,9.145907e-03,2.456106e-04
persistence,test,672,2025-07-28T06:00:00,2025-07-28T12:00:00,stl1,351848,2.926488e+00,5.091603e+00,-1.184076e+00
persistence,test,672,2025-07-28T06:00:00,2025-07-28T12:00:00,sd,351848,9.789937e-06,2.143657e-04,1.807850e-06
persistence,test,673,2025-07-28T07:00:00,2025-07-28T13:00:00,swvl1,351848,3.955258e-03,9.298785e-03,1.738849e-04
persistence,test,673,2025-07-28T07:00:00,2025-07-28T13:00:00,stl1,351848,2.837341e+00,4.908391e+00,-1.031583e+00
persistence,test,673,2025-07-28T07:00:00,2025-07-28T13:00:00,sd,351848,9.901407e-06,2.213179e-04,2.674008e-06
persistence,test,674,2025-07-28T08:00:00,2025-07-28T14:00:00,swvl1,351848,3.986393e-03,9.589091e-03,1.067804e-04
persistence,test,674,2025-07-28T08:00:00,2025-07-28T14:00:00,stl1,351848,2.676161e+00,4.478241e+00,-5.821807e-01
persistence,test,674,2025-07-28T08:00:00,2025-07-28T14:00:00,sd,351848,1.012615e-05,2.285078e-04,3.530531e-06
persistence,test,675,2025-07-28T09:00:00,2025-07-28T15:00:00,swvl1,351848,4.012776e-03,9.783692e-03,3.033608e-05
persistence,test,675,2025-07-28T09:00:00,2025-07-28T15:00:00,stl1,351848,2.661030e+00,4.292265e+00,-3.136790e-01
persistence,test,675,2025-07-28T09:00:00,2025-07-28T15:00:00,sd,351848,1.034338e-05,2.304308e-04,4.122013e-06
persistence,test,676,2025-07-28T10:00:00,2025-07-28T16:00:00,swvl1,351848,3.231260e-03,8.529144e-03,2.531649e-04
persistence,test,676,2025-07-28T10:00:00,2025-07-28T16:00:00,stl1,351848,2.490283e+00,3.946540e+00,-7.355120e-02
persistence,test,676,2025-07-28T10:00:00,2025-07-28T16:00:00,sd,351848,5.833818e-06,1.025997e-04,1.310484e-06
persistence,test,677,2025-07-28T11:00:00,2025-07-28T17:00:00,swvl1,351848,3.253160e-03,8.639248e-03,2.281524e-04
persistence,test,677,2025-07-28T11:00:00,2025-07-28T17:00:00,stl1,351848,2.973882e+00,4.451039e+00,3.857559e-01
persistence,test,677,2025-07-28T11:00:00,2025-07-28T17:00:00,sd,351848,5.399437e-06,9.060182e-05,1.360394e-06
persistence,test,678,2025-07-28T12:00:00,2025-07-28T18:00:00,swvl1,351848,3.287856e-03,8.805440e-03,2.208980e-04
persistence,test,678,2025-07-28T12:00:00,2025-07-28T18:00:00,stl1,351848,3.173538e+00,4.769491e+00,6.064184e-01
persistence,test,678,2025-07-28T12:00:00,2025-07-28T18:00:00,sd,351848,5.628188e-06,9.372215e-05,1.709376e-06
persistence,test,679,2025-07-28T13:00:00,2025-07-28T19:00:00,swvl1,351848,3.337122e-03,8.984858e-03,1.761296e-04
persistence,test,679,2025-07-28T13:00:00,2025-07-28T19:00:00,stl1,351848,3.360266e+00,5.021094e+00,7.827475e-01
persistence,test,679,2025-07-28T13:00:00,2025-07-28T19:00:00,sd,351848,6.105274e-06,1.043179e-04,2.010010e-06
persistence,test,680,2025-07-28T14:00:00,2025-07-28T20:00:00,swvl1,351848,3.367770e-03,9.119213e-03,1.315365e-04
persistence,test,680,2025-07-28T14:00:00,2025-07-28T20:00:00,stl1,351848,3.344307e+00,5.072891e+00,1.009392e+00
persistence,test,680,2025-07-28T14:00:00,2025-07-28T20:00:00,sd,351848,6.541034e-06,1.150201e-04,2.046588e-06
persistence,test,681,2025-07-28T15:00:00,2025-07-28T21:00:00,swvl1,351848,3.348108e-03,9.116507e-03,1.018885e-04
persistence,test,681,2025-07-28T15:00:00,2025-07-28T21:00:00,stl1,351848,3.029810e+00,4.795046e+00,1.171464e+00
persistence,test,681,2025-07-28T15:00:00,2025-07-28T21:00:00,sd,351848,6.811892e-06,1.229139e-04,1.954102e-06
persistence,test,682,2025-07-28T16:00:00,2025-07-28T22:00:00,swvl1,351848,3.760611e-03,9.194662e-03,-2.199384e-04
persistence,test,682,2025-07-28T16:00:00,2025-07-28T22:00:00,stl1,351848,2.905668e+00,4.650082e+00,1.235749e+00
persistence,test,682,2025-07-28T16:00:00,2025-07-28T22:00:00,sd,351848,6.495311e-06,1.202212e-04,5.172828e-07
persistence,test,683,2025-07-28T17:00:00,2025-07-28T23:00:00,swvl1,351848,3.716666e-03,9.103610e-03,-2.885817e-04
persistence,test,683,2025-07-28T17:00:00,2025-07-28T23:00:00,stl1,351848,2.468954e+00,3.983386e+00,1.111141e+00
persistence,test,683,2025-07-28T17:00:00,2025-07-28T23:00:00,sd,351848,6.297555e-06,1.199768e-04,-3.028140e-07
persistence,test,684,2025-07-28T18:00:00,2025-07-29T00:00:00,swvl1,351848,3.655342e-03,9.046498e-03,-3.283694e-04
persistence,test,684,2025-07-28T18:00:00,2025-07-29T00:00:00,stl1,351848,2.278234e+00,3.614130e+00,1.162951e+00
persistence,test,684,2025-07-28T18:00:00,2025-07-29T00:00:00,sd,351848,7.500550e-06,1.316555e-04,-1.403808e-07
persistence,test,685,2025-07-28T19:00:00,2025-07-29T01:00:00,swvl1,351848,3.690607e-03,9.251751e-03,-3.104603e-04
persistence,test,685,2025-07-28T19:00:00,2025-07-29T01:00:00,stl1,351848,2.249268e+00,3.477524e+00,1.179213e+00
persistence,test,685,2025-07-28T19:00:00,2025-07-29T01:00:00,sd,351848,7.466319e-06,1.372953e-04,-1.019883e-06
persistence,test,686,2025-07-28T20:00:00,2025-07-29T02:00:00,swvl1,351848,3.785838e-03,9.607392e-03,-2.670338e-04
persistence,test,686,2025-07-28T20:00:00,2025-07-29T02:00:00,stl1,351848,2.277046e+00,3.449447e+00,6.097264e-01
persistence,test,686,2025-07-28T20:00:00,2025-07-29T02:00:00,sd,351848,7.653436e-06,1.444142e-04,-1.629834e-06
persistence,test,687,2025-07-28T21:00:00,2025-07-29T03:00:00,swvl1,351848,3.947609e-03,1.020746e-02,-2.004104e-04
persistence,test,687,2025-07-28T21:00:00,2025-07-29T03:00:00,stl1,351848,2.426282e+00,3.660572e+00,4.421327e-01
persistence,test,687,2025-07-28T21:00:00,2025-07-29T03:00:00,sd,351848,7.870304e-06,1.482659e-04,-1.753537e-06
persistence,test,688,2025-07-28T22:00:00,2025-07-29T04:00:00,swvl1,351848,3.158717e-03,9.075693e-03,1.631458e-04
persistence,test,688,2025-07-28T22:00:00,2025-07-29T04:00:00,stl1,351848,2.320578e+00,3.584241e+00,3.223141e-01
persistence,test,688,2025-07-28T22:00:00,2025-07-29T04:00:00,sd,351848,7.493882e-06,1.403767e-04,-6.680285e-07
persistence,test,689,2025-07-28T23:00:00,2025-07-29T05:00:00,swvl1,351848,3.292915e-03,9.546909e-03,2.839064e-04
persistence,test,689,2025-07-28T23:00:00,2025-07-29T05:00:00,stl1,351848,2.683134e+00,4.101161e+00,-2.497024e-01
persistence,test,689,2025-07-28T23:00:00,2025-07-29T05:00:00,sd,351848,7.390922e-06,1.361674e-04,-3.675618e-07
persistence,test,690,2025-07-29T00:00:00,2025-07-29T06:00:00,swvl1,351848,3.453569e-03,9.964841e-03,3.774401e-04
persistence,test,690,2025-07-29T00:00:00,2025-07-29T06:00:00,stl1,351848,2.760277e+00,4.304862e+00,-5.673485e-01
persistence,test,690,2025-07-29T00:00:00,2025-07-29T06:00:00,sd,351848,6.120998e-06,1.239243e-04,-1.042955e-06
persistence,test,691,2025-07-29T01:00:00,2025-07-29T07:00:00,swvl1,351848,3.590498e-03,1.019389e-02,4.563309e-04
persistence,test,691,2025-07-29T01:00:00,2025-07-29T07:00:00,stl1,351848,2.842698e+00,4.511864e+00,-9.236489e-01
persistence,test,691,2025-07-29T01:00:00,2025-07-29T07:00:00,sd,351848,6.131124e-06,1.163542e-04,-5.217036e-07
persistence,test,692,2025-07-29T02:00:00,2025-07-29T08:00:00,swvl1,351848,3.680163e-03,1.022801e-02,5.023437e-04
persistence,test,692,2025-07-29T02:00:00,2025-07-29T08:00:00,stl1,351848,2.753150e+00,4.483660e+00,-1.049546e+00
persistence,test,692,2025-07-29T02:00:00,2025-07-29T08:00:00,sd,351848,6.164455e-06,1.080494e-04,-5.007327e-08
persistence,test,693,2025-07-29T03:00:00,2025-07-29T09:00:00,swvl1,351848,3.732480e-03,1.015278e-02,4.922120e-04
persistence,test,693,2025-07-29T03:00:00,2025-07-29T09:00:00,stl1,351848,2.870480e+00,4.810565e+00,-1.327689e+00
persistence,test,693,2025-07-29T03:00:00,2025-07-29T09:00:00,sd,351848,6.014980e-06,1.003939e-04,3.714404e-07
persistence,test,694,2025-07-29T04:00:00,2025-07-29T10:00:00,swvl1,351848,4.189444e-03,1.048873e-02,1.947765e-04
persistence,test,694,2025-07-29T04:00:00,2025-07-29T10:00:00,stl1,351848,3.147691e+00,5.277444e+00,-1.487838e+00
persistence,test,694,2025-07-29T04:00:00,2025-07-29T10:00:00,sd,351848,5.882034e-06,9.189736e-05,1.126483e-06
persistence,test,695,2025-07-29T05:00:00,2025-07-29T11:00:00,swvl1,351848,4.171304e-03,1.045655e-02,1.092261e-04
persistence,test,695,2025-07-29T05:00:00,2025-07-29T11:00:00,stl1,351848,2.900806e+00,5.031401e+00,-1.233770e+00
persistence,test,695,2025-07-29T05:00:00,2025-07-29T11:00:00,sd,351848,5.767547e-06,9.220677e-05,1.662916e-06
persistence,test,696,2025-07-29T06:00:00,2025-07-29T12:00:00,swvl1,351848,4.133132e-03,1.047681e-02,2.999576e-05
persistence,test,696,2025-07-29T06:00:00,2025-07-29T12:00:00,stl1,351848,2.945954e+00,5.128822e+00,-1.200507e+00
persistence,test,696,2025-07-29T06:00:00,2025-07-29T12:00:00,sd,351848,5.528716e-06,9.259287e-05,1.959642e-06
persistence,test,697,2025-07-29T07:00:00,2025-07-29T13:00:00,swvl1,351848,4.171249e-03,1.067013e-02,-5.566012e-05
persistence,test,697,2025-07-29T07:00:00,2025-07-29T13:00:00,stl1,351848,2.830003e+00,4.948272e+00,-1.068977e+00
persistence,test,697,2025-07-29T07:00:00,2025-07-29T13:00:00,sd,351848,5.393767e-06,9.435842e-05,2.153072e-06
persistence,test,698,2025-07-29T08:00:00,2025-07-29T14:00:00,swvl1,351848,4.216459e-03,1.088291e-02,-1.313983e-04
persistence,test,698,2025-07-29T08:00:00,2025-07-29T14:00:00,stl1,351848,2.658234e+00,4.461676e+00,-6.201423e-01
persistence,test,698,2025-07-29T08:00:00,2025-07-29T14:00:00,sd,351848,5.508450e-06,9.858993e-05,2.554246e-06
persistence,test,699,2025-07-29T09:00:00,2025-07-29T15:00:00,swvl1,351848,4.273512e-03,1.111251e-02,-1.613746e-04
persistence,test,699,2025-07-29T09:00:00,2025-07-29T15:00:00,stl1,351848,2.700271e+00,4.324552e+00,-3.117667e-01
persistence,test,699,2025-07-29T09:00:00,2025-07-29T15:00:00,sd,351848,6.036190e-06,1.068989e-04,3.123744e-06
persistence,test,700,2025-07-29T10:00:00,2025-07-29T16:00:00,swvl1,351848,3.359816e-03,9.245572e-03,8.580138e-05
persistence,test,700,2025-07-29T10:00:00,2025-07-29T16:00:00,stl1,351848,2.549511e+00,3.957354e+00,-1.295892e-01
persistence,test,700,2025-07-29T10:00:00,2025-07-29T16:00:00,sd,351848,6.449737e-06,1.083318e-04,3.557875e-06
persistence,test,701,2025-07-29T11:00:00,2025-07-29T17:00:00,swvl1,351848,3.377204e-03,9.260327e-03,9.696223e-05
persistence,test,701,2025-07-29T11:00:00,2025-07-29T17:00:00,stl1,351848,2.998650e+00,4.438362e+00,3.057521e-01
persistence,test,701,2025-07-29T11:00:00,2025-07-29T17:00:00,sd,351848,7.328210e-06,1.304250e-04,4.359949e-06
persistence,test,702,2025-07-29T12:00:00,2025-07-29T18:00:00,swvl1,351848,3.422070e-03,9.306345e-03,9.402027e-05
persistence,test,702,2025-07-29T12:00:00,2025-07-29T18:00:00,stl1,351848,3.235734e+00,4.771920e+00,5.537012e-01
persistence,test,702,2025-07-29T12:00:00,2025-07-29T18:00:00,sd,351848,8.463705e-06,1.569445e-04,5.323677e-06
persistence,test,703,2025-07-29T13:00:00,2025-07-29T19:00:00,swvl1,351848,3.459622e-03,9.324938e-03,8.662031e-05
persistence,test,703,2025-07-29T13:00:00,2025-07-29T19:00:00,stl1,351848,3.414081e+00,5.052705e+00,7.856391e-01
persistence,test,703,2025-07-29T13:00:00,2025-07-29T19:00:00,sd,351848,9.444658e-06,1.794092e-04,6.114517e-06
persistence,test,704,2025-07-29T14:00:00,2025-07-29T20:00:00,swvl1,351848,3.442822e-03,9.301372e-03,7.827083e-05
persistence,test,704,2025-07-29T14:00:00,2025-07-29T20:00:00,stl1,351848,3.425415e+00,5.116625e+00,1.034712e+00
persistence,test,704,2025-07-29T14:00:00,2025-07-29T20:00:00,sd,351848,9.801594e-06,1.888572e-04,6.351190e-06
persistence,test,705,2025-07-29T15:00:00,2025-07-29T21:00:00,swvl1,351848,3.408655e-03,9.304119e-03,3.288727e-05
persistence,test,705,2025-07-29T15:00:00,2025-07-29T21:00:00,stl1,351848,3.088154e+00,4.831226e+00,1.186838e+00
persistence,test,705,2025-07-29T15:00:00,2025-07-29T21:00:00,sd,351848,9.424492e-06,1.804614e-04,5.974624e-06
persistence,test,706,2025-07-29T16:00:00,2025-07-29T22:00:00,swvl1,351848,3.834515e-03,9.559340e-03,-1.698440e-04
persistence,test,706,2025-07-29T16:00:00,2025-07-29T22:00:00,stl1,351848,2.975763e+00,4.754886e+00,1.294362e+00
persistence,test,706,2025-07-29T16:00:00,2025-07-29T22:00:00,sd,351848,8.941315e-06,1.651751e-04,4.723917e-06
persistence,test,707,2025-07-29T17:00:00,2025-07-29T23:00:00,swvl1,351848,3.790545e-03,9.570831e-03,-2.159761e-04
persistence,test,707,2025-07-29T17:00:00,2025-07-29T23:00:00,stl1,351848,2.509900e+00,4.049130e+00,1.178480e+00
persistence,test,707,2025-07-29T17:00:00,2025-07-29T23:00:00,sd,351848,7.992235e-06,1.449244e-04,3.176836e-06
persistence,test,708,2025-07-29T18:00:00,2025-07-30T00:00:00,swvl1,351848,3.761598e-03,9.641624e-03,-2.426052e-04
persistence,test,708,2025-07-29T18:00:00,2025-07-30T00:00:00,stl1,351848,2.323991e+00,3.692211e+00,1.217533e+00
persistence,test,708,2025-07-29T18:00:00,2025-07-30T00:00:00,sd,351848,7.896951e-06,1.354969e-04,2.384956e-06
persistence,test,709,2025-07-29T19:00:00,2025-07-30T01:00:00,swvl1,351848,3.806516e-03,9.815392e-03,-2.325298e-04
persistence,test,709,2025-07-29T19:00:00,2025-07-30T01:00:00,stl1,351848,2.289340e+00,3.545043e+00,1.226837e+00
persistence,test,709,2025-07-29T19:00:00,2025-07-30T01:00:00,sd,351848,6.998735e-06,1.275274e-04,1.161836e-06
persistence,test,710,2025-07-29T20:00:00,2025-07-30T02:00:00,swvl1,351848,3.875341e-03,9.978310e-03,-1.573803e-04
persistence,test,710,2025-07-29T20:00:00,2025-07-30T02:00:00,stl1,351848,2.297660e+00,3.479491e+00,6.642370e-01
persistence,test,710,2025-07-29T20:00:00,2025-07-30T02:00:00,sd,351848,6.402765e-06,1.243573e-04,4.484206e-07
persistence,test,711,2025-07-29T21:00:00,2025-07-30T03:00:00,swvl1,351848,3.983471e-03,1.012826e-02,-1.308970e-05
persistence,test,711,2025-07-29T21:00:00,2025-07-30T03:00:00,stl1,351848,2.451189e+00,3.685326e+00,4.763830e-01
persistence,test,711,2025-07-29T21:00:00,2025-07-30T03:00:00,sd,351848,6.177302e-06,1.233780e-04,2.227792e-07
persistence,test,712,2025-07-29T22:00:00,2025-07-30T04:00:00,swvl1,351848,3.093347e-03,8.476035e-03,3.020528e-04
persistence,test,712,2025-07-29T22:00:00,2025-07-30T04:00:00,stl1,351848,2.374245e+00,3.634168e+00,3.308358e-01
persistence,test,712,2025-07-29T22:00:00,2025-07-30T04:00:00,sd,351848,5.219728e-06,9.160503e-05,7.098321e-07
persistence,test,713,2025-07-29T23:00:00,2025-07-30T05:00:00,swvl1,351848,3.161371e-03,8.473447e-03,4.532959e-04
persistence,test,713,2025-07-29T23:00:00,2025-07-30T05:00:00,stl1,351848,2.729522e+00,4.144647e+00,-2.578690e-01
persistence,test,713,2025-07-29T23:00:00,2025-07-30T05:00:00,sd,351848,4.895046e-06,8.048265e-05,1.330107e-06
persistence,test,714,2025-07-30T00:00:00,2025-07-30T06:00:00,swvl1,351848,3.243753e-03,8.495111e-03,5.886004e-04
persistence,test,714,2025-07-30T00:00:00,2025-07-30T06:00:00,stl1,351848,2.816770e+00,4.406206e+00,-5.514314e-01
persistence,test,714,2025-07-30T00:00:00,2025-07-30T06:00:00,sd,351848,3.521741e-06,6.888029e-05,1.298091e-06
persistence,test,715,2025-07-30T01:00:00,2025-07-30T07:00:00,swvl1,351848,3.332050e-03,8.575522e-03,7.025743e-04
persistence,test,715,2025-07-30T01:00:00,2025-07-30T07:00:00,stl1,351848,2.908176e+00,4.616438e+00,-9.018523e-01
persistence,test,715,2025-07-30T01:00:00,2025-07-30T07:00:00,sd,351848,3.817972e-06,7.860886e-05,1.775977e-06
persistence,test,716,2025-07-30T02:00:00,2025-07-30T08:00:00,swvl1,351848,3.414301e-03,8.624815e-03,7.541281e-04
persistence,test,716,2025-07-30T02:00:00,2025-07-30T08:00:00,stl1,351848,2.800297e+00,4.560953e+00,-1.004808e+00
persistence,test,716,2025-07-30T02:00:00,2025-07-30T08:00:00,sd,351848,4.286279e-06,9.167330e-05,1.899458e-06
persistence,test,717,2025-07-30T03:00:00,2025-07-30T09:00:00,swvl1,351848,3.475725e-03,8.649899e-03,7.338300e-04
persistence,test,717,2025-07-30T03:00:00,2025-07-30T09:00:00,stl1,351848,2.890521e+00,4.829011e+00,-1.275420e+00
persistence,test,717,2025-07-30T03:00:00,2025-07-30T09:00:00,sd,351848,4.738944e-06,1.048229e-04,1.840733e-06
persistence,test,718,2025-07-30T04:00:00,2025-07-30T10:00:00,swvl1,351848,3.978118e-03,9.582018e-03,4.415520e-04
persistence,test,718,2025-07-30T04:00:00,2025-07-30T10:00:00,stl1,351848,3.206694e+00,5.312610e+00,-1.451992e+00
persistence,test,718,2025-07-30T04:00:00,2025-07-30T10:00:00,sd,351848,5.274628e-06,1.143404e-04,1.941164e-06
persistence,test,719,2025-07-30T05:00:00,2025-07-30T11:00:00,swvl1,351848,3.956969e-03,9.489536e-03,3.560612e-04
persistence,test,719,2025-07-30T05:00:00,2025-07-30T11:00:00,stl1,351848,2.952472e+00,5.048169e+00,-1.190661e+00
persistence,test,719,2025-07-30T05:00:00,2025-07-30T11:00:00,sd,351848,5.620289e-06,1.204430e-04,1.657980e-06
persistence,test,720,2025-07-30T06:00:00,2025-07-30T12:00:00,swvl1,351848,3.926462e-03,9.458774e-03,2.802823e-04
persistence,test,720,2025-07-30T06:00:00,2025-07-30T12:00:00,stl1,351848,2.935599e+00,5.124699e+00,-1.187340e+00
persistence,test,720,2025-07-30T06:00:00,2025-07-30T12:00:00,sd,351848,5.753647e-06,1.235119e-04,1.179194e-06
persistence,test,721,2025-07-30T07:00:00,2025-07-30T13:00:00,swvl1,351848,3.933993e-03,9.483149e-03,2.085917e-04
persistence,test,721,2025-07-30T07:00:00,2025-07-30T13:00:00,stl1,351848,2.880168e+00,4.975064e+00,-1.072675e+00
persistence,test,721,2025-07-30T07:00:00,2025-07-30T13:00:00,sd,351848,5.864251e-06,1.242772e-04,8.630171e-07
persistence,test,722,2025-07-30T08:00:00,2025-07-30T14:00:00,swvl1,351848,3.948811e-03,9.548681e-03,1.380450e-04
persistence,test,722,2025-07-30T08:00:00,2025-07-30T14:00:00,stl1,351848,2.743582e+00,4.534802e+00,-6.639470e-01
persistence,test,722,2025-07-30T08:00:00,2025-07-30T14:00:00,sd,351848,6.180013e-06,1.246229e-04,9.253932e-07
persistence,test,723,2025-07-30T09:00:00,2025-07-30T15:00:00,swvl1,351848,3.980866e-03,9.644509e-03,8.565429e-05
persistence,test,723,2025-07-30T09:00:00,2025-07-30T15:00:00,stl1,351848,2.785406e+00,4.401374e+00,-4.039759e-01
persistence,test,723,2025-07-30T09:00:00,2025-07-30T15:00:00,sd,351848,6.746347e-06,1.277614e-04,1.149059e-06
persistence,test,724,2025-07-30T10:00:00,2025-07-30T16:00:00,swvl1,351848,3.111626e-03,7.910761e-03,2.822325e-04
persistence,test,724,2025-07-30T10:00:00,2025-07-30T16:00:00,stl1,351848,2.639860e+00,4.068591e+00,-1.979032e-01
persistence,test,724,2025-07-30T10:00:00,2025-07-30T16:00:00,sd,351848,7.178478e-06,1.257320e-04,1.184371e-06
persistence,test,725,2025-07-30T11:00:00,2025-07-30T17:00:00,swvl1,351848,3.126773e-03,7.943737e-03,2.885827e-04
persistence,test,725,2025-07-30T11:00:00,2025-07-30T17:00:00,stl1,351848,3.062609e+00,4.547883e+00,2.486818e-01
persistence,test,725,2025-07-30T11:00:00,2025-07-30T17:00:00,sd,351848,8.178135e-06,1.382586e-04,1.556370e-06
persistence,test,726,2025-07-30T12:00:00,2025-07-30T18:00:00,swvl1,351848,3.201781e-03,8.126911e-03,2.885544e-04
persistence,test,726,2025-07-30T12:00:00,2025-07-30T18:00:00,stl1,351848,3.289560e+00,4.868587e+00,4.852805e-01
persistence,test,726,2025-07-30T12:00:00,2025-07-30T18:00:00,sd,351848,9.365149e-06,1.563601e-04,1.830940e-06
persistence,test,727,2025-07-30T13:00:00,2025-07-30T19:00:00,swvl1,351848,3.272221e-03,8.418992e-03,2.756047e-04
persistence,test,727,2025-07-30T13:00:00,2025-07-30T19:00:00,stl1,351848,3.466262e+00,5.104093e+00,7.137902e-01
persistence,test,727,2025-07-30T13:00:00,2025-07-30T19:00:00,sd,351848,1.045460e-05,1.742285e-04,1.843872e-06
persistence,test,728,2025-07-30T14:00:00,2025-07-30T20:00:00,swvl1,351848,3.296524e-03,8.665084e-03,2.421823e-04
persistence,test,728,2025-07-30T14:00:00,2025-07-30T20:00:00,stl1,351848,3.448553e+00,5.153841e+00,9.785634e-01
persistence,test,728,2025-07-30T14:00:00,2025-07-30T20:00:00,sd,351848,1.126263e-05,1.893701e-04,1.361844e-06
persistence,test,729,2025-07-30T15:00:00,2025-07-30T21:00:00,swvl1,351848,3.287310e-03,8.882740e-03,1.987919e-04
persistence,test,729,2025-07-30T15:00:00,2025-07-30T21:00:00,stl1,351848,3.133851e+00,4.886202e+00,1.173116e+00
persistence,test,729,2025-07-30T15:00:00,2025-07-30T21:00:00,sd,351848,1.148758e-05,1.974458e-04,3.935769e-07
persistence,test,730,2025-07-30T16:00:00,2025-07-30T22:00:00,swvl1,351848,3.641861e-03,9.096666e-03,3.431890e-05
persistence,test,730,2025-07-30T16:00:00,2025-07-30T22:00:00,stl1,351848,2.985901e+00,4.762234e+00,1.283479e+00
persistence,test,730,2025-07-30T16:00:00,2025-07-30T22:00:00,sd,351848,1.065829e-05,1.824883e-04,-1.508890e-06
persistence,test,731,2025-07-30T17:00:00,2025-07-30T23:00:00,swvl1,351848,3.574233e-03,9.143337e-03,-2.000933e-05
persistence,test,731,2025-07-30T17:00:00,2025-07-30T23:00:00,stl1,351848,2.488631e+00,4.000162e+00,1.140672e+00
persistence,test,731,2025-07-30T17:00:00,2025-07-30T23:00:00,sd,351848,9.804139e-06,1.712577e-04,-2.755697e-06
persistence,test,732,2025-07-30T18:00:00,2025-07-31T00:00:00,swvl1,351848,3.496361e-03,9.113947e-03,-4.520302e-05
persistence,test,732,2025-07-30T18:00:00,2025-07-31T00:00:00,stl1,351848,2.311672e+00,3.637573e+00,1.230042e+00
persistence,test,732,2025-07-30T18:00:00,2025-07-31T00:00:00,sd,351848,9.155651e-06,1.606000e-04,-4.028564e-06
persistence,test,733,2025-07-30T19:00:00,2025-07-31T01:00:00,swvl1,351848,3.493562e-03,9.045934e-03,-4.191497e-05
persistence,test,733,2025-07-30T19:00:00,2025-07-31T01:00:00,stl1,351848,2.252532e+00,3.468039e+00,1.228614e+00
persistence,test,733,2025-07-30T19:00:00,2025-07-31T01:00:00,sd,351848,8.502012e-06,1.527970e-04,-4.655516e-06
persistence,test,734,2025-07-30T20:00:00,2025-07-31T02:00:00,swvl1,351848,3.538237e-03,9.032908e-03,1.471556e-05
persistence,test,734,2025-07-30T20:00:00,2025-07-31T02:00:00,stl1,351848,2.318308e+00,3.438705e+00,6.761946e-01
persistence,test,734,2025-07-30T20:00:00,2025-07-31T02:00:00,sd,351848,8.058801e-06,1.489193e-04,-4.914463e-06
persistence,test,735,2025-07-30T21:00:00,2025-07-31T03:00:00,swvl1,351848,3.628110e-03,9.092047e-03,1.314423e-04
persistence,test,735,2025-07-30T21:00:00,2025-07-31T03:00:00,stl1,351848,2.484170e+00,3.661472e+00,5.242866e-01
persistence,test,735,2025-07-30T21:00:00,2025-07-31T03:00:00,sd,351848,7.984377e-06,1.499803e-04,-4.718323e-06
persistence,test,736,2025-07-30T22:00:00,2025-07-31T04:00:00,swvl1,351848,2.821155e-03,7.566540e-03,3.891840e-04
persistence,test,736,2025-07-30T22:00:00,2025-07-31T04:00:00,stl1,351848,2.370039e+00,3.624093e+00,4.285081e-01
persistence,test,736,2025-07-30T22:00:00,2025-07-31T04:00:00,sd,351848,6.890360e-06,1.273086e-04,-3.613063e-06
persistence,test,737,2025-07-30T23:00:00,2025-07-31T05:00:00,swvl1,351848,2.867367e-03,7.510991e-03,5.313621e-04
persistence,test,737,2025-07-30T23:00:00,2025-07-31T05:00:00,stl1,351848,2.741478e+00,4.159479e+00,-2.102483e-01
persistence,test,737,2025-07-30T23:00:00,2025-07-31T05:00:00,sd,351848,6.987628e-06,1.293211e-04,-3.130761e-06
persistence,test,738,2025-07-31T00:00:00,2025-07-31T06:00:00,swvl1,351848,2.971076e-03,7.683176e-03,6.359478e-04
persistence,test,738,2025-07-31T00:00:00,2025-07-31T06:00:00,stl1,351848,2.852535e+00,4.407807e+00,-5.521951e-01
persistence,test,738,2025-07-31T00:00:00,2025-07-31T06:00:00,sd,351848,6.610918e-06,1.307106e-04,-2.356983e-06
persistence,test,739,2025-07-31T01:00:00,2025-07-31T07:00:00,swvl1,351848,3.092255e-03,7.924964e-03,7.067252e-04
persistence,test,739,2025-07-31T01:00:00,2025-07-31T07:00:00,stl1,351848,2.922506e+00,4.581533e+00,-9.074364e-01
persistence,test,739,2025-07-31T01:00:00,2025-07-31T07:00:00,sd,351848,6.890097e-06,1.365186e-04,-2.011675e-06
persistence,test,740,2025-07-31T02:00:00,2025-07-31T08:00:00,swvl1,351848,3.195004e-03,8.095726e-03,7.484925e-04
persistence,test,740,2025-07-31T02:00:00,2025-07-31T08:00:00,stl1,351848,2.840915e+00,4.514621e+00,-1.056933e+00
persistence,test,740,2025-07-31T02:00:00,2025-07-31T08:00:00,sd,351848,7.283086e-06,1.484778e-04,-1.892937e-06
persistence,test,741,2025-07-31T03:00:00,2025-07-31T09:00:00,swvl1,351848,3.263410e-03,8.213045e-03,7.339277e-04
persistence,test,741,2025-07-31T03:00:00,2025-07-31T09:00:00,stl1,351848,2.958002e+00,4.814861e+00,-1.360043e+00
persistence,test,741,2025-07-31T03:00:00,2025-07-31T09:00:00,sd,351848,7.618927e-06,1.604825e-04,-2.035776e-06
persistence,test,742,2025-07-31T04:00:00,2025-07-31T10:00:00,swvl1,351848,3.701018e-03,8.404614e-03,3.939895e-04
persistence,test,742,2025-07-31T04:00:00,2025-07-31T10:00:00,stl1,351848,3.222999e+00,5.275834e+00,-1.594169e+00
persistence,test,742,2025-07-31T04:00:00,2025-07-31T10:00:00,sd,351848,9.439386e-06,2.218448e-04,7.531183e-07
persistence,test,743,2025-07-31T05:00:00,2025-07-31T11:00:00,swvl1,351848,3.711814e-03,8.499553e-03,2.577810e-04
persistence,test,743,2025-07-31T05:00:00,2025-07-31T11:00:00,stl1,351848,2.926207e+00,4.996430e+00,-1.255062e+00
persistence,test,743,2025-07-31T05:00:00,2025-07-31T11:00:00,sd,351848,9.694550e-06,2.280640e-04,6.948865e-07
persistence,test,744,2025-07-31T06:00:00,2025-07-31T12:00:00,swvl1,351848,3.710096e-03,8.660781e-03,1.164586e-04
persistence,test,744,2025-07-31T06:00:00,2025-07-31T12:00:00,stl1,351848,2.920704e+00,5.050377e+00,-1.237045e+00
persistence,test,744,2025-07-31T06:00:00,2025-07-31T12:00:00,sd,351848,1.000513e-05,2.368806e-04,3.802549e-07
persistence,test,745,2025-07-31T07:00:00,2025-07-31T13:00:00,swvl1,351848,3.753748e-03,9.018180e-03,-1.663073e-05
persistence,test,745,2025-07-31T07:00:00,2025-07-31T13:00:00,stl1,351848,2.825910e+00,4.870384e+00,-1.090998e+00
persistence,test,745,2025-07-31T07:00:00,2025-07-31T13:00:00,sd,351848,1.034306e-05,2.474503e-04,-2.824041e-08
persistence,test,746,2025-07-31T08:00:00,2025-07-31T14:00:00,swvl1,351848,3.843789e-03,9.524245e-03,-1.818074e-04
persistence,test,746,2025-07-31T08:00:00,2025-07-31T14:00:00,stl1,351848,2.616872e+00,4.336622e+00,-6.217539e-01
persistence,test,746,2025-07-31T08:00:00,2025-07-31T14:00:00,sd,351848,1.052559e-05,2.526183e-04,-6.220805e-08
persistence,test,747,2025-07-31T09:00:00,2025-07-31T15:00:00,swvl1,351848,3.948128e-03,1.008311e-02,-3.331066e-04
persistence,test,747,2025-07-31T09:00:00,2025-07-31T15:00:00,stl1,351848,2.679650e+00,4.242111e+00,-3.441925e-01
persistence,test,747,2025-07-31T09:00:00,2025-07-31T15:00:00,sd,351848,1.071874e-05,2.564970e-04,1.329107e-07
persistence,test,748,2025-07-31T10:00:00,2025-07-31T16:00:00,swvl1,351848,3.303179e-03,9.398592e-03,-1.810797e-04
persistence,test,748,2025-07-31T10:00:00,2025-07-31T16:00:00,stl1,351848,2.526912e+00,3.930060e+00,-9.801771e-02
persistence,test,748,2025-07-31T10:00:00,2025-07-31T16:00:00,sd,351848,7.674144e-06,1.953021e-04,-2.475279e-06
persistence,test,749,2025-07-31T11:00:00,2025-07-31T17:00:00,swvl1,351848,3.349885e-03,9.637336e-03,-2.096909e-04
persistence,test,749,2025-07-31T11:00:00,2025-07-31T17:00:00,stl1,351848,2.976621e+00,4.436546e+00,3.599737e-01
persistence,test,749,2025-07-31T11:00:00,2025-07-31T17:00:00,sd,351848,7.850317e-06,1.986180e-04,-2.099638e-06
persistence,test,750,2025-07-31T12:00:00,2025-07-31T18:00:00,swvl1,351848,3.403227e-03,9.710985e-03,-2.096656e-04
persistence,test,750,2025-07-31T12:00:00,2025-07-31T18:00:00,stl1,351848,3.229602e+00,4.766060e+00,6.152392e-01
persistence,test,750,2025-07-31T12:00:00,2025-07-31T18:00:00,sd,351848,8.260826e-06,2.025376e-04,-1.554060e-06
persistence,test,751,2025-07-31T13:00:00,2025-07-31T19:00:00,swvl1,351848,3.460270e-03,9.814033e-03,-2.292319e-04
persistence,test,751,2025-07-31T13:00:00,2025-07-31T19:00:00,stl1,351848,3.416027e+00,5.004424e+00,8.417412e-01
persistence,test,751,2025-07-31T13:00:00,2025-07-31T19:00:00,sd,351848,8.907380e-06,2.107498e-04,-1.083248e-06
persistence,test,752,2025-07-31T14:00:00,2025-07-31T20:00:00,swvl1,351848,3.466287e-03,9.795611e-03,-2.254960e-04
persistence,test,752,2025-07-31T14:00:00,2025-07-31T20:00:00,stl1,351848,3.479646e+00,5.133973e+00,1.091341e+00
persistence,test,752,2025-07-31T14:00:00,2025-07-31T20:00:00,sd,351848,9.509533e-06,2.200244e-04,-1.162530e-06
persistence,test,753,2025-07-31T15:00:00,2025-07-31T21:00:00,swvl1,351848,3.440937e-03,9.789627e-03,-2.492924e-04
persistence,test,753,2025-07-31T15:00:00,2025-07-31T21:00:00,stl1,351848,3.091902e+00,4.815746e+00,1.255434e+00
persistence,test,753,2025-07-31T15:00:00,2025-07-31T21:00:00,sd,351848,9.570971e-06,2.201998e-04,-1.544606e-06
persistence,test,754,2025-07-31T16:00:00,2025-07-31T22:00:00,swvl1,351848,3.782027e-03,9.990438e-03,-4.053509e-04
persistence,test,754,2025-07-31T16:00:00,2025-07-31T22:00:00,stl1,351848,2.980745e+00,4.705338e+00,1.376112e+00
persistence,test,754,2025-07-31T16:00:00,2025-07-31T22:00:00,sd,351848,9.798369e-06,2.189351e-04,-2.988567e-06
persistence,test,755,2025-07-31T17:00:00,2025-07-31T23:00:00,swvl1,351848,3.725311e-03,9.903115e-03,-4.347159e-04
persistence,test,755,2025-07-31T17:00:00,2025-07-31T23:00:00,stl1,351848,2.473519e+00,3.929692e+00,1.220639e+00
persistence,test,755,2025-07-31T17:00:00,2025-07-31T23:00:00,sd,351848,9.593026e-06,2.200120e-04,-4.279595e-06
