baseline,split,sample_idx,source_time,target_time,target_var,n_land_pixels,mae,rmse,mean_signed_error
climatology,val,0,2024-07-01T06:00:00,2024-07-01T12:00:00,swvl1,351848,2.606359e-02,4.300765e-02,3.892941e-03
climatology,val,0,2024-07-01T06:00:00,2024-07-01T12:00:00,stl1,351848,2.303867e+00,3.240094e+00,-6.233212e-01
climatology,val,0,2024-07-01T06:00:00,2024-07-01T12:00:00,sd,351848,2.262756e-03,1.241624e-02,1.836151e-03
climatology,val,1,2024-07-01T07:00:00,2024-07-01T13:00:00,swvl1,351848,2.604524e-02,4.297073e-02,3.807298e-03
climatology,val,1,2024-07-01T07:00:00,2024-07-01T13:00:00,stl1,351848,2.280025e+00,3.199409e+00,-6.499571e-01
climatology,val,1,2024-07-01T07:00:00,2024-07-01T13:00:00,sd,351848,2.258888e-03,1.239580e-02,1.832331e-03
climatology,val,2,2024-07-01T08:00:00,2024-07-01T14:00:00,swvl1,351848,2.603920e-02,4.295124e-02,3.752896e-03
climatology,val,2,2024-07-01T08:00:00,2024-07-01T14:00:00,stl1,351848,2.221881e+00,3.113198e+00,-6.864331e-01
climatology,val,2,2024-07-01T08:00:00,2024-07-01T14:00:00,sd,351848,2.255053e-03,1.237611e-02,1.828426e-03
climatology,val,3,2024-07-01T09:00:00,2024-07-01T15:00:00,swvl1,351848,2.602969e-02,4.294225e-02,3.719721e-03
climatology,val,3,2024-07-01T09:00:00,2024-07-01T15:00:00,stl1,351848,2.198155e+00,3.090947e+00,-7.007189e-01
climatology,val,3,2024-07-01T09:00:00,2024-07-01T15:00:00,sd,351848,2.250938e-03,1.235594e-02,1.824206e-03
climatology,val,4,2024-07-01T10:00:00,2024-07-01T16:00:00,swvl1,351848,2.602806e-02,4.296037e-02,3.681732e-03
climatology,val,4,2024-07-01T10:00:00,2024-07-01T16:00:00,stl1,351848,2.185964e+00,3.104587e+00,-7.174801e-01
climatology,val,4,2024-07-01T10:00:00,2024-07-01T16:00:00,sd,351848,2.246264e-03,1.233440e-02,1.819218e-03
climatology,val,5,2024-07-01T11:00:00,2024-07-01T17:00:00,swvl1,351848,2.602698e-02,4.300729e-02,3.634347e-03
climatology,val,5,2024-07-01T11:00:00,2024-07-01T17:00:00,stl1,351848,2.111083e+00,3.021818e+00,-7.358749e-01
climatology,val,5,2024-07-01T11:00:00,2024-07-01T17:00:00,sd,351848,2.240653e-03,1.231036e-02,1.813463e-03
climatology,val,6,2024-07-01T12:00:00,2024-07-01T18:00:00,swvl1,351848,2.601880e-02,4.307246e-02,3.595395e-03
climatology,val,6,2024-07-01T12:00:00,2024-07-01T18:00:00,stl1,351848,2.101650e+00,3.029132e+00,-7.582892e-01
climatology,val,6,2024-07-01T12:00:00,2024-07-01T18:00:00,sd,351848,2.234502e-03,1.228348e-02,1.807401e-03
climatology,val,7,2024-07-01T13:00:00,2024-07-01T19:00:00,swvl1,351848,2.601092e-02,4.313670e-02,3.547467e-03
climatology,val,7,2024-07-01T13:00:00,2024-07-01T19:00:00,stl1,351848,2.098505e+00,3.048416e+00,-7.618615e-01
climatology,val,7,2024-07-01T13:00:00,2024-07-01T19:00:00,sd,351848,2.227684e-03,1.225536e-02,1.800512e-03
climatology,val,8,2024-07-01T14:00:00,2024-07-01T20:00:00,swvl1,351848,2.599282e-02,4.317134e-02,3.510055e-03
climatology,val,8,2024-07-01T14:00:00,2024-07-01T20:00:00,stl1,351848,2.052383e+00,3.013502e+00,-7.526408e-01
climatology,val,8,2024-07-01T14:00:00,2024-07-01T20:00:00,sd,351848,2.220550e-03,1.222665e-02,1.793008e-03
climatology,val,9,2024-07-01T15:00:00,2024-07-01T21:00:00,swvl1,351848,2.599016e-02,4.322543e-02,3.468178e-03
climatology,val,9,2024-07-01T15:00:00,2024-07-01T21:00:00,stl1,351848,2.033924e+00,3.013499e+00,-7.696938e-01
climatology,val,9,2024-07-01T15:00:00,2024-07-01T21:00:00,sd,351848,2.213478e-03,1.219911e-02,1.785358e-03
climatology,val,10,2024-07-01T16:00:00,2024-07-01T22:00:00,swvl1,351848,2.579051e-02,4.282055e-02,3.165640e-03
climatology,val,10,2024-07-01T16:00:00,2024-07-01T22:00:00,stl1,351848,2.033081e+00,3.008329e+00,-7.286601e-01
climatology,val,10,2024-07-01T16:00:00,2024-07-01T22:00:00,sd,351848,2.207133e-03,1.218028e-02,1.779615e-03
climatology,val,11,2024-07-01T17:00:00,2024-07-01T23:00:00,swvl1,351848,2.578873e-02,4.283616e-02,3.108717e-03
climatology,val,11,2024-07-01T17:00:00,2024-07-01T23:00:00,stl1,351848,2.015339e+00,2.980152e+00,-6.992793e-01
climatology,val,11,2024-07-01T17:00:00,2024-07-01T23:00:00,sd,351848,2.201190e-03,1.215880e-02,1.773096e-03
climatology,val,12,2024-07-01T18:00:00,2024-07-02T00:00:00,swvl1,351848,2.619315e-02,4.361842e-02,3.074353e-03
climatology,val,12,2024-07-01T18:00:00,2024-07-02T00:00:00,stl1,351848,2.037851e+00,3.007651e+00,-7.094253e-01
climatology,val,12,2024-07-01T18:00:00,2024-07-02T00:00:00,sd,351848,2.258292e-03,1.249839e-02,1.823386e-03
climatology,val,13,2024-07-01T19:00:00,2024-07-02T01:00:00,swvl1,351848,2.620252e-02,4.361682e-02,3.044257e-03
climatology,val,13,2024-07-01T19:00:00,2024-07-02T01:00:00,stl1,351848,2.049239e+00,3.013246e+00,-6.979420e-01
climatology,val,13,2024-07-01T19:00:00,2024-07-02T01:00:00,sd,351848,2.252031e-03,1.247769e-02,1.816145e-03
climatology,val,14,2024-07-01T20:00:00,2024-07-02T02:00:00,swvl1,351848,2.618769e-02,4.357345e-02,3.047774e-03
climatology,val,14,2024-07-01T20:00:00,2024-07-02T02:00:00,stl1,351848,2.123608e+00,3.087051e+00,-6.659291e-01
climatology,val,14,2024-07-01T20:00:00,2024-07-02T02:00:00,sd,351848,2.246212e-03,1.245778e-02,1.809488e-03
climatology,val,15,2024-07-01T21:00:00,2024-07-02T03:00:00,swvl1,351848,2.616674e-02,4.349938e-02,3.061751e-03
climatology,val,15,2024-07-01T21:00:00,2024-07-02T03:00:00,stl1,351848,2.098147e+00,3.056153e+00,-6.674744e-01
climatology,val,15,2024-07-01T21:00:00,2024-07-02T03:00:00,sd,351848,2.239758e-03,1.243491e-02,1.802214e-03
climatology,val,16,2024-07-01T22:00:00,2024-07-02T04:00:00,swvl1,351848,2.615229e-02,4.344564e-02,3.073715e-03
climatology,val,16,2024-07-01T22:00:00,2024-07-02T04:00:00,stl1,351848,2.123478e+00,3.075547e+00,-6.017324e-01
climatology,val,16,2024-07-01T22:00:00,2024-07-02T04:00:00,sd,351848,2.232811e-03,1.241054e-02,1.794868e-03
climatology,val,17,2024-07-01T23:00:00,2024-07-02T05:00:00,swvl1,351848,2.613600e-02,4.338522e-02,3.077728e-03
climatology,val,17,2024-07-01T23:00:00,2024-07-02T05:00:00,stl1,351848,2.153619e+00,3.113225e+00,-5.785094e-01
climatology,val,17,2024-07-01T23:00:00,2024-07-02T05:00:00,sd,351848,2.225308e-03,1.238475e-02,1.787005e-03
climatology,val,18,2024-07-02T00:00:00,2024-07-02T06:00:00,swvl1,351848,2.611625e-02,4.331098e-02,3.083251e-03
climatology,val,18,2024-07-02T00:00:00,2024-07-02T06:00:00,stl1,351848,2.164683e+00,3.140837e+00,-5.339704e-01
climatology,val,18,2024-07-02T00:00:00,2024-07-02T06:00:00,sd,351848,2.216931e-03,1.235558e-02,1.778334e-03
climatology,val,19,2024-07-02T01:00:00,2024-07-02T07:00:00,swvl1,351848,2.606787e-02,4.321061e-02,3.092920e-03
climatology,val,19,2024-07-02T01:00:00,2024-07-02T07:00:00,stl1,351848,2.173390e+00,3.162008e+00,-5.103428e-01
climatology,val,19,2024-07-02T01:00:00,2024-07-02T07:00:00,sd,351848,2.208197e-03,1.232389e-02,1.769491e-03
climatology,val,20,2024-07-02T02:00:00,2024-07-02T08:00:00,swvl1,351848,2.601929e-02,4.310949e-02,3.101105e-03
climatology,val,20,2024-07-02T02:00:00,2024-07-02T08:00:00,stl1,351848,2.185848e+00,3.182027e+00,-5.018324e-01
climatology,val,20,2024-07-02T02:00:00,2024-07-02T08:00:00,sd,351848,2.199788e-03,1.229215e-02,1.761141e-03
climatology,val,21,2024-07-02T03:00:00,2024-07-02T09:00:00,swvl1,351848,2.598378e-02,4.303657e-02,3.083311e-03
climatology,val,21,2024-07-02T03:00:00,2024-07-02T09:00:00,stl1,351848,2.205888e+00,3.202929e+00,-4.917360e-01
climatology,val,21,2024-07-02T03:00:00,2024-07-02T09:00:00,sd,351848,2.191949e-03,1.226044e-02,1.753517e-03
climatology,val,22,2024-07-02T04:00:00,2024-07-02T10:00:00,swvl1,351848,2.597617e-02,4.300118e-02,2.924412e-03
climatology,val,22,2024-07-02T04:00:00,2024-07-02T10:00:00,stl1,351848,2.215653e+00,3.195376e+00,-5.023616e-01
climatology,val,22,2024-07-02T04:00:00,2024-07-02T10:00:00,sd,351848,2.183924e-03,1.221298e-02,1.748344e-03
climatology,val,23,2024-07-02T05:00:00,2024-07-02T11:00:00,swvl1,351848,2.597984e-02,4.298568e-02,2.871289e-03
climatology,val,23,2024-07-02T05:00:00,2024-07-02T11:00:00,stl1,351848,2.212373e+00,3.165622e+00,-5.173045e-01
climatology,val,23,2024-07-02T05:00:00,2024-07-02T11:00:00,sd,351848,2.178181e-03,1.218252e-02,1.743611e-03
climatology,val,24,2024-07-02T06:00:00,2024-07-02T12:00:00,swvl1,351848,2.614426e-02,4.325067e-02,2.964029e-03
climatology,val,24,2024-07-02T06:00:00,2024-07-02T12:00:00,stl1,351848,2.219687e+00,3.164228e+00,-5.861586e-01
climatology,val,24,2024-07-02T06:00:00,2024-07-02T12:00:00,sd,351848,2.296364e-03,1.259929e-02,1.858635e-03
climatology,val,25,2024-07-02T07:00:00,2024-07-02T13:00:00,swvl1,351848,2.614969e-02,4.325019e-02,2.938751e-03
climatology,val,25,2024-07-02T07:00:00,2024-07-02T13:00:00,stl1,351848,2.199930e+00,3.122304e+00,-6.064971e-01
climatology,val,25,2024-07-02T07:00:00,2024-07-02T13:00:00,sd,351848,2.292450e-03,1.257777e-02,1.855428e-03
climatology,val,26,2024-07-02T08:00:00,2024-07-02T14:00:00,swvl1,351848,2.616080e-02,4.325320e-02,2.900497e-03
climatology,val,26,2024-07-02T08:00:00,2024-07-02T14:00:00,stl1,351848,2.172277e+00,3.068717e+00,-5.947426e-01
climatology,val,26,2024-07-02T08:00:00,2024-07-02T14:00:00,sd,351848,2.288386e-03,1.255630e-02,1.851913e-03
climatology,val,27,2024-07-02T09:00:00,2024-07-02T15:00:00,swvl1,351848,2.615719e-02,4.323546e-02,2.870415e-03
climatology,val,27,2024-07-02T09:00:00,2024-07-02T15:00:00,stl1,351848,2.127153e+00,3.038936e+00,-6.612490e-01
climatology,val,27,2024-07-02T09:00:00,2024-07-02T15:00:00,sd,351848,2.283852e-03,1.253433e-02,1.847838e-03
climatology,val,28,2024-07-02T10:00:00,2024-07-02T16:00:00,swvl1,351848,2.615633e-02,4.322644e-02,2.833532e-03
climatology,val,28,2024-07-02T10:00:00,2024-07-02T16:00:00,stl1,351848,2.110575e+00,3.060358e+00,-6.970244e-01
climatology,val,28,2024-07-02T10:00:00,2024-07-02T16:00:00,sd,351848,2.278578e-03,1.251079e-02,1.842988e-03
climatology,val,29,2024-07-02T11:00:00,2024-07-02T17:00:00,swvl1,351848,2.615170e-02,4.320571e-02,2.808791e-03
climatology,val,29,2024-07-02T11:00:00,2024-07-02T17:00:00,stl1,351848,2.048688e+00,3.018313e+00,-7.321204e-01
climatology,val,29,2024-07-02T11:00:00,2024-07-02T17:00:00,sd,351848,2.272260e-03,1.248350e-02,1.837087e-03
climatology,val,30,2024-07-02T12:00:00,2024-07-02T18:00:00,swvl1,351848,2.613671e-02,4.316599e-02,2.796706e-03
climatology,val,30,2024-07-02T12:00:00,2024-07-02T18:00:00,stl1,351848,2.025489e+00,3.005728e+00,-7.449528e-01
climatology,val,30,2024-07-02T12:00:00,2024-07-02T18:00:00,sd,351848,2.265694e-03,1.245479e-02,1.830865e-03
climatology,val,31,2024-07-02T13:00:00,2024-07-02T19:00:00,swvl1,351848,2.612965e-02,4.314411e-02,2.768884e-03
climatology,val,31,2024-07-02T13:00:00,2024-07-02T19:00:00,stl1,351848,2.028533e+00,3.006666e+00,-7.253810e-01
climatology,val,31,2024-07-02T13:00:00,2024-07-02T19:00:00,sd,351848,2.258695e-03,1.242592e-02,1.824002e-03
climatology,val,32,2024-07-02T14:00:00,2024-07-02T20:00:00,swvl1,351848,2.613190e-02,4.316131e-02,2.735228e-03
climatology,val,32,2024-07-02T14:00:00,2024-07-02T20:00:00,stl1,351848,2.006468e+00,2.957487e+00,-7.225923e-01
climatology,val,32,2024-07-02T14:00:00,2024-07-02T20:00:00,sd,351848,2.251407e-03,1.239672e-02,1.816665e-03
climatology,val,33,2024-07-02T15:00:00,2024-07-02T21:00:00,swvl1,351848,2.611141e-02,4.311701e-02,2.724889e-03
climatology,val,33,2024-07-02T15:00:00,2024-07-02T21:00:00,stl1,351848,1.989908e+00,2.934801e+00,-7.151475e-01
climatology,val,33,2024-07-02T15:00:00,2024-07-02T21:00:00,sd,351848,2.244274e-03,1.236938e-02,1.809144e-03
climatology,val,34,2024-07-02T16:00:00,2024-07-02T22:00:00,swvl1,351848,2.597270e-02,4.283161e-02,2.493393e-03
climatology,val,34,2024-07-02T16:00:00,2024-07-02T22:00:00,stl1,351848,1.935976e+00,2.889699e+00,-7.745823e-01
climatology,val,34,2024-07-02T16:00:00,2024-07-02T22:00:00,sd,351848,2.238141e-03,1.235400e-02,1.802412e-03
climatology,val,35,2024-07-02T17:00:00,2024-07-02T23:00:00,swvl1,351848,2.598650e-02,4.287137e-02,2.423171e-03
climatology,val,35,2024-07-02T17:00:00,2024-07-02T23:00:00,stl1,351848,1.916614e+00,2.854611e+00,-7.515263e-01
climatology,val,35,2024-07-02T17:00:00,2024-07-02T23:00:00,sd,351848,2.232335e-03,1.233475e-02,1.795656e-03
climatology,val,36,2024-07-02T18:00:00,2024-07-03T00:00:00,swvl1,351848,2.632711e-02,4.353045e-02,2.392064e-03
climatology,val,36,2024-07-02T18:00:00,2024-07-03T00:00:00,stl1,351848,1.948072e+00,2.906063e+00,-7.431535e-01
climatology,val,36,2024-07-02T18:00:00,2024-07-03T00:00:00,sd,351848,2.283886e-03,1.264486e-02,1.839699e-03
climatology,val,37,2024-07-02T19:00:00,2024-07-03T01:00:00,swvl1,351848,2.631525e-02,4.351257e-02,2.367251e-03
climatology,val,37,2024-07-02T19:00:00,2024-07-03T01:00:00,stl1,351848,1.942812e+00,2.896644e+00,-7.303376e-01
climatology,val,37,2024-07-02T19:00:00,2024-07-03T01:00:00,sd,351848,2.277859e-03,1.262691e-02,1.832624e-03
climatology,val,38,2024-07-02T20:00:00,2024-07-03T02:00:00,swvl1,351848,2.630941e-02,4.349775e-02,2.363168e-03
climatology,val,38,2024-07-02T20:00:00,2024-07-03T02:00:00,stl1,351848,1.978257e+00,2.952249e+00,-7.323121e-01
climatology,val,38,2024-07-02T20:00:00,2024-07-03T02:00:00,sd,351848,2.272296e-03,1.260956e-02,1.826098e-03
climatology,val,39,2024-07-02T21:00:00,2024-07-03T03:00:00,swvl1,351848,2.629582e-02,4.346790e-02,2.387964e-03
climatology,val,39,2024-07-02T21:00:00,2024-07-03T03:00:00,stl1,351848,1.994217e+00,2.982923e+00,-7.186742e-01
climatology,val,39,2024-07-02T21:00:00,2024-07-03T03:00:00,sd,351848,2.265994e-03,1.258849e-02,1.818855e-03
climatology,val,40,2024-07-02T22:00:00,2024-07-03T04:00:00,swvl1,351848,2.627374e-02,4.342359e-02,2.446097e-03
climatology,val,40,2024-07-02T22:00:00,2024-07-03T04:00:00,stl1,351848,2.009042e+00,3.037674e+00,-7.175033e-01
climatology,val,40,2024-07-02T22:00:00,2024-07-03T04:00:00,sd,351848,2.259310e-03,1.256583e-02,1.811138e-03
climatology,val,41,2024-07-02T23:00:00,2024-07-03T05:00:00,swvl1,351848,2.623164e-02,4.336424e-02,2.537751e-03
climatology,val,41,2024-07-02T23:00:00,2024-07-03T05:00:00,stl1,351848,2.068115e+00,3.123916e+00,-7.151027e-01
climatology,val,41,2024-07-02T23:00:00,2024-07-03T05:00:00,sd,351848,2.251920e-03,1.254097e-02,1.802774e-03
climatology,val,42,2024-07-03T00:00:00,2024-07-03T06:00:00,swvl1,351848,2.617879e-02,4.329068e-02,2.639300e-03
climatology,val,42,2024-07-03T00:00:00,2024-07-03T06:00:00,stl1,351848,2.107064e+00,3.171399e+00,-6.665305e-01
climatology,val,42,2024-07-03T00:00:00,2024-07-03T06:00:00,sd,351848,2.243724e-03,1.251264e-02,1.793487e-03
climatology,val,43,2024-07-03T01:00:00,2024-07-03T07:00:00,swvl1,351848,2.611965e-02,4.319039e-02,2.721815e-03
climatology,val,43,2024-07-03T01:00:00,2024-07-03T07:00:00,stl1,351848,2.131736e+00,3.206051e+00,-6.416479e-01
climatology,val,43,2024-07-03T01:00:00,2024-07-03T07:00:00,sd,351848,2.235320e-03,1.248228e-02,1.783981e-03
climatology,val,44,2024-07-03T02:00:00,2024-07-03T08:00:00,swvl1,351848,2.607286e-02,4.309108e-02,2.785712e-03
climatology,val,44,2024-07-03T02:00:00,2024-07-03T08:00:00,stl1,351848,2.188664e+00,3.265644e+00,-6.528234e-01
climatology,val,44,2024-07-03T02:00:00,2024-07-03T08:00:00,sd,351848,2.227409e-03,1.245312e-02,1.774899e-03
climatology,val,45,2024-07-03T03:00:00,2024-07-03T09:00:00,swvl1,351848,2.604127e-02,4.301633e-02,2.809754e-03
climatology,val,45,2024-07-03T03:00:00,2024-07-03T09:00:00,stl1,351848,2.224504e+00,3.296242e+00,-6.591996e-01
climatology,val,45,2024-07-03T03:00:00,2024-07-03T09:00:00,sd,351848,2.220226e-03,1.242536e-02,1.766550e-03
climatology,val,46,2024-07-03T04:00:00,2024-07-03T10:00:00,swvl1,351848,2.609851e-02,4.308046e-02,2.756749e-03
climatology,val,46,2024-07-03T04:00:00,2024-07-03T10:00:00,stl1,351848,2.235489e+00,3.298944e+00,-7.168785e-01
climatology,val,46,2024-07-03T04:00:00,2024-07-03T10:00:00,sd,351848,2.212782e-03,1.239377e-02,1.766668e-03
climatology,val,47,2024-07-03T05:00:00,2024-07-03T11:00:00,swvl1,351848,2.608816e-02,4.308298e-02,2.740081e-03
climatology,val,47,2024-07-03T05:00:00,2024-07-03T11:00:00,stl1,351848,2.234502e+00,3.267491e+00,-7.242811e-01
climatology,val,47,2024-07-03T05:00:00,2024-07-03T11:00:00,sd,351848,2.206981e-03,1.236764e-02,1.762602e-03
climatology,val,48,2024-07-03T06:00:00,2024-07-03T12:00:00,swvl1,351848,2.623442e-02,4.334506e-02,2.837719e-03
climatology,val,48,2024-07-03T06:00:00,2024-07-03T12:00:00,stl1,351848,2.262034e+00,3.285212e+00,-7.678777e-01
climatology,val,48,2024-07-03T06:00:00,2024-07-03T12:00:00,sd,351848,2.325250e-03,1.278606e-02,1.878193e-03
climatology,val,49,2024-07-03T07:00:00,2024-07-03T13:00:00,swvl1,351848,2.623803e-02,4.336223e-02,2.820754e-03
climatology,val,49,2024-07-03T07:00:00,2024-07-03T13:00:00,stl1,351848,2.252922e+00,3.264760e+00,-7.682367e-01
climatology,val,49,2024-07-03T07:00:00,2024-07-03T13:00:00,sd,351848,2.321428e-03,1.276720e-02,1.875267e-03
climatology,val,50,2024-07-03T08:00:00,2024-07-03T14:00:00,swvl1,351848,2.623831e-02,4.337858e-02,2.810811e-03
climatology,val,50,2024-07-03T08:00:00,2024-07-03T14:00:00,stl1,351848,2.208277e+00,3.221362e+00,-7.831923e-01
climatology,val,50,2024-07-03T08:00:00,2024-07-03T14:00:00,sd,351848,2.317392e-03,1.274790e-02,1.871982e-03
climatology,val,51,2024-07-03T09:00:00,2024-07-03T15:00:00,swvl1,351848,2.622932e-02,4.335788e-02,2.811689e-03
climatology,val,51,2024-07-03T09:00:00,2024-07-03T15:00:00,stl1,351848,2.169548e+00,3.177335e+00,-8.186214e-01
climatology,val,51,2024-07-03T09:00:00,2024-07-03T15:00:00,sd,351848,2.313311e-03,1.272933e-02,1.867235e-03
climatology,val,52,2024-07-03T10:00:00,2024-07-03T16:00:00,swvl1,351848,2.619700e-02,4.330825e-02,2.812389e-03
climatology,val,52,2024-07-03T10:00:00,2024-07-03T16:00:00,stl1,351848,2.146060e+00,3.150167e+00,-8.002415e-01
climatology,val,52,2024-07-03T10:00:00,2024-07-03T16:00:00,sd,351848,2.308651e-03,1.270981e-02,1.861745e-03
climatology,val,53,2024-07-03T11:00:00,2024-07-03T17:00:00,swvl1,351848,2.616668e-02,4.326765e-02,2.821529e-03
climatology,val,53,2024-07-03T11:00:00,2024-07-03T17:00:00,stl1,351848,2.110224e+00,3.117997e+00,-8.025668e-01
climatology,val,53,2024-07-03T11:00:00,2024-07-03T17:00:00,sd,351848,2.303230e-03,1.268793e-02,1.855481e-03
climatology,val,54,2024-07-03T12:00:00,2024-07-03T18:00:00,swvl1,351848,2.615068e-02,4.326204e-02,2.825749e-03
climatology,val,54,2024-07-03T12:00:00,2024-07-03T18:00:00,stl1,351848,2.102015e+00,3.103435e+00,-7.948774e-01
climatology,val,54,2024-07-03T12:00:00,2024-07-03T18:00:00,sd,351848,2.297558e-03,1.266464e-02,1.848957e-03
climatology,val,55,2024-07-03T13:00:00,2024-07-03T19:00:00,swvl1,351848,2.612317e-02,4.323702e-02,2.834719e-03
climatology,val,55,2024-07-03T13:00:00,2024-07-03T19:00:00,stl1,351848,2.096375e+00,3.096692e+00,-7.954896e-01
climatology,val,55,2024-07-03T13:00:00,2024-07-03T19:00:00,sd,351848,2.291209e-03,1.263980e-02,1.842099e-03
climatology,val,56,2024-07-03T14:00:00,2024-07-03T20:00:00,swvl1,351848,2.609934e-02,4.323474e-02,2.819900e-03
climatology,val,56,2024-07-03T14:00:00,2024-07-03T20:00:00,stl1,351848,2.074827e+00,3.055931e+00,-7.963599e-01
climatology,val,56,2024-07-03T14:00:00,2024-07-03T20:00:00,sd,351848,2.284382e-03,1.261378e-02,1.834792e-03
climatology,val,57,2024-07-03T15:00:00,2024-07-03T21:00:00,swvl1,351848,2.609312e-02,4.326337e-02,2.780523e-03
climatology,val,57,2024-07-03T15:00:00,2024-07-03T21:00:00,stl1,351848,2.045071e+00,3.027692e+00,-8.025332e-01
climatology,val,57,2024-07-03T15:00:00,2024-07-03T21:00:00,sd,351848,2.277357e-03,1.258779e-02,1.827296e-03
climatology,val,58,2024-07-03T16:00:00,2024-07-03T22:00:00,swvl1,351848,2.603210e-02,4.324409e-02,2.520213e-03
climatology,val,58,2024-07-03T16:00:00,2024-07-03T22:00:00,stl1,351848,2.030315e+00,3.023928e+00,-8.132623e-01
climatology,val,58,2024-07-03T16:00:00,2024-07-03T22:00:00,sd,351848,2.271995e-03,1.257361e-02,1.821576e-03
climatology,val,59,2024-07-03T17:00:00,2024-07-03T23:00:00,swvl1,351848,2.605241e-02,4.331616e-02,2.459028e-03
climatology,val,59,2024-07-03T17:00:00,2024-07-03T23:00:00,stl1,351848,1.991601e+00,2.988171e+00,-8.276038e-01
climatology,val,59,2024-07-03T17:00:00,2024-07-03T23:00:00,sd,351848,2.266199e-03,1.255349e-02,1.815297e-03
climatology,val,60,2024-07-03T18:00:00,2024-07-04T00:00:00,swvl1,351848,2.638931e-02,4.398764e-02,2.431411e-03
climatology,val,60,2024-07-03T18:00:00,2024-07-04T00:00:00,stl1,351848,2.021959e+00,3.037350e+00,-8.271217e-01
climatology,val,60,2024-07-03T18:00:00,2024-07-04T00:00:00,sd,351848,2.312915e-03,1.283795e-02,1.855018e-03
climatology,val,61,2024-07-03T19:00:00,2024-07-04T01:00:00,swvl1,351848,2.641162e-02,4.403542e-02,2.402763e-03
climatology,val,61,2024-07-03T19:00:00,2024-07-04T01:00:00,stl1,351848,2.019356e+00,3.044103e+00,-8.365360e-01
climatology,val,61,2024-07-03T19:00:00,2024-07-04T01:00:00,sd,351848,2.306605e-03,1.281879e-02,1.848098e-03
climatology,val,62,2024-07-03T20:00:00,2024-07-04T02:00:00,swvl1,351848,2.643168e-02,4.407863e-02,2.391416e-03
climatology,val,62,2024-07-03T20:00:00,2024-07-04T02:00:00,stl1,351848,2.070547e+00,3.107267e+00,-8.243633e-01
climatology,val,62,2024-07-03T20:00:00,2024-07-04T02:00:00,sd,351848,2.300623e-03,1.279981e-02,1.841840e-03
climatology,val,63,2024-07-03T21:00:00,2024-07-04T03:00:00,swvl1,351848,2.645585e-02,4.411548e-02,2.399160e-03
climatology,val,63,2024-07-03T21:00:00,2024-07-04T03:00:00,stl1,351848,2.092777e+00,3.150422e+00,-8.133441e-01
climatology,val,63,2024-07-03T21:00:00,2024-07-04T03:00:00,sd,351848,2.293873e-03,1.277709e-02,1.834758e-03
climatology,val,64,2024-07-03T22:00:00,2024-07-04T04:00:00,swvl1,351848,2.647424e-02,4.413840e-02,2.425144e-03
climatology,val,64,2024-07-03T22:00:00,2024-07-04T04:00:00,stl1,351848,2.111288e+00,3.191209e+00,-7.898693e-01
climatology,val,64,2024-07-03T22:00:00,2024-07-04T04:00:00,sd,351848,2.286444e-03,1.275157e-02,1.827362e-03
climatology,val,65,2024-07-03T23:00:00,2024-07-04T05:00:00,swvl1,351848,2.648949e-02,4.414608e-02,2.448990e-03
climatology,val,65,2024-07-03T23:00:00,2024-07-04T05:00:00,stl1,351848,2.184996e+00,3.307424e+00,-7.724475e-01
climatology,val,65,2024-07-03T23:00:00,2024-07-04T05:00:00,sd,351848,2.278263e-03,1.272362e-02,1.819281e-03
climatology,val,66,2024-07-04T00:00:00,2024-07-04T06:00:00,swvl1,351848,2.649770e-02,4.414935e-02,2.466140e-03
climatology,val,66,2024-07-04T00:00:00,2024-07-04T06:00:00,stl1,351848,2.226507e+00,3.361124e+00,-7.262722e-01
climatology,val,66,2024-07-04T00:00:00,2024-07-04T06:00:00,sd,351848,2.269220e-03,1.269198e-02,1.810287e-03
climatology,val,67,2024-07-04T01:00:00,2024-07-04T07:00:00,swvl1,351848,2.650798e-02,4.414833e-02,2.463475e-03
climatology,val,67,2024-07-04T01:00:00,2024-07-04T07:00:00,stl1,351848,2.250887e+00,3.390192e+00,-7.299275e-01
climatology,val,67,2024-07-04T01:00:00,2024-07-04T07:00:00,sd,351848,2.259895e-03,1.265744e-02,1.801053e-03
climatology,val,68,2024-07-04T02:00:00,2024-07-04T08:00:00,swvl1,351848,2.650787e-02,4.414150e-02,2.460984e-03
climatology,val,68,2024-07-04T02:00:00,2024-07-04T08:00:00,stl1,351848,2.304730e+00,3.453624e+00,-7.616695e-01
climatology,val,68,2024-07-04T02:00:00,2024-07-04T08:00:00,sd,351848,2.251077e-03,1.262338e-02,1.792331e-03
climatology,val,69,2024-07-04T03:00:00,2024-07-04T09:00:00,swvl1,351848,2.651839e-02,4.414075e-02,2.455986e-03
climatology,val,69,2024-07-04T03:00:00,2024-07-04T09:00:00,stl1,351848,2.341243e+00,3.481881e+00,-7.971983e-01
climatology,val,69,2024-07-04T03:00:00,2024-07-04T09:00:00,sd,351848,2.243026e-03,1.259018e-02,1.784376e-03
climatology,val,70,2024-07-04T04:00:00,2024-07-04T10:00:00,swvl1,351848,2.655583e-02,4.410287e-02,2.575628e-03
climatology,val,70,2024-07-04T04:00:00,2024-07-04T10:00:00,stl1,351848,2.404093e+00,3.538758e+00,-8.433577e-01
climatology,val,70,2024-07-04T04:00:00,2024-07-04T10:00:00,sd,351848,2.236012e-03,1.256313e-02,1.782811e-03
climatology,val,71,2024-07-04T05:00:00,2024-07-04T11:00:00,swvl1,351848,2.653823e-02,4.409978e-02,2.582945e-03
climatology,val,71,2024-07-04T05:00:00,2024-07-04T11:00:00,stl1,351848,2.410739e+00,3.515010e+00,-8.476012e-01
climatology,val,71,2024-07-04T05:00:00,2024-07-04T11:00:00,sd,351848,2.229260e-03,1.253320e-02,1.779010e-03
climatology,val,72,2024-07-04T06:00:00,2024-07-04T12:00:00,swvl1,351848,2.664433e-02,4.430033e-02,2.684974e-03
climatology,val,72,2024-07-04T06:00:00,2024-07-04T12:00:00,stl1,351848,2.452861e+00,3.544164e+00,-8.957916e-01
climatology,val,72,2024-07-04T06:00:00,2024-07-04T12:00:00,sd,351848,2.346772e-03,1.294626e-02,1.894737e-03
climatology,val,73,2024-07-04T07:00:00,2024-07-04T13:00:00,swvl1,351848,2.663982e-02,4.431485e-02,2.652729e-03
climatology,val,73,2024-07-04T07:00:00,2024-07-04T13:00:00,stl1,351848,2.437231e+00,3.519652e+00,-9.288126e-01
climatology,val,73,2024-07-04T07:00:00,2024-07-04T13:00:00,sd,351848,2.342433e-03,1.292473e-02,1.891960e-03
climatology,val,74,2024-07-04T08:00:00,2024-07-04T14:00:00,swvl1,351848,2.664684e-02,4.434553e-02,2.620002e-03
climatology,val,74,2024-07-04T08:00:00,2024-07-04T14:00:00,stl1,351848,2.380601e+00,3.463654e+00,-9.332601e-01
climatology,val,74,2024-07-04T08:00:00,2024-07-04T14:00:00,sd,351848,2.338167e-03,1.290359e-02,1.888859e-03
climatology,val,75,2024-07-04T09:00:00,2024-07-04T15:00:00,swvl1,351848,2.667258e-02,4.438845e-02,2.570267e-03
climatology,val,75,2024-07-04T09:00:00,2024-07-04T15:00:00,stl1,351848,2.325980e+00,3.385525e+00,-9.401362e-01
climatology,val,75,2024-07-04T09:00:00,2024-07-04T15:00:00,sd,351848,2.333908e-03,1.288192e-02,1.884744e-03
climatology,val,76,2024-07-04T10:00:00,2024-07-04T16:00:00,swvl1,351848,2.668699e-02,4.440937e-02,2.509075e-03
climatology,val,76,2024-07-04T10:00:00,2024-07-04T16:00:00,stl1,351848,2.298408e+00,3.360079e+00,-9.515860e-01
climatology,val,76,2024-07-04T10:00:00,2024-07-04T16:00:00,sd,351848,2.329021e-03,1.285883e-02,1.879842e-03
climatology,val,77,2024-07-04T11:00:00,2024-07-04T17:00:00,swvl1,351848,2.671321e-02,4.443753e-02,2.436558e-03
climatology,val,77,2024-07-04T11:00:00,2024-07-04T17:00:00,stl1,351848,2.221025e+00,3.248336e+00,-9.170885e-01
climatology,val,77,2024-07-04T11:00:00,2024-07-04T17:00:00,sd,351848,2.323195e-03,1.283287e-02,1.874009e-03
climatology,val,78,2024-07-04T12:00:00,2024-07-04T18:00:00,swvl1,351848,2.673338e-02,4.443466e-02,2.377657e-03
climatology,val,78,2024-07-04T12:00:00,2024-07-04T18:00:00,stl1,351848,2.221331e+00,3.242534e+00,-9.143071e-01
climatology,val,78,2024-07-04T12:00:00,2024-07-04T18:00:00,sd,351848,2.317005e-03,1.280513e-02,1.867829e-03
climatology,val,79,2024-07-04T13:00:00,2024-07-04T19:00:00,swvl1,351848,2.673246e-02,4.442010e-02,2.313073e-03
climatology,val,79,2024-07-04T13:00:00,2024-07-04T19:00:00,stl1,351848,2.214218e+00,3.228785e+00,-9.067297e-01
climatology,val,79,2024-07-04T13:00:00,2024-07-04T19:00:00,sd,351848,2.310281e-03,1.277633e-02,1.861004e-03
climatology,val,80,2024-07-04T14:00:00,2024-07-04T20:00:00,swvl1,351848,2.672266e-02,4.439049e-02,2.250448e-03
climatology,val,80,2024-07-04T14:00:00,2024-07-04T20:00:00,stl1,351848,2.156361e+00,3.145103e+00,-8.631296e-01
climatology,val,80,2024-07-04T14:00:00,2024-07-04T20:00:00,sd,351848,2.303131e-03,1.274613e-02,1.853745e-03
climatology,val,81,2024-07-04T15:00:00,2024-07-04T21:00:00,swvl1,351848,2.672628e-02,4.437361e-02,2.202665e-03
climatology,val,81,2024-07-04T15:00:00,2024-07-04T21:00:00,stl1,351848,2.142212e+00,3.137622e+00,-8.705916e-01
climatology,val,81,2024-07-04T15:00:00,2024-07-04T21:00:00,sd,351848,2.295868e-03,1.271615e-02,1.846501e-03
climatology,val,82,2024-07-04T16:00:00,2024-07-04T22:00:00,swvl1,351848,2.666602e-02,4.429509e-02,2.135426e-03
climatology,val,82,2024-07-04T16:00:00,2024-07-04T22:00:00,stl1,351848,2.125939e+00,3.130333e+00,-8.295239e-01
climatology,val,82,2024-07-04T16:00:00,2024-07-04T22:00:00,sd,351848,2.290685e-03,1.269890e-02,1.841510e-03
climatology,val,83,2024-07-04T17:00:00,2024-07-04T23:00:00,swvl1,351848,2.666388e-02,4.429892e-02,2.091092e-03
climatology,val,83,2024-07-04T17:00:00,2024-07-04T23:00:00,stl1,351848,2.121515e+00,3.131951e+00,-8.275703e-01
climatology,val,83,2024-07-04T17:00:00,2024-07-04T23:00:00,sd,351848,2.284532e-03,1.267561e-02,1.835612e-03
climatology,val,84,2024-07-04T18:00:00,2024-07-05T00:00:00,swvl1,351848,2.694728e-02,4.486506e-02,2.067485e-03
climatology,val,84,2024-07-04T18:00:00,2024-07-05T00:00:00,stl1,351848,2.150983e+00,3.183337e+00,-8.523756e-01
climatology,val,84,2024-07-04T18:00:00,2024-07-05T00:00:00,sd,351848,2.332761e-03,1.296372e-02,1.877419e-03
climatology,val,85,2024-07-04T19:00:00,2024-07-05T01:00:00,swvl1,351848,2.696727e-02,4.487464e-02,2.044371e-03
climatology,val,85,2024-07-04T19:00:00,2024-07-05T01:00:00,stl1,351848,2.168538e+00,3.213107e+00,-8.437779e-01
climatology,val,85,2024-07-04T19:00:00,2024-07-05T01:00:00,sd,351848,2.326038e-03,1.294170e-02,1.871132e-03
climatology,val,86,2024-07-04T20:00:00,2024-07-05T02:00:00,swvl1,351848,2.698196e-02,4.487510e-02,2.044426e-03
climatology,val,86,2024-07-04T20:00:00,2024-07-05T02:00:00,stl1,351848,2.243396e+00,3.309105e+00,-8.272406e-01
climatology,val,86,2024-07-04T20:00:00,2024-07-05T02:00:00,sd,351848,2.319769e-03,1.292041e-02,1.865409e-03
climatology,val,87,2024-07-04T21:00:00,2024-07-05T03:00:00,swvl1,351848,2.700823e-02,4.491572e-02,2.038084e-03
climatology,val,87,2024-07-04T21:00:00,2024-07-05T03:00:00,stl1,351848,2.283194e+00,3.372320e+00,-8.037171e-01
climatology,val,87,2024-07-04T21:00:00,2024-07-05T03:00:00,sd,351848,2.312665e-03,1.289541e-02,1.858904e-03
climatology,val,88,2024-07-04T22:00:00,2024-07-05T04:00:00,swvl1,351848,2.702423e-02,4.495708e-02,2.050791e-03
climatology,val,88,2024-07-04T22:00:00,2024-07-05T04:00:00,stl1,351848,2.295178e+00,3.393112e+00,-7.666430e-01
climatology,val,88,2024-07-04T22:00:00,2024-07-05T04:00:00,sd,351848,2.305063e-03,1.286828e-02,1.851886e-03
climatology,val,89,2024-07-04T23:00:00,2024-07-05T05:00:00,swvl1,351848,2.703685e-02,4.499283e-02,2.065282e-03
climatology,val,89,2024-07-04T23:00:00,2024-07-05T05:00:00,stl1,351848,2.358681e+00,3.459480e+00,-7.250906e-01
climatology,val,89,2024-07-04T23:00:00,2024-07-05T05:00:00,sd,351848,2.296745e-03,1.283851e-02,1.844264e-03
climatology,val,90,2024-07-05T00:00:00,2024-07-05T06:00:00,swvl1,351848,2.705650e-02,4.505966e-02,2.089178e-03
climatology,val,90,2024-07-05T00:00:00,2024-07-05T06:00:00,stl1,351848,2.343675e+00,3.436465e+00,-6.696627e-01
climatology,val,90,2024-07-05T00:00:00,2024-07-05T06:00:00,sd,351848,2.287368e-03,1.280419e-02,1.835615e-03
climatology,val,91,2024-07-05T01:00:00,2024-07-05T07:00:00,swvl1,351848,2.706157e-02,4.509437e-02,2.119837e-03
climatology,val,91,2024-07-05T01:00:00,2024-07-05T07:00:00,stl1,351848,2.328059e+00,3.443303e+00,-6.888442e-01
climatology,val,91,2024-07-05T01:00:00,2024-07-05T07:00:00,sd,351848,2.277684e-03,1.276737e-02,1.826573e-03
climatology,val,92,2024-07-05T02:00:00,2024-07-05T08:00:00,swvl1,351848,2.708424e-02,4.516872e-02,2.117288e-03
climatology,val,92,2024-07-05T02:00:00,2024-07-05T08:00:00,stl1,351848,2.342851e+00,3.473619e+00,-7.393492e-01
climatology,val,92,2024-07-05T02:00:00,2024-07-05T08:00:00,sd,351848,2.268409e-03,1.273072e-02,1.818007e-03
climatology,val,93,2024-07-05T03:00:00,2024-07-05T09:00:00,swvl1,351848,2.712021e-02,4.525543e-02,2.060562e-03
climatology,val,93,2024-07-05T03:00:00,2024-07-05T09:00:00,stl1,351848,2.365760e+00,3.489127e+00,-7.681783e-01
climatology,val,93,2024-07-05T03:00:00,2024-07-05T09:00:00,sd,351848,2.259840e-03,1.269457e-02,1.810140e-03
climatology,val,94,2024-07-05T04:00:00,2024-07-05T10:00:00,swvl1,351848,2.715190e-02,4.527027e-02,2.106414e-03
climatology,val,94,2024-07-05T04:00:00,2024-07-05T10:00:00,stl1,351848,2.408681e+00,3.522824e+00,-7.909884e-01
climatology,val,94,2024-07-05T04:00:00,2024-07-05T10:00:00,sd,351848,2.252948e-03,1.267559e-02,1.804179e-03
climatology,val,95,2024-07-05T05:00:00,2024-07-05T11:00:00,swvl1,351848,2.714614e-02,4.529139e-02,2.070198e-03
climatology,val,95,2024-07-05T05:00:00,2024-07-05T11:00:00,stl1,351848,2.392079e+00,3.488325e+00,-8.114750e-01
climatology,val,95,2024-07-05T05:00:00,2024-07-05T11:00:00,sd,351848,2.246269e-03,1.264535e-02,1.799878e-03
climatology,val,96,2024-07-05T06:00:00,2024-07-05T12:00:00,swvl1,351848,2.722763e-02,4.545983e-02,2.168320e-03
climatology,val,96,2024-07-05T06:00:00,2024-07-05T12:00:00,stl1,351848,2.435143e+00,3.539515e+00,-8.457033e-01
climatology,val,96,2024-07-05T06:00:00,2024-07-05T12:00:00,sd,351848,2.363807e-03,1.305731e-02,1.915184e-03
climatology,val,97,2024-07-05T07:00:00,2024-07-05T13:00:00,swvl1,351848,2.719176e-02,4.540426e-02,2.173575e-03
climatology,val,97,2024-07-05T07:00:00,2024-07-05T13:00:00,stl1,351848,2.431800e+00,3.536990e+00,-8.496650e-01
climatology,val,97,2024-07-05T07:00:00,2024-07-05T13:00:00,sd,351848,2.359270e-03,1.303497e-02,1.911975e-03
climatology,val,98,2024-07-05T08:00:00,2024-07-05T14:00:00,swvl1,351848,2.714542e-02,4.533172e-02,2.159916e-03
climatology,val,98,2024-07-05T08:00:00,2024-07-05T14:00:00,stl1,351848,2.403327e+00,3.498841e+00,-8.839374e-01
climatology,val,98,2024-07-05T08:00:00,2024-07-05T14:00:00,sd,351848,2.354739e-03,1.301273e-02,1.908435e-03
climatology,val,99,2024-07-05T09:00:00,2024-07-05T15:00:00,swvl1,351848,2.711073e-02,4.527034e-02,2.145333e-03
climatology,val,99,2024-07-05T09:00:00,2024-07-05T15:00:00,stl1,351848,2.388089e+00,3.460234e+00,-8.686261e-01
climatology,val,99,2024-07-05T09:00:00,2024-07-05T15:00:00,sd,351848,2.349844e-03,1.298928e-02,1.904004e-03
climatology,val,100,2024-07-05T10:00:00,2024-07-05T16:00:00,swvl1,351848,2.708656e-02,4.523381e-02,2.131079e-03
climatology,val,100,2024-07-05T10:00:00,2024-07-05T16:00:00,stl1,351848,2.378730e+00,3.462168e+00,-8.785461e-01
climatology,val,100,2024-07-05T10:00:00,2024-07-05T16:00:00,sd,351848,2.344235e-03,1.296442e-02,1.898582e-03
climatology,val,101,2024-07-05T11:00:00,2024-07-05T17:00:00,swvl1,351848,2.706766e-02,4.522979e-02,2.098531e-03
climatology,val,101,2024-07-05T11:00:00,2024-07-05T17:00:00,stl1,351848,2.319883e+00,3.377285e+00,-8.710340e-01
climatology,val,101,2024-07-05T11:00:00,2024-07-05T17:00:00,sd,351848,2.337705e-03,1.293671e-02,1.892043e-03
climatology,val,102,2024-07-05T12:00:00,2024-07-05T18:00:00,swvl1,351848,2.705591e-02,4.524437e-02,2.059514e-03
climatology,val,102,2024-07-05T12:00:00,2024-07-05T18:00:00,stl1,351848,2.314197e+00,3.364445e+00,-8.738204e-01
climatology,val,102,2024-07-05T12:00:00,2024-07-05T18:00:00,sd,351848,2.330923e-03,1.290750e-02,1.885032e-03
climatology,val,103,2024-07-05T13:00:00,2024-07-05T19:00:00,swvl1,351848,2.706440e-02,4.529963e-02,2.008296e-03
climatology,val,103,2024-07-05T13:00:00,2024-07-05T19:00:00,stl1,351848,2.331314e+00,3.381664e+00,-8.624068e-01
climatology,val,103,2024-07-05T13:00:00,2024-07-05T19:00:00,sd,351848,2.323648e-03,1.287712e-02,1.877466e-03
climatology,val,104,2024-07-05T14:00:00,2024-07-05T20:00:00,swvl1,351848,2.706210e-02,4.534108e-02,1.944287e-03
climatology,val,104,2024-07-05T14:00:00,2024-07-05T20:00:00,stl1,351848,2.298934e+00,3.348516e+00,-8.393527e-01
climatology,val,104,2024-07-05T14:00:00,2024-07-05T20:00:00,sd,351848,2.315966e-03,1.284564e-02,1.869460e-03
climatology,val,105,2024-07-05T15:00:00,2024-07-05T21:00:00,swvl1,351848,2.706941e-02,4.539848e-02,1.892815e-03
climatology,val,105,2024-07-05T15:00:00,2024-07-05T21:00:00,stl1,351848,2.306803e+00,3.371995e+00,-8.685215e-01
climatology,val,105,2024-07-05T15:00:00,2024-07-05T21:00:00,sd,351848,2.308322e-03,1.281497e-02,1.861495e-03
climatology,val,106,2024-07-05T16:00:00,2024-07-05T22:00:00,swvl1,351848,2.695358e-02,4.510711e-02,1.841305e-03
climatology,val,106,2024-07-05T16:00:00,2024-07-05T22:00:00,stl1,351848,2.302876e+00,3.348621e+00,-8.217897e-01
climatology,val,106,2024-07-05T16:00:00,2024-07-05T22:00:00,sd,351848,2.301525e-03,1.279298e-02,1.854010e-03
climatology,val,107,2024-07-05T17:00:00,2024-07-05T23:00:00,swvl1,351848,2.694170e-02,4.509363e-02,1.848678e-03
climatology,val,107,2024-07-05T17:00:00,2024-07-05T23:00:00,stl1,351848,2.290812e+00,3.341396e+00,-7.876311e-01
climatology,val,107,2024-07-05T17:00:00,2024-07-05T23:00:00,sd,351848,2.295209e-03,1.276889e-02,1.846997e-03
climatology,val,108,2024-07-05T18:00:00,2024-07-06T00:00:00,swvl1,351848,2.721444e-02,4.564937e-02,1.879709e-03
climatology,val,108,2024-07-05T18:00:00,2024-07-06T00:00:00,stl1,351848,2.318022e+00,3.389508e+00,-7.935816e-01
climatology,val,108,2024-07-05T18:00:00,2024-07-06T00:00:00,sd,351848,2.346104e-03,1.307349e-02,1.890865e-03
climatology,val,109,2024-07-05T19:00:00,2024-07-06T01:00:00,swvl1,351848,2.723845e-02,4.569694e-02,1.897217e-03
climatology,val,109,2024-07-05T19:00:00,2024-07-06T01:00:00,stl1,351848,2.297595e+00,3.380186e+00,-7.878077e-01
climatology,val,109,2024-07-05T19:00:00,2024-07-06T01:00:00,sd,351848,2.339637e-03,1.305121e-02,1.883509e-03
climatology,val,110,2024-07-05T20:00:00,2024-07-06T02:00:00,swvl1,351848,2.726896e-02,4.574625e-02,1.914343e-03
climatology,val,110,2024-07-05T20:00:00,2024-07-06T02:00:00,stl1,351848,2.289542e+00,3.381533e+00,-7.353040e-01
climatology,val,110,2024-07-05T20:00:00,2024-07-06T02:00:00,sd,351848,2.333551e-03,1.302989e-02,1.876661e-03
climatology,val,111,2024-07-05T21:00:00,2024-07-06T03:00:00,swvl1,351848,2.730324e-02,4.579333e-02,1.935659e-03
climatology,val,111,2024-07-05T21:00:00,2024-07-06T03:00:00,stl1,351848,2.277542e+00,3.355248e+00,-6.982241e-01
climatology,val,111,2024-07-05T21:00:00,2024-07-06T03:00:00,sd,351848,2.326601e-03,1.300522e-02,1.868935e-03
climatology,val,112,2024-07-05T22:00:00,2024-07-06T04:00:00,swvl1,351848,2.735557e-02,4.587243e-02,1.942225e-03
climatology,val,112,2024-07-05T22:00:00,2024-07-06T04:00:00,stl1,351848,2.274636e+00,3.355758e+00,-6.732100e-01
climatology,val,112,2024-07-05T22:00:00,2024-07-06T04:00:00,sd,351848,2.319254e-03,1.297851e-02,1.860951e-03
climatology,val,113,2024-07-05T23:00:00,2024-07-06T05:00:00,swvl1,351848,2.740916e-02,4.595685e-02,1.951389e-03
climatology,val,113,2024-07-05T23:00:00,2024-07-06T05:00:00,stl1,351848,2.301995e+00,3.420859e+00,-6.618239e-01
climatology,val,113,2024-07-05T23:00:00,2024-07-06T05:00:00,sd,351848,2.311250e-03,1.294931e-02,1.852523e-03
climatology,val,114,2024-07-06T00:00:00,2024-07-06T06:00:00,swvl1,351848,2.746279e-02,4.605632e-02,1.943429e-03
climatology,val,114,2024-07-06T00:00:00,2024-07-06T06:00:00,stl1,351848,2.318947e+00,3.446531e+00,-6.121710e-01
climatology,val,114,2024-07-06T00:00:00,2024-07-06T06:00:00,sd,351848,2.302129e-03,1.291566e-02,1.843224e-03
climatology,val,115,2024-07-06T01:00:00,2024-07-06T07:00:00,swvl1,351848,2.751819e-02,4.617517e-02,1.923074e-03
climatology,val,115,2024-07-06T01:00:00,2024-07-06T07:00:00,stl1,351848,2.307760e+00,3.453063e+00,-6.059112e-01
climatology,val,115,2024-07-06T01:00:00,2024-07-06T07:00:00,sd,351848,2.292684e-03,1.287934e-02,1.833748e-03
climatology,val,116,2024-07-06T02:00:00,2024-07-06T08:00:00,swvl1,351848,2.756612e-02,4.630268e-02,1.885645e-03
climatology,val,116,2024-07-06T02:00:00,2024-07-06T08:00:00,stl1,351848,2.324977e+00,3.484865e+00,-6.465644e-01
climatology,val,116,2024-07-06T02:00:00,2024-07-06T08:00:00,sd,351848,2.283669e-03,1.284362e-02,1.824816e-03
climatology,val,117,2024-07-06T03:00:00,2024-07-06T09:00:00,swvl1,351848,2.760217e-02,4.639459e-02,1.845547e-03
climatology,val,117,2024-07-06T03:00:00,2024-07-06T09:00:00,stl1,351848,2.348651e+00,3.513695e+00,-6.642639e-01
climatology,val,117,2024-07-06T03:00:00,2024-07-06T09:00:00,sd,351848,2.275168e-03,1.280852e-02,1.816822e-03
climatology,val,118,2024-07-06T04:00:00,2024-07-06T10:00:00,swvl1,351848,2.770471e-02,4.648726e-02,1.905551e-03
climatology,val,118,2024-07-06T04:00:00,2024-07-06T10:00:00,stl1,351848,2.392308e+00,3.549388e+00,-6.541108e-01
climatology,val,118,2024-07-06T04:00:00,2024-07-06T10:00:00,sd,351848,2.269637e-03,1.279409e-02,1.811874e-03
climatology,val,119,2024-07-06T05:00:00,2024-07-06T11:00:00,swvl1,351848,2.775096e-02,4.660105e-02,1.857005e-03
climatology,val,119,2024-07-06T05:00:00,2024-07-06T11:00:00,stl1,351848,2.393293e+00,3.536544e+00,-7.032366e-01
climatology,val,119,2024-07-06T05:00:00,2024-07-06T11:00:00,sd,351848,2.263281e-03,1.276480e-02,1.807152e-03
climatology,val,120,2024-07-06T06:00:00,2024-07-06T12:00:00,swvl1,351848,2.788455e-02,4.687640e-02,1.900947e-03
climatology,val,120,2024-07-06T06:00:00,2024-07-06T12:00:00,stl1,351848,2.432537e+00,3.578037e+00,-7.649560e-01
climatology,val,120,2024-07-06T06:00:00,2024-07-06T12:00:00,sd,351848,2.380614e-03,1.317493e-02,1.922086e-03
climatology,val,121,2024-07-06T07:00:00,2024-07-06T13:00:00,swvl1,351848,2.792403e-02,4.698772e-02,1.831469e-03
climatology,val,121,2024-07-06T07:00:00,2024-07-06T13:00:00,stl1,351848,2.428545e+00,3.575516e+00,-8.062670e-01
climatology,val,121,2024-07-06T07:00:00,2024-07-06T13:00:00,sd,351848,2.375757e-03,1.315122e-02,1.918482e-03
climatology,val,122,2024-07-06T08:00:00,2024-07-06T14:00:00,swvl1,351848,2.799032e-02,4.710345e-02,1.783969e-03
climatology,val,122,2024-07-06T08:00:00,2024-07-06T14:00:00,stl1,351848,2.397677e+00,3.535613e+00,-8.342872e-01
climatology,val,122,2024-07-06T08:00:00,2024-07-06T14:00:00,sd,351848,2.370664e-03,1.312686e-02,1.914423e-03
climatology,val,123,2024-07-06T09:00:00,2024-07-06T15:00:00,swvl1,351848,2.807062e-02,4.722941e-02,1.734157e-03
climatology,val,123,2024-07-06T09:00:00,2024-07-06T15:00:00,stl1,351848,2.389438e+00,3.512063e+00,-8.741813e-01
climatology,val,123,2024-07-06T09:00:00,2024-07-06T15:00:00,sd,351848,2.365066e-03,1.310076e-02,1.909514e-03
climatology,val,124,2024-07-06T10:00:00,2024-07-06T16:00:00,swvl1,351848,2.814218e-02,4.734642e-02,1.666691e-03
climatology,val,124,2024-07-06T10:00:00,2024-07-06T16:00:00,stl1,351848,2.386067e+00,3.515161e+00,-8.881269e-01
climatology,val,124,2024-07-06T10:00:00,2024-07-06T16:00:00,sd,351848,2.358801e-03,1.307314e-02,1.903705e-03
climatology,val,125,2024-07-06T11:00:00,2024-07-06T17:00:00,swvl1,351848,2.820478e-02,4.747424e-02,1.599424e-03
climatology,val,125,2024-07-06T11:00:00,2024-07-06T17:00:00,stl1,351848,2.338325e+00,3.442222e+00,-8.661562e-01
climatology,val,125,2024-07-06T11:00:00,2024-07-06T17:00:00,sd,351848,2.351827e-03,1.304296e-02,1.896860e-03
climatology,val,126,2024-07-06T12:00:00,2024-07-06T18:00:00,swvl1,351848,2.824670e-02,4.759145e-02,1.522211e-03
climatology,val,126,2024-07-06T12:00:00,2024-07-06T18:00:00,stl1,351848,2.331747e+00,3.435590e+00,-8.652632e-01
climatology,val,126,2024-07-06T12:00:00,2024-07-06T18:00:00,sd,351848,2.344664e-03,1.301131e-02,1.889618e-03
climatology,val,127,2024-07-06T13:00:00,2024-07-06T19:00:00,swvl1,351848,2.829247e-02,4.772885e-02,1.447704e-03
climatology,val,127,2024-07-06T13:00:00,2024-07-06T19:00:00,stl1,351848,2.341923e+00,3.438284e+00,-8.581278e-01
climatology,val,127,2024-07-06T13:00:00,2024-07-06T19:00:00,sd,351848,2.337027e-03,1.297902e-02,1.881819e-03
climatology,val,128,2024-07-06T14:00:00,2024-07-06T20:00:00,swvl1,351848,2.834258e-02,4.786488e-02,1.383405e-03
climatology,val,128,2024-07-06T14:00:00,2024-07-06T20:00:00,stl1,351848,2.313338e+00,3.405147e+00,-8.407121e-01
climatology,val,128,2024-07-06T14:00:00,2024-07-06T20:00:00,sd,351848,2.329016e-03,1.294577e-02,1.873672e-03
climatology,val,129,2024-07-06T15:00:00,2024-07-06T21:00:00,swvl1,351848,2.839696e-02,4.800087e-02,1.327922e-03
climatology,val,129,2024-07-06T15:00:00,2024-07-06T21:00:00,stl1,351848,2.312987e+00,3.412818e+00,-8.532456e-01
climatology,val,129,2024-07-06T15:00:00,2024-07-06T21:00:00,sd,351848,2.321056e-03,1.291345e-02,1.865517e-03
climatology,val,130,2024-07-06T16:00:00,2024-07-06T22:00:00,swvl1,351848,2.831527e-02,4.779417e-02,1.304617e-03
climatology,val,130,2024-07-06T16:00:00,2024-07-06T22:00:00,stl1,351848,2.291855e+00,3.356273e+00,-8.072833e-01
climatology,val,130,2024-07-06T16:00:00,2024-07-06T22:00:00,sd,351848,2.315739e-03,1.289455e-02,1.858709e-03
climatology,val,131,2024-07-06T17:00:00,2024-07-06T23:00:00,swvl1,351848,2.837443e-02,4.793882e-02,1.254570e-03
climatology,val,131,2024-07-06T17:00:00,2024-07-06T23:00:00,stl1,351848,2.281264e+00,3.339948e+00,-7.986135e-01
climatology,val,131,2024-07-06T17:00:00,2024-07-06T23:00:00,sd,351848,2.309455e-03,1.287035e-02,1.851792e-03
climatology,val,132,2024-07-06T18:00:00,2024-07-07T00:00:00,swvl1,351848,2.867802e-02,4.856988e-02,1.241935e-03
climatology,val,132,2024-07-06T18:00:00,2024-07-07T00:00:00,stl1,351848,2.309684e+00,3.378873e+00,-8.145288e-01
climatology,val,132,2024-07-06T18:00:00,2024-07-07T00:00:00,sd,351848,2.358863e-03,1.316775e-02,1.894781e-03
climatology,val,133,2024-07-06T19:00:00,2024-07-07T01:00:00,swvl1,351848,2.873098e-02,4.868009e-02,1.226140e-03
climatology,val,133,2024-07-06T19:00:00,2024-07-07T01:00:00,stl1,351848,2.300822e+00,3.376545e+00,-7.955651e-01
climatology,val,133,2024-07-06T19:00:00,2024-07-07T01:00:00,sd,351848,2.352039e-03,1.314554e-02,1.888126e-03
climatology,val,134,2024-07-06T20:00:00,2024-07-07T02:00:00,swvl1,351848,2.876415e-02,4.876695e-02,1.230297e-03
climatology,val,134,2024-07-06T20:00:00,2024-07-07T02:00:00,stl1,351848,2.308587e+00,3.405079e+00,-7.729178e-01
climatology,val,134,2024-07-06T20:00:00,2024-07-07T02:00:00,sd,351848,2.345539e-03,1.312433e-02,1.881858e-03
climatology,val,135,2024-07-06T21:00:00,2024-07-07T03:00:00,swvl1,351848,2.878830e-02,4.884748e-02,1.241378e-03
climatology,val,135,2024-07-06T21:00:00,2024-07-07T03:00:00,stl1,351848,2.337279e+00,3.443896e+00,-7.438953e-01
climatology,val,135,2024-07-06T21:00:00,2024-07-07T03:00:00,sd,351848,2.338145e-03,1.309952e-02,1.874799e-03
climatology,val,136,2024-07-06T22:00:00,2024-07-07T04:00:00,swvl1,351848,2.881929e-02,4.892655e-02,1.261639e-03
climatology,val,136,2024-07-06T22:00:00,2024-07-07T04:00:00,stl1,351848,2.319256e+00,3.424738e+00,-7.215734e-01
climatology,val,136,2024-07-06T22:00:00,2024-07-07T04:00:00,sd,351848,2.330217e-03,1.307255e-02,1.867600e-03
climatology,val,137,2024-07-06T23:00:00,2024-07-07T05:00:00,swvl1,351848,2.885836e-02,4.901049e-02,1.297372e-03
climatology,val,137,2024-07-06T23:00:00,2024-07-07T05:00:00,stl1,351848,2.364077e+00,3.467432e+00,-6.941320e-01
climatology,val,137,2024-07-06T23:00:00,2024-07-07T05:00:00,sd,351848,2.321741e-03,1.304316e-02,1.859858e-03
climatology,val,138,2024-07-07T00:00:00,2024-07-07T06:00:00,swvl1,351848,2.889187e-02,4.907569e-02,1.329124e-03
climatology,val,138,2024-07-07T00:00:00,2024-07-07T06:00:00,stl1,351848,2.360753e+00,3.481761e+00,-6.481988e-01
climatology,val,138,2024-07-07T00:00:00,2024-07-07T06:00:00,sd,351848,2.312408e-03,1.300963e-02,1.851472e-03
climatology,val,139,2024-07-07T01:00:00,2024-07-07T07:00:00,swvl1,351848,2.892573e-02,4.913653e-02,1.350334e-03
climatology,val,139,2024-07-07T01:00:00,2024-07-07T07:00:00,stl1,351848,2.361908e+00,3.507728e+00,-6.173630e-01
climatology,val,139,2024-07-07T01:00:00,2024-07-07T07:00:00,sd,351848,2.302752e-03,1.297345e-02,1.842829e-03
climatology,val,140,2024-07-07T02:00:00,2024-07-07T08:00:00,swvl1,351848,2.895730e-02,4.918567e-02,1.369611e-03
climatology,val,140,2024-07-07T02:00:00,2024-07-07T08:00:00,stl1,351848,2.368295e+00,3.529848e+00,-6.313821e-01
climatology,val,140,2024-07-07T02:00:00,2024-07-07T08:00:00,sd,351848,2.293490e-03,1.293748e-02,1.834678e-03
climatology,val,141,2024-07-07T03:00:00,2024-07-07T09:00:00,swvl1,351848,2.899914e-02,4.926737e-02,1.389295e-03
climatology,val,141,2024-07-07T03:00:00,2024-07-07T09:00:00,stl1,351848,2.363796e+00,3.537523e+00,-6.587813e-01
climatology,val,141,2024-07-07T03:00:00,2024-07-07T09:00:00,sd,351848,2.284847e-03,1.290203e-02,1.827242e-03
climatology,val,142,2024-07-07T04:00:00,2024-07-07T10:00:00,swvl1,351848,2.910745e-02,4.933721e-02,1.364016e-03
climatology,val,142,2024-07-07T04:00:00,2024-07-07T10:00:00,stl1,351848,2.362245e+00,3.520900e+00,-6.747610e-01
climatology,val,142,2024-07-07T04:00:00,2024-07-07T10:00:00,sd,351848,2.281894e-03,1.289400e-02,1.821437e-03
climatology,val,143,2024-07-07T05:00:00,2024-07-07T11:00:00,swvl1,351848,2.915042e-02,4.940778e-02,1.411077e-03
climatology,val,143,2024-07-07T05:00:00,2024-07-07T11:00:00,stl1,351848,2.359106e+00,3.503515e+00,-6.916859e-01
climatology,val,143,2024-07-07T05:00:00,2024-07-07T11:00:00,sd,351848,2.276304e-03,1.286609e-02,1.816086e-03
climatology,val,144,2024-07-07T06:00:00,2024-07-07T12:00:00,swvl1,351848,2.928587e-02,4.962474e-02,1.582537e-03
climatology,val,144,2024-07-07T06:00:00,2024-07-07T12:00:00,stl1,351848,2.387014e+00,3.535881e+00,-7.633815e-01
climatology,val,144,2024-07-07T06:00:00,2024-07-07T12:00:00,sd,351848,2.394146e-03,1.327558e-02,1.930468e-03
climatology,val,145,2024-07-07T07:00:00,2024-07-07T13:00:00,swvl1,351848,2.932392e-02,4.964398e-02,1.634729e-03
climatology,val,145,2024-07-07T07:00:00,2024-07-07T13:00:00,stl1,351848,2.396798e+00,3.552311e+00,-8.185626e-01
climatology,val,145,2024-07-07T07:00:00,2024-07-07T13:00:00,sd,351848,2.389740e-03,1.325235e-02,1.926380e-03
climatology,val,146,2024-07-07T08:00:00,2024-07-07T14:00:00,swvl1,351848,2.936453e-02,4.965848e-02,1.679648e-03
climatology,val,146,2024-07-07T08:00:00,2024-07-07T14:00:00,stl1,351848,2.410194e+00,3.550126e+00,-8.205127e-01
climatology,val,146,2024-07-07T08:00:00,2024-07-07T14:00:00,sd,351848,2.385092e-03,1.322838e-02,1.922022e-03
climatology,val,147,2024-07-07T09:00:00,2024-07-07T15:00:00,swvl1,351848,2.940212e-02,4.968451e-02,1.727900e-03
climatology,val,147,2024-07-07T09:00:00,2024-07-07T15:00:00,stl1,351848,2.412102e+00,3.555766e+00,-8.609039e-01
climatology,val,147,2024-07-07T09:00:00,2024-07-07T15:00:00,sd,351848,2.379787e-03,1.320245e-02,1.917151e-03
climatology,val,148,2024-07-07T10:00:00,2024-07-07T16:00:00,swvl1,351848,2.944068e-02,4.970396e-02,1.763850e-03
climatology,val,148,2024-07-07T10:00:00,2024-07-07T16:00:00,stl1,351848,2.424046e+00,3.566449e+00,-9.035041e-01
climatology,val,148,2024-07-07T10:00:00,2024-07-07T16:00:00,sd,351848,2.373700e-03,1.317483e-02,1.911388e-03
climatology,val,149,2024-07-07T11:00:00,2024-07-07T17:00:00,swvl1,351848,2.946785e-02,4.970343e-02,1.806782e-03
climatology,val,149,2024-07-07T11:00:00,2024-07-07T17:00:00,stl1,351848,2.383918e+00,3.513300e+00,-9.191676e-01
climatology,val,149,2024-07-07T11:00:00,2024-07-07T17:00:00,sd,351848,2.366653e-03,1.314419e-02,1.904674e-03
climatology,val,150,2024-07-07T12:00:00,2024-07-07T18:00:00,swvl1,351848,2.951244e-02,4.972253e-02,1.841390e-03
climatology,val,150,2024-07-07T12:00:00,2024-07-07T18:00:00,stl1,351848,2.385449e+00,3.509460e+00,-9.484505e-01
climatology,val,150,2024-07-07T12:00:00,2024-07-07T18:00:00,sd,351848,2.359233e-03,1.311204e-02,1.897664e-03
climatology,val,151,2024-07-07T13:00:00,2024-07-07T19:00:00,swvl1,351848,2.954177e-02,4.973099e-02,1.877137e-03
climatology,val,151,2024-07-07T13:00:00,2024-07-07T19:00:00,stl1,351848,2.399364e+00,3.524531e+00,-9.684074e-01
climatology,val,151,2024-07-07T13:00:00,2024-07-07T19:00:00,sd,351848,2.351223e-03,1.307926e-02,1.890021e-03
climatology,val,152,2024-07-07T14:00:00,2024-07-07T20:00:00,swvl1,351848,2.957532e-02,4.975965e-02,1.904654e-03
climatology,val,152,2024-07-07T14:00:00,2024-07-07T20:00:00,stl1,351848,2.369225e+00,3.499154e+00,-9.799412e-01
climatology,val,152,2024-07-07T14:00:00,2024-07-07T20:00:00,sd,351848,2.342868e-03,1.304539e-02,1.881927e-03
climatology,val,153,2024-07-07T15:00:00,2024-07-07T21:00:00,swvl1,351848,2.958123e-02,4.975186e-02,1.950479e-03
climatology,val,153,2024-07-07T15:00:00,2024-07-07T21:00:00,stl1,351848,2.385696e+00,3.502139e+00,-9.653586e-01
climatology,val,153,2024-07-07T15:00:00,2024-07-07T21:00:00,sd,351848,2.334687e-03,1.301293e-02,1.873869e-03
climatology,val,154,2024-07-07T16:00:00,2024-07-07T22:00:00,swvl1,351848,2.944573e-02,4.951232e-02,1.935543e-03
climatology,val,154,2024-07-07T16:00:00,2024-07-07T22:00:00,stl1,351848,2.369341e+00,3.486689e+00,-9.606345e-01
climatology,val,154,2024-07-07T16:00:00,2024-07-07T22:00:00,sd,351848,2.328857e-03,1.299512e-02,1.868397e-03
climatology,val,155,2024-07-07T17:00:00,2024-07-07T23:00:00,swvl1,351848,2.945090e-02,4.950345e-02,1.986399e-03
climatology,val,155,2024-07-07T17:00:00,2024-07-07T23:00:00,stl1,351848,2.354990e+00,3.467392e+00,-9.411012e-01
climatology,val,155,2024-07-07T17:00:00,2024-07-07T23:00:00,sd,351848,2.322437e-03,1.297129e-02,1.861861e-03
climatology,val,156,2024-07-07T18:00:00,2024-07-08T00:00:00,swvl1,351848,2.966728e-02,4.992991e-02,2.069352e-03
climatology,val,156,2024-07-07T18:00:00,2024-07-08T00:00:00,stl1,351848,2.395639e+00,3.520248e+00,-9.411191e-01
climatology,val,156,2024-07-07T18:00:00,2024-07-08T00:00:00,sd,351848,2.372551e-03,1.325845e-02,1.905579e-03
climatology,val,157,2024-07-07T19:00:00,2024-07-08T01:00:00,swvl1,351848,2.965244e-02,4.987629e-02,2.146092e-03
climatology,val,157,2024-07-07T19:00:00,2024-07-08T01:00:00,stl1,351848,2.398236e+00,3.535367e+00,-9.392552e-01
climatology,val,157,2024-07-07T19:00:00,2024-07-08T01:00:00,sd,351848,2.366075e-03,1.323713e-02,1.898732e-03
climatology,val,158,2024-07-07T20:00:00,2024-07-08T02:00:00,swvl1,351848,2.962103e-02,4.978697e-02,2.248458e-03
climatology,val,158,2024-07-07T20:00:00,2024-07-08T02:00:00,stl1,351848,2.423869e+00,3.573308e+00,-9.245269e-01
climatology,val,158,2024-07-07T20:00:00,2024-07-08T02:00:00,sd,351848,2.360051e-03,1.321675e-02,1.892468e-03
climatology,val,159,2024-07-07T21:00:00,2024-07-08T03:00:00,swvl1,351848,2.959069e-02,4.969447e-02,2.350861e-03
climatology,val,159,2024-07-07T21:00:00,2024-07-08T03:00:00,stl1,351848,2.434071e+00,3.609182e+00,-9.018897e-01
climatology,val,159,2024-07-07T21:00:00,2024-07-08T03:00:00,sd,351848,2.353055e-03,1.319265e-02,1.885769e-03
climatology,val,160,2024-07-07T22:00:00,2024-07-08T04:00:00,swvl1,351848,2.955603e-02,4.960090e-02,2.463099e-03
climatology,val,160,2024-07-07T22:00:00,2024-07-08T04:00:00,stl1,351848,2.438732e+00,3.612214e+00,-8.601464e-01
climatology,val,160,2024-07-07T22:00:00,2024-07-08T04:00:00,sd,351848,2.345579e-03,1.316632e-02,1.878837e-03
climatology,val,161,2024-07-07T23:00:00,2024-07-08T05:00:00,swvl1,351848,2.953727e-02,4.952969e-02,2.576080e-03
climatology,val,161,2024-07-07T23:00:00,2024-07-08T05:00:00,stl1,351848,2.467410e+00,3.651924e+00,-8.853319e-01
climatology,val,161,2024-07-07T23:00:00,2024-07-08T05:00:00,sd,351848,2.337348e-03,1.313726e-02,1.871377e-03
climatology,val,162,2024-07-08T00:00:00,2024-07-08T06:00:00,swvl1,351848,2.951873e-02,4.947584e-02,2.683620e-03
climatology,val,162,2024-07-08T00:00:00,2024-07-08T06:00:00,stl1,351848,2.460966e+00,3.647153e+00,-8.259825e-01
climatology,val,162,2024-07-08T00:00:00,2024-07-08T06:00:00,sd,351848,2.327995e-03,1.310332e-02,1.863145e-03
climatology,val,163,2024-07-08T01:00:00,2024-07-08T07:00:00,swvl1,351848,2.952089e-02,4.944991e-02,2.755878e-03
climatology,val,163,2024-07-08T01:00:00,2024-07-08T07:00:00,stl1,351848,2.443024e+00,3.636628e+00,-7.995661e-01
climatology,val,163,2024-07-08T01:00:00,2024-07-08T07:00:00,sd,351848,2.318279e-03,1.306622e-02,1.854584e-03
climatology,val,164,2024-07-08T02:00:00,2024-07-08T08:00:00,swvl1,351848,2.951786e-02,4.940780e-02,2.810148e-03
climatology,val,164,2024-07-08T02:00:00,2024-07-08T08:00:00,stl1,351848,2.457513e+00,3.664694e+00,-8.230510e-01
climatology,val,164,2024-07-08T02:00:00,2024-07-08T08:00:00,sd,351848,2.308876e-03,1.302900e-02,1.846509e-03
climatology,val,165,2024-07-08T03:00:00,2024-07-08T09:00:00,swvl1,351848,2.950736e-02,4.935934e-02,2.853650e-03
climatology,val,165,2024-07-08T03:00:00,2024-07-08T09:00:00,stl1,351848,2.460018e+00,3.676997e+00,-8.403757e-01
climatology,val,165,2024-07-08T03:00:00,2024-07-08T09:00:00,sd,351848,2.300037e-03,1.299208e-02,1.839092e-03
climatology,val,166,2024-07-08T04:00:00,2024-07-08T10:00:00,swvl1,351848,2.954604e-02,4.945611e-02,3.010217e-03
climatology,val,166,2024-07-08T04:00:00,2024-07-08T10:00:00,stl1,351848,2.497051e+00,3.707997e+00,-8.647847e-01
climatology,val,166,2024-07-08T04:00:00,2024-07-08T10:00:00,sd,351848,2.296270e-03,1.297962e-02,1.833984e-03
climatology,val,167,2024-07-08T05:00:00,2024-07-08T11:00:00,swvl1,351848,2.954382e-02,4.944948e-02,3.065962e-03
climatology,val,167,2024-07-08T05:00:00,2024-07-08T11:00:00,stl1,351848,2.524513e+00,3.720919e+00,-8.850896e-01
climatology,val,167,2024-07-08T05:00:00,2024-07-08T11:00:00,sd,351848,2.290301e-03,1.294960e-02,1.829057e-03
climatology,val,168,2024-07-08T06:00:00,2024-07-08T12:00:00,swvl1,351848,2.963368e-02,4.958188e-02,3.246510e-03
climatology,val,168,2024-07-08T06:00:00,2024-07-08T12:00:00,stl1,351848,2.563543e+00,3.778160e+00,-9.499655e-01
climatology,val,168,2024-07-08T06:00:00,2024-07-08T12:00:00,sd,351848,2.407865e-03,1.335665e-02,1.943829e-03
climatology,val,169,2024-07-08T07:00:00,2024-07-08T13:00:00,swvl1,351848,2.961918e-02,4.953482e-02,3.326640e-03
climatology,val,169,2024-07-08T07:00:00,2024-07-08T13:00:00,stl1,351848,2.577164e+00,3.782745e+00,-9.614710e-01
climatology,val,169,2024-07-08T07:00:00,2024-07-08T13:00:00,sd,351848,2.403249e-03,1.333279e-02,1.940081e-03
climatology,val,170,2024-07-08T08:00:00,2024-07-08T14:00:00,swvl1,351848,2.958970e-02,4.948564e-02,3.420956e-03
climatology,val,170,2024-07-08T08:00:00,2024-07-08T14:00:00,stl1,351848,2.588030e+00,3.801503e+00,-9.794406e-01
climatology,val,170,2024-07-08T08:00:00,2024-07-08T14:00:00,sd,351848,2.398376e-03,1.330849e-02,1.936022e-03
climatology,val,171,2024-07-08T09:00:00,2024-07-08T15:00:00,swvl1,351848,2.956243e-02,4.944329e-02,3.512425e-03
climatology,val,171,2024-07-08T09:00:00,2024-07-08T15:00:00,stl1,351848,2.598075e+00,3.822351e+00,-1.023213e+00
climatology,val,171,2024-07-08T09:00:00,2024-07-08T15:00:00,sd,351848,2.392861e-03,1.328216e-02,1.931326e-03
climatology,val,172,2024-07-08T10:00:00,2024-07-08T16:00:00,swvl1,351848,2.952985e-02,4.938393e-02,3.592331e-03
climatology,val,172,2024-07-08T10:00:00,2024-07-08T16:00:00,stl1,351848,2.621240e+00,3.866951e+00,-1.071103e+00
climatology,val,172,2024-07-08T10:00:00,2024-07-08T16:00:00,sd,351848,2.386600e-03,1.325398e-02,1.925798e-03
climatology,val,173,2024-07-08T11:00:00,2024-07-08T17:00:00,swvl1,351848,2.950844e-02,4.934249e-02,3.647082e-03
climatology,val,173,2024-07-08T11:00:00,2024-07-08T17:00:00,stl1,351848,2.598102e+00,3.822730e+00,-1.046040e+00
climatology,val,173,2024-07-08T11:00:00,2024-07-08T17:00:00,sd,351848,2.379445e-03,1.322305e-02,1.919425e-03
climatology,val,174,2024-07-08T12:00:00,2024-07-08T18:00:00,swvl1,351848,2.946496e-02,4.925231e-02,3.712592e-03
climatology,val,174,2024-07-08T12:00:00,2024-07-08T18:00:00,stl1,351848,2.589417e+00,3.817714e+00,-1.082928e+00
climatology,val,174,2024-07-08T12:00:00,2024-07-08T18:00:00,sd,351848,2.371991e-03,1.319054e-02,1.912756e-03
climatology,val,175,2024-07-08T13:00:00,2024-07-08T19:00:00,swvl1,351848,2.944108e-02,4.917245e-02,3.774066e-03
climatology,val,175,2024-07-08T13:00:00,2024-07-08T19:00:00,stl1,351848,2.590594e+00,3.823955e+00,-1.113747e+00
climatology,val,175,2024-07-08T13:00:00,2024-07-08T19:00:00,sd,351848,2.364084e-03,1.315755e-02,1.905559e-03
climatology,val,176,2024-07-08T14:00:00,2024-07-08T20:00:00,swvl1,351848,2.941611e-02,4.910646e-02,3.841491e-03
climatology,val,176,2024-07-08T14:00:00,2024-07-08T20:00:00,stl1,351848,2.575219e+00,3.805419e+00,-1.127195e+00
climatology,val,176,2024-07-08T14:00:00,2024-07-08T20:00:00,sd,351848,2.355888e-03,1.312371e-02,1.897985e-03
climatology,val,177,2024-07-08T15:00:00,2024-07-08T21:00:00,swvl1,351848,2.940460e-02,4.905580e-02,3.881587e-03
climatology,val,177,2024-07-08T15:00:00,2024-07-08T21:00:00,stl1,351848,2.581542e+00,3.810701e+00,-1.138029e+00
climatology,val,177,2024-07-08T15:00:00,2024-07-08T21:00:00,sd,351848,2.347778e-03,1.309107e-02,1.890442e-03
climatology,val,178,2024-07-08T16:00:00,2024-07-08T22:00:00,swvl1,351848,2.931767e-02,4.890169e-02,3.930134e-03
climatology,val,178,2024-07-08T16:00:00,2024-07-08T22:00:00,stl1,351848,2.549757e+00,3.775458e+00,-1.108818e+00
climatology,val,178,2024-07-08T16:00:00,2024-07-08T22:00:00,sd,351848,2.341902e-03,1.307199e-02,1.885268e-03
climatology,val,179,2024-07-08T17:00:00,2024-07-08T23:00:00,swvl1,351848,2.929812e-02,4.884819e-02,3.970832e-03
climatology,val,179,2024-07-08T17:00:00,2024-07-08T23:00:00,stl1,351848,2.518792e+00,3.748891e+00,-1.113739e+00
climatology,val,179,2024-07-08T17:00:00,2024-07-08T23:00:00,sd,351848,2.335221e-03,1.304713e-02,1.879290e-03
climatology,val,180,2024-07-08T18:00:00,2024-07-09T00:00:00,swvl1,351848,2.949317e-02,4.925448e-02,4.043672e-03
climatology,val,180,2024-07-08T18:00:00,2024-07-09T00:00:00,stl1,351848,2.527846e+00,3.780576e+00,-1.132877e+00
climatology,val,180,2024-07-08T18:00:00,2024-07-09T00:00:00,sd,351848,2.385796e-03,1.334992e-02,1.925260e-03
climatology,val,181,2024-07-08T19:00:00,2024-07-09T01:00:00,swvl1,351848,2.946825e-02,4.921043e-02,4.108192e-03
climatology,val,181,2024-07-08T19:00:00,2024-07-09T01:00:00,stl1,351848,2.505971e+00,3.757327e+00,-1.123500e+00
climatology,val,181,2024-07-08T19:00:00,2024-07-09T01:00:00,sd,351848,2.378825e-03,1.332704e-02,1.918984e-03
climatology,val,182,2024-07-08T20:00:00,2024-07-09T02:00:00,swvl1,351848,2.944342e-02,4.915521e-02,4.183638e-03
climatology,val,182,2024-07-08T20:00:00,2024-07-09T02:00:00,stl1,351848,2.570239e+00,3.829388e+00,-1.141735e+00
climatology,val,182,2024-07-08T20:00:00,2024-07-09T02:00:00,sd,351848,2.372353e-03,1.330506e-02,1.913254e-03
climatology,val,183,2024-07-08T21:00:00,2024-07-09T03:00:00,swvl1,351848,2.942102e-02,4.908707e-02,4.261014e-03
climatology,val,183,2024-07-08T21:00:00,2024-07-09T03:00:00,stl1,351848,2.602600e+00,3.866897e+00,-1.132090e+00
climatology,val,183,2024-07-08T21:00:00,2024-07-09T03:00:00,sd,351848,2.365032e-03,1.327935e-02,1.906896e-03
climatology,val,184,2024-07-08T22:00:00,2024-07-09T04:00:00,swvl1,351848,2.940255e-02,4.902682e-02,4.345758e-03
climatology,val,184,2024-07-08T22:00:00,2024-07-09T04:00:00,stl1,351848,2.623183e+00,3.868638e+00,-1.088046e+00
climatology,val,184,2024-07-08T22:00:00,2024-07-09T04:00:00,sd,351848,2.357133e-03,1.325124e-02,1.900209e-03
climatology,val,185,2024-07-08T23:00:00,2024-07-09T05:00:00,swvl1,351848,2.939455e-02,4.898866e-02,4.432534e-03
climatology,val,185,2024-07-08T23:00:00,2024-07-09T05:00:00,stl1,351848,2.689561e+00,3.912838e+00,-1.063435e+00
climatology,val,185,2024-07-08T23:00:00,2024-07-09T05:00:00,sd,351848,2.348369e-03,1.322006e-02,1.892871e-03
climatology,val,186,2024-07-09T00:00:00,2024-07-09T06:00:00,swvl1,351848,2.939513e-02,4.894929e-02,4.512434e-03
climatology,val,186,2024-07-09T00:00:00,2024-07-09T06:00:00,stl1,351848,2.686031e+00,3.896951e+00,-1.045058e+00
climatology,val,186,2024-07-09T00:00:00,2024-07-09T06:00:00,sd,351848,2.338589e-03,1.318426e-02,1.884577e-03
climatology,val,187,2024-07-09T01:00:00,2024-07-09T07:00:00,swvl1,351848,2.941376e-02,4.894022e-02,4.569164e-03
climatology,val,187,2024-07-09T01:00:00,2024-07-09T07:00:00,stl1,351848,2.689266e+00,3.902357e+00,-1.023282e+00
climatology,val,187,2024-07-09T01:00:00,2024-07-09T07:00:00,sd,351848,2.328389e-03,1.314536e-02,1.875867e-03
climatology,val,188,2024-07-09T02:00:00,2024-07-09T08:00:00,swvl1,351848,2.943326e-02,4.893619e-02,4.595457e-03
climatology,val,188,2024-07-09T02:00:00,2024-07-09T08:00:00,stl1,351848,2.713349e+00,3.911284e+00,-1.042801e+00
climatology,val,188,2024-07-09T02:00:00,2024-07-09T08:00:00,sd,351848,2.318624e-03,1.310650e-02,1.867509e-03
climatology,val,189,2024-07-09T03:00:00,2024-07-09T09:00:00,swvl1,351848,2.945478e-02,4.892153e-02,4.598681e-03
climatology,val,189,2024-07-09T03:00:00,2024-07-09T09:00:00,stl1,351848,2.726373e+00,3.933690e+00,-1.063422e+00
climatology,val,189,2024-07-09T03:00:00,2024-07-09T09:00:00,sd,351848,2.309465e-03,1.306799e-02,1.859778e-03
climatology,val,190,2024-07-09T04:00:00,2024-07-09T10:00:00,swvl1,351848,2.946082e-02,4.893501e-02,4.719527e-03
climatology,val,190,2024-07-09T04:00:00,2024-07-09T10:00:00,stl1,351848,2.677905e+00,3.905168e+00,-1.120302e+00
climatology,val,190,2024-07-09T04:00:00,2024-07-09T10:00:00,sd,351848,2.304629e-03,1.305295e-02,1.853531e-03
climatology,val,191,2024-07-09T05:00:00,2024-07-09T11:00:00,swvl1,351848,2.947186e-02,4.892998e-02,4.740727e-03
climatology,val,191,2024-07-09T05:00:00,2024-07-09T11:00:00,stl1,351848,2.665309e+00,3.886705e+00,-1.149155e+00
climatology,val,191,2024-07-09T05:00:00,2024-07-09T11:00:00,sd,351848,2.298157e-03,1.302158e-02,1.848304e-03
climatology,val,192,2024-07-09T06:00:00,2024-07-09T12:00:00,swvl1,351848,2.959001e-02,4.910527e-02,4.867093e-03
climatology,val,192,2024-07-09T06:00:00,2024-07-09T12:00:00,stl1,351848,2.699088e+00,3.926483e+00,-1.201033e+00
climatology,val,192,2024-07-09T06:00:00,2024-07-09T12:00:00,sd,351848,2.415306e-03,1.342596e-02,1.962750e-03
climatology,val,193,2024-07-09T07:00:00,2024-07-09T13:00:00,swvl1,351848,2.963557e-02,4.917107e-02,4.866480e-03
climatology,val,193,2024-07-09T07:00:00,2024-07-09T13:00:00,stl1,351848,2.705583e+00,3.932090e+00,-1.205701e+00
climatology,val,193,2024-07-09T07:00:00,2024-07-09T13:00:00,sd,351848,2.410288e-03,1.339974e-02,1.958772e-03
climatology,val,194,2024-07-09T08:00:00,2024-07-09T14:00:00,swvl1,351848,2.969443e-02,4.925894e-02,4.859082e-03
climatology,val,194,2024-07-09T08:00:00,2024-07-09T14:00:00,stl1,351848,2.692234e+00,3.910797e+00,-1.216449e+00
climatology,val,194,2024-07-09T08:00:00,2024-07-09T14:00:00,sd,351848,2.405021e-03,1.337282e-02,1.954497e-03
climatology,val,195,2024-07-09T09:00:00,2024-07-09T15:00:00,swvl1,351848,2.977086e-02,4.936861e-02,4.844344e-03
climatology,val,195,2024-07-09T09:00:00,2024-07-09T15:00:00,stl1,351848,2.706718e+00,3.932199e+00,-1.228961e+00
climatology,val,195,2024-07-09T09:00:00,2024-07-09T15:00:00,sd,351848,2.399278e-03,1.334409e-02,1.949525e-03
climatology,val,196,2024-07-09T10:00:00,2024-07-09T16:00:00,swvl1,351848,2.982689e-02,4.946256e-02,4.851531e-03
climatology,val,196,2024-07-09T10:00:00,2024-07-09T16:00:00,stl1,351848,2.739025e+00,3.981451e+00,-1.272512e+00
climatology,val,196,2024-07-09T10:00:00,2024-07-09T16:00:00,sd,351848,2.392796e-03,1.331349e-02,1.943701e-03
climatology,val,197,2024-07-09T11:00:00,2024-07-09T17:00:00,swvl1,351848,2.988323e-02,4.955834e-02,4.856725e-03
climatology,val,197,2024-07-09T11:00:00,2024-07-09T17:00:00,stl1,351848,2.705772e+00,3.923636e+00,-1.251946e+00
climatology,val,197,2024-07-09T11:00:00,2024-07-09T17:00:00,sd,351848,2.385442e-03,1.328053e-02,1.937021e-03
climatology,val,198,2024-07-09T12:00:00,2024-07-09T18:00:00,swvl1,351848,2.994252e-02,4.965193e-02,4.858217e-03
climatology,val,198,2024-07-09T12:00:00,2024-07-09T18:00:00,stl1,351848,2.706702e+00,3.931640e+00,-1.259181e+00
climatology,val,198,2024-07-09T12:00:00,2024-07-09T18:00:00,sd,351848,2.377846e-03,1.324649e-02,1.930013e-03
climatology,val,199,2024-07-09T13:00:00,2024-07-09T19:00:00,swvl1,351848,3.000523e-02,4.975920e-02,4.858467e-03
climatology,val,199,2024-07-09T13:00:00,2024-07-09T19:00:00,stl1,351848,2.714395e+00,3.949493e+00,-1.280002e+00
climatology,val,199,2024-07-09T13:00:00,2024-07-09T19:00:00,sd,351848,2.369728e-03,1.321210e-02,1.922497e-03
climatology,val,200,2024-07-09T14:00:00,2024-07-09T20:00:00,swvl1,351848,3.006832e-02,4.986813e-02,4.870215e-03
climatology,val,200,2024-07-09T14:00:00,2024-07-09T20:00:00,stl1,351848,2.689510e+00,3.933674e+00,-1.300723e+00
climatology,val,200,2024-07-09T14:00:00,2024-07-09T20:00:00,sd,351848,2.361264e-03,1.317704e-02,1.914715e-03
climatology,val,201,2024-07-09T15:00:00,2024-07-09T21:00:00,swvl1,351848,3.011013e-02,4.995565e-02,4.889958e-03
climatology,val,201,2024-07-09T15:00:00,2024-07-09T21:00:00,stl1,351848,2.682817e+00,3.923020e+00,-1.292349e+00
climatology,val,201,2024-07-09T15:00:00,2024-07-09T21:00:00,sd,351848,2.352861e-03,1.314370e-02,1.907120e-03
climatology,val,202,2024-07-09T16:00:00,2024-07-09T22:00:00,swvl1,351848,3.001986e-02,4.969486e-02,4.960376e-03
climatology,val,202,2024-07-09T16:00:00,2024-07-09T22:00:00,stl1,351848,2.675045e+00,3.910979e+00,-1.273062e+00
climatology,val,202,2024-07-09T16:00:00,2024-07-09T22:00:00,sd,351848,2.346292e-03,1.312228e-02,1.901668e-03
climatology,val,203,2024-07-09T17:00:00,2024-07-09T23:00:00,swvl1,351848,3.003628e-02,4.972624e-02,5.001568e-03
climatology,val,203,2024-07-09T17:00:00,2024-07-09T23:00:00,stl1,351848,2.663954e+00,3.915847e+00,-1.283191e+00
climatology,val,203,2024-07-09T17:00:00,2024-07-09T23:00:00,sd,351848,2.339225e-03,1.309650e-02,1.895800e-03
climatology,val,204,2024-07-09T18:00:00,2024-07-10T00:00:00,swvl1,351848,3.027636e-02,5.019754e-02,5.076061e-03
climatology,val,204,2024-07-09T18:00:00,2024-07-10T00:00:00,stl1,351848,2.691398e+00,3.975338e+00,-1.292932e+00
climatology,val,204,2024-07-09T18:00:00,2024-07-10T00:00:00,sd,351848,2.388920e-03,1.339551e-02,1.941101e-03
climatology,val,205,2024-07-09T19:00:00,2024-07-10T01:00:00,swvl1,351848,3.027941e-02,5.021173e-02,5.128683e-03
climatology,val,205,2024-07-09T19:00:00,2024-07-10T01:00:00,stl1,351848,2.689764e+00,3.981698e+00,-1.293008e+00
climatology,val,205,2024-07-09T19:00:00,2024-07-10T01:00:00,sd,351848,2.381603e-03,1.337181e-02,1.934884e-03
climatology,val,206,2024-07-09T20:00:00,2024-07-10T02:00:00,swvl1,351848,3.028194e-02,5.023084e-02,5.180265e-03
climatology,val,206,2024-07-09T20:00:00,2024-07-10T02:00:00,stl1,351848,2.755217e+00,4.071742e+00,-1.338410e+00
climatology,val,206,2024-07-09T20:00:00,2024-07-10T02:00:00,sd,351848,2.374751e-03,1.334879e-02,1.929193e-03
climatology,val,207,2024-07-09T21:00:00,2024-07-10T03:00:00,swvl1,351848,3.028109e-02,5.023770e-02,5.229186e-03
climatology,val,207,2024-07-09T21:00:00,2024-07-10T03:00:00,stl1,351848,2.794993e+00,4.110536e+00,-1.319524e+00
climatology,val,207,2024-07-09T21:00:00,2024-07-10T03:00:00,sd,351848,2.367098e-03,1.332200e-02,1.922660e-03
climatology,val,208,2024-07-09T22:00:00,2024-07-10T04:00:00,swvl1,351848,3.027298e-02,5.023732e-02,5.284769e-03
climatology,val,208,2024-07-09T22:00:00,2024-07-10T04:00:00,stl1,351848,2.792109e+00,4.116010e+00,-1.293128e+00
climatology,val,208,2024-07-09T22:00:00,2024-07-10T04:00:00,sd,351848,2.358890e-03,1.329277e-02,1.915680e-03
climatology,val,209,2024-07-09T23:00:00,2024-07-10T05:00:00,swvl1,351848,3.026728e-02,5.024625e-02,5.344175e-03
climatology,val,209,2024-07-09T23:00:00,2024-07-10T05:00:00,stl1,351848,2.871960e+00,4.184113e+00,-1.297791e+00
climatology,val,209,2024-07-09T23:00:00,2024-07-10T05:00:00,sd,351848,2.349805e-03,1.326032e-02,1.907983e-03
climatology,val,210,2024-07-10T00:00:00,2024-07-10T06:00:00,swvl1,351848,3.023733e-02,5.021622e-02,5.396992e-03
climatology,val,210,2024-07-10T00:00:00,2024-07-10T06:00:00,stl1,351848,2.870865e+00,4.172548e+00,-1.284859e+00
climatology,val,210,2024-07-10T00:00:00,2024-07-10T06:00:00,sd,351848,2.339636e-03,1.322292e-02,1.899272e-03
climatology,val,211,2024-07-10T01:00:00,2024-07-10T07:00:00,swvl1,351848,3.019519e-02,5.017194e-02,5.428871e-03
climatology,val,211,2024-07-10T01:00:00,2024-07-10T07:00:00,stl1,351848,2.861820e+00,4.165187e+00,-1.264270e+00
climatology,val,211,2024-07-10T01:00:00,2024-07-10T07:00:00,sd,351848,2.329063e-03,1.318224e-02,1.890138e-03
climatology,val,212,2024-07-10T02:00:00,2024-07-10T08:00:00,swvl1,351848,3.012714e-02,5.007758e-02,5.450213e-03
climatology,val,212,2024-07-10T02:00:00,2024-07-10T08:00:00,stl1,351848,2.863006e+00,4.170686e+00,-1.268359e+00
climatology,val,212,2024-07-10T02:00:00,2024-07-10T08:00:00,sd,351848,2.318893e-03,1.314130e-02,1.881364e-03
climatology,val,213,2024-07-10T03:00:00,2024-07-10T09:00:00,swvl1,351848,3.006027e-02,4.998178e-02,5.459434e-03
climatology,val,213,2024-07-10T03:00:00,2024-07-10T09:00:00,stl1,351848,2.835674e+00,4.144333e+00,-1.263395e+00
climatology,val,213,2024-07-10T03:00:00,2024-07-10T09:00:00,sd,351848,2.309375e-03,1.310071e-02,1.873153e-03
climatology,val,214,2024-07-10T04:00:00,2024-07-10T10:00:00,swvl1,351848,3.003175e-02,4.981748e-02,5.449930e-03
climatology,val,214,2024-07-10T04:00:00,2024-07-10T10:00:00,stl1,351848,2.818052e+00,4.118354e+00,-1.277169e+00
climatology,val,214,2024-07-10T04:00:00,2024-07-10T10:00:00,sd,351848,2.304735e-03,1.308251e-02,1.865449e-03
climatology,val,215,2024-07-10T05:00:00,2024-07-10T11:00:00,swvl1,351848,2.999783e-02,4.973044e-02,5.437273e-03
climatology,val,215,2024-07-10T05:00:00,2024-07-10T11:00:00,stl1,351848,2.789793e+00,4.074405e+00,-1.271334e+00
climatology,val,215,2024-07-10T05:00:00,2024-07-10T11:00:00,sd,351848,2.298863e-03,1.305063e-02,1.858939e-03
climatology,val,216,2024-07-10T06:00:00,2024-07-10T12:00:00,swvl1,351848,3.007028e-02,4.981051e-02,5.548660e-03
climatology,val,216,2024-07-10T06:00:00,2024-07-10T12:00:00,stl1,351848,2.803652e+00,4.090963e+00,-1.287330e+00
climatology,val,216,2024-07-10T06:00:00,2024-07-10T12:00:00,sd,351848,2.416536e-03,1.345427e-02,1.972478e-03
climatology,val,217,2024-07-10T07:00:00,2024-07-10T13:00:00,swvl1,351848,3.007027e-02,4.977435e-02,5.539181e-03
climatology,val,217,2024-07-10T07:00:00,2024-07-10T13:00:00,stl1,351848,2.786876e+00,4.058781e+00,-1.289029e+00
climatology,val,217,2024-07-10T07:00:00,2024-07-10T13:00:00,sd,351848,2.411726e-03,1.342794e-02,1.967779e-03
climatology,val,218,2024-07-10T08:00:00,2024-07-10T14:00:00,swvl1,351848,3.006635e-02,4.971906e-02,5.534938e-03
climatology,val,218,2024-07-10T08:00:00,2024-07-10T14:00:00,stl1,351848,2.765530e+00,4.004893e+00,-1.277077e+00
climatology,val,218,2024-07-10T08:00:00,2024-07-10T14:00:00,sd,351848,2.406574e-03,1.340066e-02,1.962900e-03
climatology,val,219,2024-07-10T09:00:00,2024-07-10T15:00:00,swvl1,351848,3.006197e-02,4.965536e-02,5.543356e-03
climatology,val,219,2024-07-10T09:00:00,2024-07-10T15:00:00,stl1,351848,2.773541e+00,3.994825e+00,-1.290444e+00
climatology,val,219,2024-07-10T09:00:00,2024-07-10T15:00:00,sd,351848,2.400649e-03,1.337072e-02,1.957756e-03
climatology,val,220,2024-07-10T10:00:00,2024-07-10T16:00:00,swvl1,351848,3.003151e-02,4.956083e-02,5.563674e-03
climatology,val,220,2024-07-10T10:00:00,2024-07-10T16:00:00,stl1,351848,2.772974e+00,4.002980e+00,-1.319968e+00
climatology,val,220,2024-07-10T10:00:00,2024-07-10T16:00:00,sd,351848,2.393964e-03,1.333893e-02,1.951831e-03
climatology,val,221,2024-07-10T11:00:00,2024-07-10T17:00:00,swvl1,351848,3.000487e-02,4.949049e-02,5.593061e-03
climatology,val,221,2024-07-10T11:00:00,2024-07-10T17:00:00,stl1,351848,2.724756e+00,3.935238e+00,-1.320544e+00
climatology,val,221,2024-07-10T11:00:00,2024-07-10T17:00:00,sd,351848,2.386419e-03,1.330457e-02,1.945112e-03
climatology,val,222,2024-07-10T12:00:00,2024-07-10T18:00:00,swvl1,351848,2.997515e-02,4.944008e-02,5.604510e-03
climatology,val,222,2024-07-10T12:00:00,2024-07-10T18:00:00,stl1,351848,2.711208e+00,3.925442e+00,-1.327838e+00
climatology,val,222,2024-07-10T12:00:00,2024-07-10T18:00:00,sd,351848,2.378568e-03,1.326895e-02,1.938182e-03
climatology,val,223,2024-07-10T13:00:00,2024-07-10T19:00:00,swvl1,351848,2.994171e-02,4.938495e-02,5.613063e-03
climatology,val,223,2024-07-10T13:00:00,2024-07-10T19:00:00,stl1,351848,2.706985e+00,3.922043e+00,-1.300495e+00
climatology,val,223,2024-07-10T13:00:00,2024-07-10T19:00:00,sd,351848,2.370216e-03,1.323289e-02,1.930668e-03
climatology,val,224,2024-07-10T14:00:00,2024-07-10T20:00:00,swvl1,351848,2.990871e-02,4.932583e-02,5.642537e-03
climatology,val,224,2024-07-10T14:00:00,2024-07-10T20:00:00,stl1,351848,2.691755e+00,3.908173e+00,-1.305990e+00
climatology,val,224,2024-07-10T14:00:00,2024-07-10T20:00:00,sd,351848,2.361560e-03,1.319613e-02,1.922729e-03
climatology,val,225,2024-07-10T15:00:00,2024-07-10T21:00:00,swvl1,351848,2.988006e-02,4.927791e-02,5.666085e-03
climatology,val,225,2024-07-10T15:00:00,2024-07-10T21:00:00,stl1,351848,2.683454e+00,3.899827e+00,-1.307833e+00
climatology,val,225,2024-07-10T15:00:00,2024-07-10T21:00:00,sd,351848,2.352989e-03,1.316111e-02,1.914888e-03
climatology,val,226,2024-07-10T16:00:00,2024-07-10T22:00:00,swvl1,351848,2.979989e-02,4.917874e-02,5.607270e-03
climatology,val,226,2024-07-10T16:00:00,2024-07-10T22:00:00,stl1,351848,2.653485e+00,3.854756e+00,-1.242084e+00
climatology,val,226,2024-07-10T16:00:00,2024-07-10T22:00:00,sd,351848,2.346507e-03,1.313895e-02,1.909255e-03
climatology,val,227,2024-07-10T17:00:00,2024-07-10T23:00:00,swvl1,351848,2.976980e-02,4.914857e-02,5.607627e-03
climatology,val,227,2024-07-10T17:00:00,2024-07-10T23:00:00,stl1,351848,2.642776e+00,3.852480e+00,-1.250512e+00
climatology,val,227,2024-07-10T17:00:00,2024-07-10T23:00:00,sd,351848,2.339501e-03,1.311234e-02,1.903023e-03
climatology,val,228,2024-07-10T18:00:00,2024-07-11T00:00:00,swvl1,351848,2.997801e-02,4.958408e-02,5.608928e-03
climatology,val,228,2024-07-10T18:00:00,2024-07-11T00:00:00,stl1,351848,2.684623e+00,3.916980e+00,-1.269637e+00
climatology,val,228,2024-07-10T18:00:00,2024-07-11T00:00:00,sd,351848,2.391088e-03,1.341985e-02,1.948961e-03
climatology,val,229,2024-07-10T19:00:00,2024-07-11T01:00:00,swvl1,351848,2.996246e-02,4.957982e-02,5.594324e-03
climatology,val,229,2024-07-10T19:00:00,2024-07-11T01:00:00,stl1,351848,2.680354e+00,3.920444e+00,-1.273829e+00
climatology,val,229,2024-07-10T19:00:00,2024-07-11T01:00:00,sd,351848,2.383840e-03,1.339543e-02,1.942421e-03
climatology,val,230,2024-07-10T20:00:00,2024-07-11T02:00:00,swvl1,351848,2.995232e-02,4.958547e-02,5.586827e-03
climatology,val,230,2024-07-10T20:00:00,2024-07-11T02:00:00,stl1,351848,2.724952e+00,3.984005e+00,-1.273272e+00
climatology,val,230,2024-07-10T20:00:00,2024-07-11T02:00:00,sd,351848,2.377026e-03,1.337193e-02,1.936390e-03
climatology,val,231,2024-07-10T21:00:00,2024-07-11T03:00:00,swvl1,351848,2.995412e-02,4.959542e-02,5.601245e-03
climatology,val,231,2024-07-10T21:00:00,2024-07-11T03:00:00,stl1,351848,2.746304e+00,4.019604e+00,-1.264007e+00
climatology,val,231,2024-07-10T21:00:00,2024-07-11T03:00:00,sd,351848,2.369399e-03,1.334493e-02,1.929608e-03
climatology,val,232,2024-07-10T22:00:00,2024-07-11T04:00:00,swvl1,351848,2.997012e-02,4.962566e-02,5.624067e-03
climatology,val,232,2024-07-10T22:00:00,2024-07-11T04:00:00,stl1,351848,2.754447e+00,4.025417e+00,-1.227384e+00
climatology,val,232,2024-07-10T22:00:00,2024-07-11T04:00:00,sd,351848,2.361217e-03,1.331557e-02,1.922420e-03
climatology,val,233,2024-07-10T23:00:00,2024-07-11T05:00:00,swvl1,351848,2.997782e-02,4.964486e-02,5.647717e-03
climatology,val,233,2024-07-10T23:00:00,2024-07-11T05:00:00,stl1,351848,2.809902e+00,4.072543e+00,-1.198200e+00
climatology,val,233,2024-07-10T23:00:00,2024-07-11T05:00:00,sd,351848,2.352141e-03,1.328288e-02,1.914544e-03
climatology,val,234,2024-07-11T00:00:00,2024-07-11T06:00:00,swvl1,351848,2.998125e-02,4.967638e-02,5.644838e-03
climatology,val,234,2024-07-11T00:00:00,2024-07-11T06:00:00,stl1,351848,2.818709e+00,4.068693e+00,-1.150058e+00
climatology,val,234,2024-07-11T00:00:00,2024-07-11T06:00:00,sd,351848,2.341868e-03,1.324522e-02,1.905609e-03
climatology,val,235,2024-07-11T01:00:00,2024-07-11T07:00:00,swvl1,351848,2.996185e-02,4.966714e-02,5.607335e-03
climatology,val,235,2024-07-11T01:00:00,2024-07-11T07:00:00,stl1,351848,2.802702e+00,4.054763e+00,-1.128382e+00
climatology,val,235,2024-07-11T01:00:00,2024-07-11T07:00:00,sd,351848,2.331220e-03,1.320442e-02,1.896314e-03
climatology,val,236,2024-07-11T02:00:00,2024-07-11T08:00:00,swvl1,351848,2.993290e-02,4.965328e-02,5.546559e-03
climatology,val,236,2024-07-11T02:00:00,2024-07-11T08:00:00,stl1,351848,2.812377e+00,4.072113e+00,-1.166725e+00
climatology,val,236,2024-07-11T02:00:00,2024-07-11T08:00:00,sd,351848,2.320976e-03,1.316351e-02,1.887402e-03
climatology,val,237,2024-07-11T03:00:00,2024-07-11T09:00:00,swvl1,351848,2.990370e-02,4.964607e-02,5.491800e-03
climatology,val,237,2024-07-11T03:00:00,2024-07-11T09:00:00,stl1,351848,2.800179e+00,4.050494e+00,-1.147565e+00
climatology,val,237,2024-07-11T03:00:00,2024-07-11T09:00:00,sd,351848,2.311458e-03,1.312320e-02,1.879143e-03
climatology,val,238,2024-07-11T04:00:00,2024-07-11T10:00:00,swvl1,351848,2.980827e-02,4.922023e-02,5.595408e-03
climatology,val,238,2024-07-11T04:00:00,2024-07-11T10:00:00,stl1,351848,2.813670e+00,4.033776e+00,-1.100321e+00
climatology,val,238,2024-07-11T04:00:00,2024-07-11T10:00:00,sd,351848,2.303128e-03,1.308791e-02,1.873452e-03
climatology,val,239,2024-07-11T05:00:00,2024-07-11T11:00:00,swvl1,351848,2.976880e-02,4.914486e-02,5.606480e-03
climatology,val,239,2024-07-11T05:00:00,2024-07-11T11:00:00,stl1,351848,2.779001e+00,3.978176e+00,-1.088999e+00
climatology,val,239,2024-07-11T05:00:00,2024-07-11T11:00:00,sd,351848,2.295548e-03,1.305355e-02,1.868386e-03
climatology,val,240,2024-07-11T06:00:00,2024-07-11T12:00:00,swvl1,351848,2.982698e-02,4.923310e-02,5.735684e-03
climatology,val,240,2024-07-11T06:00:00,2024-07-11T12:00:00,stl1,351848,2.780893e+00,3.964450e+00,-1.105875e+00
climatology,val,240,2024-07-11T06:00:00,2024-07-11T12:00:00,sd,351848,2.411951e-03,1.345481e-02,1.982929e-03
climatology,val,241,2024-07-11T07:00:00,2024-07-11T13:00:00,swvl1,351848,2.980351e-02,4.919706e-02,5.773535e-03
climatology,val,241,2024-07-11T07:00:00,2024-07-11T13:00:00,stl1,351848,2.764257e+00,3.928778e+00,-1.082349e+00
climatology,val,241,2024-07-11T07:00:00,2024-07-11T13:00:00,sd,351848,2.406080e-03,1.342597e-02,1.978799e-03
climatology,val,242,2024-07-11T08:00:00,2024-07-11T14:00:00,swvl1,351848,2.980858e-02,4.920969e-02,5.821595e-03
climatology,val,242,2024-07-11T08:00:00,2024-07-11T14:00:00,stl1,351848,2.735515e+00,3.848799e+00,-1.068030e+00
climatology,val,242,2024-07-11T08:00:00,2024-07-11T14:00:00,sd,351848,2.400072e-03,1.339639e-02,1.974294e-03
climatology,val,243,2024-07-11T09:00:00,2024-07-11T15:00:00,swvl1,351848,2.982743e-02,4.923199e-02,5.874812e-03
climatology,val,243,2024-07-11T09:00:00,2024-07-11T15:00:00,stl1,351848,2.705159e+00,3.792645e+00,-1.071171e+00
climatology,val,243,2024-07-11T09:00:00,2024-07-11T15:00:00,sd,351848,2.393684e-03,1.336490e-02,1.969076e-03
climatology,val,244,2024-07-11T10:00:00,2024-07-11T16:00:00,swvl1,351848,2.986046e-02,4.927895e-02,5.887252e-03
climatology,val,244,2024-07-11T10:00:00,2024-07-11T16:00:00,stl1,351848,2.697888e+00,3.787541e+00,-1.085668e+00
climatology,val,244,2024-07-11T10:00:00,2024-07-11T16:00:00,sd,351848,2.386636e-03,1.333188e-02,1.963133e-03
climatology,val,245,2024-07-11T11:00:00,2024-07-11T17:00:00,swvl1,351848,2.989285e-02,4.931988e-02,5.892136e-03
climatology,val,245,2024-07-11T11:00:00,2024-07-11T17:00:00,stl1,351848,2.669346e+00,3.738160e+00,-1.085180e+00
climatology,val,245,2024-07-11T11:00:00,2024-07-11T17:00:00,sd,351848,2.378611e-03,1.329624e-02,1.956354e-03
climatology,val,246,2024-07-11T12:00:00,2024-07-11T18:00:00,swvl1,351848,2.991554e-02,4.934110e-02,5.925460e-03
climatology,val,246,2024-07-11T12:00:00,2024-07-11T18:00:00,stl1,351848,2.677893e+00,3.744315e+00,-1.095916e+00
climatology,val,246,2024-07-11T12:00:00,2024-07-11T18:00:00,sd,351848,2.370320e-03,1.325938e-02,1.949511e-03
climatology,val,247,2024-07-11T13:00:00,2024-07-11T19:00:00,swvl1,351848,2.995453e-02,4.939685e-02,5.957592e-03
climatology,val,247,2024-07-11T13:00:00,2024-07-11T19:00:00,stl1,351848,2.684317e+00,3.750764e+00,-1.109301e+00
climatology,val,247,2024-07-11T13:00:00,2024-07-11T19:00:00,sd,351848,2.361648e-03,1.322237e-02,1.942135e-03
climatology,val,248,2024-07-11T14:00:00,2024-07-11T20:00:00,swvl1,351848,2.999955e-02,4.946193e-02,5.976968e-03
climatology,val,248,2024-07-11T14:00:00,2024-07-11T20:00:00,stl1,351848,2.701529e+00,3.749231e+00,-1.144810e+00
climatology,val,248,2024-07-11T14:00:00,2024-07-11T20:00:00,sd,351848,2.352725e-03,1.318477e-02,1.934312e-03
climatology,val,249,2024-07-11T15:00:00,2024-07-11T21:00:00,swvl1,351848,3.005030e-02,4.954033e-02,6.000415e-03
climatology,val,249,2024-07-11T15:00:00,2024-07-11T21:00:00,stl1,351848,2.719375e+00,3.764791e+00,-1.163234e+00
climatology,val,249,2024-07-11T15:00:00,2024-07-11T21:00:00,sd,351848,2.343986e-03,1.314900e-02,1.926442e-03
climatology,val,250,2024-07-11T16:00:00,2024-07-11T22:00:00,swvl1,351848,2.988214e-02,4.920295e-02,5.930975e-03
climatology,val,250,2024-07-11T16:00:00,2024-07-11T22:00:00,stl1,351848,2.699991e+00,3.731653e+00,-1.127091e+00
climatology,val,250,2024-07-11T16:00:00,2024-07-11T22:00:00,sd,351848,2.337605e-03,1.312616e-02,1.920269e-03
climatology,val,251,2024-07-11T17:00:00,2024-07-11T23:00:00,swvl1,351848,2.990590e-02,4.922686e-02,5.976016e-03
climatology,val,251,2024-07-11T17:00:00,2024-07-11T23:00:00,stl1,351848,2.717347e+00,3.750219e+00,-1.107711e+00
climatology,val,251,2024-07-11T17:00:00,2024-07-11T23:00:00,sd,351848,2.330619e-03,1.309938e-02,1.913768e-03
climatology,val,252,2024-07-11T18:00:00,2024-07-12T00:00:00,swvl1,351848,3.015368e-02,4.970059e-02,6.027027e-03
climatology,val,252,2024-07-11T18:00:00,2024-07-12T00:00:00,stl1,351848,2.755541e+00,3.806668e+00,-1.110689e+00
climatology,val,252,2024-07-11T18:00:00,2024-07-12T00:00:00,sd,351848,2.383596e-03,1.341429e-02,1.960877e-03
climatology,val,253,2024-07-11T19:00:00,2024-07-12T01:00:00,swvl1,351848,3.017032e-02,4.973092e-02,6.059311e-03
climatology,val,253,2024-07-11T19:00:00,2024-07-12T01:00:00,stl1,351848,2.753713e+00,3.813898e+00,-1.117915e+00
climatology,val,253,2024-07-11T19:00:00,2024-07-12T01:00:00,sd,351848,2.376411e-03,1.339022e-02,1.954129e-03
climatology,val,254,2024-07-11T20:00:00,2024-07-12T02:00:00,swvl1,351848,3.019370e-02,4.977733e-02,6.094671e-03
climatology,val,254,2024-07-11T20:00:00,2024-07-12T02:00:00,stl1,351848,2.752620e+00,3.847691e+00,-1.110912e+00
climatology,val,254,2024-07-11T20:00:00,2024-07-12T02:00:00,sd,351848,2.369630e-03,1.336711e-02,1.948031e-03
climatology,val,255,2024-07-11T21:00:00,2024-07-12T03:00:00,swvl1,351848,3.021998e-02,4.981758e-02,6.121616e-03
climatology,val,255,2024-07-11T21:00:00,2024-07-12T03:00:00,stl1,351848,2.761065e+00,3.885044e+00,-1.114148e+00
climatology,val,255,2024-07-11T21:00:00,2024-07-12T03:00:00,sd,351848,2.362032e-03,1.334020e-02,1.941222e-03
climatology,val,256,2024-07-11T22:00:00,2024-07-12T04:00:00,swvl1,351848,3.024141e-02,4.983128e-02,6.150967e-03
climatology,val,256,2024-07-11T22:00:00,2024-07-12T04:00:00,stl1,351848,2.767573e+00,3.901213e+00,-1.079491e+00
climatology,val,256,2024-07-11T22:00:00,2024-07-12T04:00:00,sd,351848,2.353825e-03,1.331087e-02,1.934065e-03
climatology,val,257,2024-07-11T23:00:00,2024-07-12T05:00:00,swvl1,351848,3.025303e-02,4.984172e-02,6.157939e-03
climatology,val,257,2024-07-11T23:00:00,2024-07-12T05:00:00,stl1,351848,2.812801e+00,3.944877e+00,-1.002717e+00
climatology,val,257,2024-07-11T23:00:00,2024-07-12T05:00:00,sd,351848,2.344733e-03,1.327805e-02,1.926256e-03
climatology,val,258,2024-07-12T00:00:00,2024-07-12T06:00:00,swvl1,351848,3.026364e-02,4.985141e-02,6.128863e-03
climatology,val,258,2024-07-12T00:00:00,2024-07-12T06:00:00,stl1,351848,2.797172e+00,3.934990e+00,-9.362280e-01
climatology,val,258,2024-07-12T00:00:00,2024-07-12T06:00:00,sd,351848,2.334531e-03,1.324019e-02,1.917481e-03
climatology,val,259,2024-07-12T01:00:00,2024-07-12T07:00:00,swvl1,351848,3.025384e-02,4.982801e-02,6.087996e-03
climatology,val,259,2024-07-12T01:00:00,2024-07-12T07:00:00,stl1,351848,2.768007e+00,3.916479e+00,-9.117619e-01
climatology,val,259,2024-07-12T01:00:00,2024-07-12T07:00:00,sd,351848,2.323977e-03,1.319908e-02,1.908355e-03
climatology,val,260,2024-07-12T02:00:00,2024-07-12T08:00:00,swvl1,351848,3.024093e-02,4.979957e-02,6.028173e-03
climatology,val,260,2024-07-12T02:00:00,2024-07-12T08:00:00,stl1,351848,2.789941e+00,3.944979e+00,-9.093466e-01
climatology,val,260,2024-07-12T02:00:00,2024-07-12T08:00:00,sd,351848,2.313878e-03,1.315789e-02,1.899599e-03
climatology,val,261,2024-07-12T03:00:00,2024-07-12T09:00:00,swvl1,351848,3.022497e-02,4.977053e-02,5.969832e-03
climatology,val,261,2024-07-12T03:00:00,2024-07-12T09:00:00,stl1,351848,2.802133e+00,3.947842e+00,-8.929841e-01
climatology,val,261,2024-07-12T03:00:00,2024-07-12T09:00:00,sd,351848,2.304464e-03,1.311717e-02,1.891526e-03
climatology,val,262,2024-07-12T04:00:00,2024-07-12T10:00:00,swvl1,351848,3.015516e-02,4.957231e-02,5.843221e-03
climatology,val,262,2024-07-12T04:00:00,2024-07-12T10:00:00,stl1,351848,2.779779e+00,3.903831e+00,-8.177406e-01
climatology,val,262,2024-07-12T04:00:00,2024-07-12T10:00:00,sd,351848,2.298074e-03,1.309541e-02,1.886505e-03
climatology,val,263,2024-07-12T05:00:00,2024-07-12T11:00:00,swvl1,351848,3.015979e-02,4.960397e-02,5.791746e-03
climatology,val,263,2024-07-12T05:00:00,2024-07-12T11:00:00,stl1,351848,2.777038e+00,3.874498e+00,-8.017115e-01
climatology,val,263,2024-07-12T05:00:00,2024-07-12T11:00:00,sd,351848,2.290778e-03,1.306115e-02,1.881828e-03
climatology,val,264,2024-07-12T06:00:00,2024-07-12T12:00:00,swvl1,351848,3.029335e-02,4.982472e-02,5.853148e-03
climatology,val,264,2024-07-12T06:00:00,2024-07-12T12:00:00,stl1,351848,2.815689e+00,3.901498e+00,-8.212733e-01
climatology,val,264,2024-07-12T06:00:00,2024-07-12T12:00:00,sd,351848,2.407404e-03,1.346257e-02,1.996513e-03
climatology,val,265,2024-07-12T07:00:00,2024-07-12T13:00:00,swvl1,351848,3.032793e-02,4.989109e-02,5.807400e-03
climatology,val,265,2024-07-12T07:00:00,2024-07-12T13:00:00,stl1,351848,2.780923e+00,3.843222e+00,-8.397069e-01
climatology,val,265,2024-07-12T07:00:00,2024-07-12T13:00:00,sd,351848,2.402008e-03,1.343401e-02,1.992517e-03
climatology,val,266,2024-07-12T08:00:00,2024-07-12T14:00:00,swvl1,351848,3.037683e-02,4.998626e-02,5.781040e-03
climatology,val,266,2024-07-12T08:00:00,2024-07-12T14:00:00,stl1,351848,2.790055e+00,3.830142e+00,-8.175882e-01
climatology,val,266,2024-07-12T08:00:00,2024-07-12T14:00:00,sd,351848,2.396455e-03,1.340505e-02,1.988132e-03
climatology,val,267,2024-07-12T09:00:00,2024-07-12T15:00:00,swvl1,351848,3.044266e-02,5.010043e-02,5.737770e-03
climatology,val,267,2024-07-12T09:00:00,2024-07-12T15:00:00,stl1,351848,2.816885e+00,3.850651e+00,-8.444249e-01
climatology,val,267,2024-07-12T09:00:00,2024-07-12T15:00:00,sd,351848,2.390329e-03,1.337384e-02,1.983054e-03
climatology,val,268,2024-07-12T10:00:00,2024-07-12T16:00:00,swvl1,351848,3.053004e-02,5.029000e-02,5.687601e-03
climatology,val,268,2024-07-12T10:00:00,2024-07-12T16:00:00,stl1,351848,2.823967e+00,3.867293e+00,-8.619125e-01
climatology,val,268,2024-07-12T10:00:00,2024-07-12T16:00:00,sd,351848,2.383432e-03,1.334113e-02,1.977296e-03
climatology,val,269,2024-07-12T11:00:00,2024-07-12T17:00:00,swvl1,351848,3.058004e-02,5.039062e-02,5.670292e-03
climatology,val,269,2024-07-12T11:00:00,2024-07-12T17:00:00,stl1,351848,2.819079e+00,3.854040e+00,-8.708899e-01
climatology,val,269,2024-07-12T11:00:00,2024-07-12T17:00:00,sd,351848,2.375500e-03,1.330595e-02,1.970801e-03
climatology,val,270,2024-07-12T12:00:00,2024-07-12T18:00:00,swvl1,351848,3.063524e-02,5.048295e-02,5.675269e-03
climatology,val,270,2024-07-12T12:00:00,2024-07-12T18:00:00,stl1,351848,2.825611e+00,3.867981e+00,-8.978687e-01
climatology,val,270,2024-07-12T12:00:00,2024-07-12T18:00:00,sd,351848,2.367271e-03,1.326950e-02,1.964063e-03
climatology,val,271,2024-07-12T13:00:00,2024-07-12T19:00:00,swvl1,351848,3.067687e-02,5.055986e-02,5.688142e-03
climatology,val,271,2024-07-12T13:00:00,2024-07-12T19:00:00,stl1,351848,2.833021e+00,3.874680e+00,-9.314899e-01
climatology,val,271,2024-07-12T13:00:00,2024-07-12T19:00:00,sd,351848,2.358682e-03,1.323295e-02,1.956819e-03
climatology,val,272,2024-07-12T14:00:00,2024-07-12T20:00:00,swvl1,351848,3.070445e-02,5.061907e-02,5.711852e-03
climatology,val,272,2024-07-12T14:00:00,2024-07-12T20:00:00,stl1,351848,2.793457e+00,3.819521e+00,-9.986074e-01
climatology,val,272,2024-07-12T14:00:00,2024-07-12T20:00:00,sd,351848,2.349946e-03,1.319617e-02,1.949085e-03
climatology,val,273,2024-07-12T15:00:00,2024-07-12T21:00:00,swvl1,351848,3.072893e-02,5.067938e-02,5.725761e-03
climatology,val,273,2024-07-12T15:00:00,2024-07-12T21:00:00,stl1,351848,2.786932e+00,3.814777e+00,-1.009294e+00
climatology,val,273,2024-07-12T15:00:00,2024-07-12T21:00:00,sd,351848,2.341435e-03,1.316123e-02,1.941277e-03
climatology,val,274,2024-07-12T16:00:00,2024-07-12T22:00:00,swvl1,351848,3.045137e-02,5.014115e-02,5.571498e-03
climatology,val,274,2024-07-12T16:00:00,2024-07-12T22:00:00,stl1,351848,2.795065e+00,3.805433e+00,-9.442797e-01
climatology,val,274,2024-07-12T16:00:00,2024-07-12T22:00:00,sd,351848,2.334655e-03,1.313933e-02,1.935648e-03
climatology,val,275,2024-07-12T17:00:00,2024-07-12T23:00:00,swvl1,351848,3.046018e-02,5.014893e-02,5.594193e-03
climatology,val,275,2024-07-12T17:00:00,2024-07-12T23:00:00,stl1,351848,2.783237e+00,3.795252e+00,-9.406704e-01
climatology,val,275,2024-07-12T17:00:00,2024-07-12T23:00:00,sd,351848,2.327487e-03,1.311305e-02,1.929263e-03
climatology,val,276,2024-07-12T18:00:00,2024-07-13T00:00:00,swvl1,351848,3.066833e-02,5.056021e-02,5.650325e-03
climatology,val,276,2024-07-12T18:00:00,2024-07-13T00:00:00,stl1,351848,2.837384e+00,3.864925e+00,-9.441181e-01
climatology,val,276,2024-07-12T18:00:00,2024-07-13T00:00:00,sd,351848,2.375344e-03,1.340567e-02,1.971703e-03
climatology,val,277,2024-07-12T19:00:00,2024-07-13T01:00:00,swvl1,351848,3.065014e-02,5.050861e-02,5.686582e-03
climatology,val,277,2024-07-12T19:00:00,2024-07-13T01:00:00,stl1,351848,2.819193e+00,3.831749e+00,-9.363647e-01
climatology,val,277,2024-07-12T19:00:00,2024-07-13T01:00:00,sd,351848,2.367990e-03,1.338157e-02,1.964982e-03
climatology,val,278,2024-07-12T20:00:00,2024-07-13T02:00:00,swvl1,351848,3.063336e-02,5.045306e-02,5.728186e-03
climatology,val,278,2024-07-12T20:00:00,2024-07-13T02:00:00,stl1,351848,2.805396e+00,3.808419e+00,-8.967042e-01
climatology,val,278,2024-07-12T20:00:00,2024-07-13T02:00:00,sd,351848,2.361190e-03,1.335813e-02,1.958946e-03
climatology,val,279,2024-07-12T21:00:00,2024-07-13T03:00:00,swvl1,351848,3.061337e-02,5.039518e-02,5.769167e-03
climatology,val,279,2024-07-12T21:00:00,2024-07-13T03:00:00,stl1,351848,2.801722e+00,3.822230e+00,-8.989810e-01
climatology,val,279,2024-07-12T21:00:00,2024-07-13T03:00:00,sd,351848,2.353602e-03,1.333104e-02,1.952277e-03
climatology,val,280,2024-07-12T22:00:00,2024-07-13T04:00:00,swvl1,351848,3.057683e-02,5.033291e-02,5.810904e-03
climatology,val,280,2024-07-12T22:00:00,2024-07-13T04:00:00,stl1,351848,2.783773e+00,3.803035e+00,-8.741807e-01
climatology,val,280,2024-07-12T22:00:00,2024-07-13T04:00:00,sd,351848,2.345570e-03,1.330176e-02,1.945229e-03
climatology,val,281,2024-07-12T23:00:00,2024-07-13T05:00:00,swvl1,351848,3.053154e-02,5.026068e-02,5.837718e-03
climatology,val,281,2024-07-12T23:00:00,2024-07-13T05:00:00,stl1,351848,2.844254e+00,3.869459e+00,-8.100471e-01
climatology,val,281,2024-07-12T23:00:00,2024-07-13T05:00:00,sd,351848,2.336823e-03,1.326954e-02,1.937635e-03
climatology,val,282,2024-07-13T00:00:00,2024-07-13T06:00:00,swvl1,351848,3.048124e-02,5.019240e-02,5.846865e-03
climatology,val,282,2024-07-13T00:00:00,2024-07-13T06:00:00,stl1,351848,2.847807e+00,3.870255e+00,-7.508672e-01
climatology,val,282,2024-07-13T00:00:00,2024-07-13T06:00:00,sd,351848,2.327044e-03,1.323266e-02,1.929084e-03
climatology,val,283,2024-07-13T01:00:00,2024-07-13T07:00:00,swvl1,351848,3.043433e-02,5.013099e-02,5.853245e-03
climatology,val,283,2024-07-13T01:00:00,2024-07-13T07:00:00,stl1,351848,2.826582e+00,3.851079e+00,-7.072794e-01
climatology,val,283,2024-07-13T01:00:00,2024-07-13T07:00:00,sd,351848,2.316887e-03,1.319274e-02,1.920255e-03
climatology,val,284,2024-07-13T02:00:00,2024-07-13T08:00:00,swvl1,351848,3.038840e-02,5.006571e-02,5.870341e-03
climatology,val,284,2024-07-13T02:00:00,2024-07-13T08:00:00,stl1,351848,2.843533e+00,3.871500e+00,-7.040849e-01
climatology,val,284,2024-07-13T02:00:00,2024-07-13T08:00:00,sd,351848,2.307168e-03,1.315291e-02,1.911803e-03
climatology,val,285,2024-07-13T03:00:00,2024-07-13T09:00:00,swvl1,351848,3.035531e-02,5.000869e-02,5.871401e-03
climatology,val,285,2024-07-13T03:00:00,2024-07-13T09:00:00,stl1,351848,2.849480e+00,3.876801e+00,-6.953435e-01
climatology,val,285,2024-07-13T03:00:00,2024-07-13T09:00:00,sd,351848,2.298132e-03,1.311370e-02,1.903973e-03
climatology,val,286,2024-07-13T04:00:00,2024-07-13T10:00:00,swvl1,351848,3.017165e-02,4.965886e-02,5.861194e-03
climatology,val,286,2024-07-13T04:00:00,2024-07-13T10:00:00,stl1,351848,2.861252e+00,3.878329e+00,-6.329513e-01
climatology,val,286,2024-07-13T04:00:00,2024-07-13T10:00:00,sd,351848,2.292775e-03,1.309366e-02,1.896338e-03
climatology,val,287,2024-07-13T05:00:00,2024-07-13T11:00:00,swvl1,351848,3.014565e-02,4.962871e-02,5.861591e-03
climatology,val,287,2024-07-13T05:00:00,2024-07-13T11:00:00,stl1,351848,2.854738e+00,3.853591e+00,-6.302648e-01
climatology,val,287,2024-07-13T05:00:00,2024-07-13T11:00:00,sd,351848,2.286533e-03,1.306173e-02,1.890432e-03
climatology,val,288,2024-07-13T06:00:00,2024-07-13T12:00:00,swvl1,351848,3.026783e-02,4.982458e-02,5.966650e-03
climatology,val,288,2024-07-13T06:00:00,2024-07-13T12:00:00,stl1,351848,2.921279e+00,3.921244e+00,-6.577678e-01
climatology,val,288,2024-07-13T06:00:00,2024-07-13T12:00:00,sd,351848,2.403708e-03,1.346488e-02,2.004417e-03
climatology,val,289,2024-07-13T07:00:00,2024-07-13T13:00:00,swvl1,351848,3.027362e-02,4.983127e-02,5.955562e-03
climatology,val,289,2024-07-13T07:00:00,2024-07-13T13:00:00,stl1,351848,2.913997e+00,3.899227e+00,-6.824143e-01
climatology,val,289,2024-07-13T07:00:00,2024-07-13T13:00:00,sd,351848,2.398623e-03,1.343777e-02,2.000000e-03
climatology,val,290,2024-07-13T08:00:00,2024-07-13T14:00:00,swvl1,351848,3.031652e-02,4.989473e-02,5.947006e-03
climatology,val,290,2024-07-13T08:00:00,2024-07-13T14:00:00,stl1,351848,2.932860e+00,3.915137e+00,-7.206767e-01
climatology,val,290,2024-07-13T08:00:00,2024-07-13T14:00:00,sd,351848,2.393235e-03,1.340986e-02,1.995298e-03
climatology,val,291,2024-07-13T09:00:00,2024-07-13T15:00:00,swvl1,351848,3.037968e-02,5.000639e-02,5.938488e-03
climatology,val,291,2024-07-13T09:00:00,2024-07-13T15:00:00,stl1,351848,2.943519e+00,3.918354e+00,-7.755563e-01
climatology,val,291,2024-07-13T09:00:00,2024-07-13T15:00:00,sd,351848,2.387239e-03,1.337973e-02,1.990150e-03
climatology,val,292,2024-07-13T10:00:00,2024-07-13T16:00:00,swvl1,351848,3.043098e-02,5.010024e-02,5.945088e-03
climatology,val,292,2024-07-13T10:00:00,2024-07-13T16:00:00,stl1,351848,2.938842e+00,3.926983e+00,-7.973241e-01
climatology,val,292,2024-07-13T10:00:00,2024-07-13T16:00:00,sd,351848,2.380412e-03,1.334772e-02,1.984169e-03
climatology,val,293,2024-07-13T11:00:00,2024-07-13T17:00:00,swvl1,351848,3.047083e-02,5.017062e-02,5.962283e-03
climatology,val,293,2024-07-13T11:00:00,2024-07-13T17:00:00,stl1,351848,2.898560e+00,3.904695e+00,-8.332061e-01
climatology,val,293,2024-07-13T11:00:00,2024-07-13T17:00:00,sd,351848,2.372561e-03,1.331292e-02,1.977460e-03
climatology,val,294,2024-07-13T12:00:00,2024-07-13T18:00:00,swvl1,351848,3.050265e-02,5.022880e-02,5.990634e-03
climatology,val,294,2024-07-13T12:00:00,2024-07-13T18:00:00,stl1,351848,2.885644e+00,3.907594e+00,-8.643290e-01
climatology,val,294,2024-07-13T12:00:00,2024-07-13T18:00:00,sd,351848,2.364443e-03,1.327667e-02,1.970540e-03
climatology,val,295,2024-07-13T13:00:00,2024-07-13T19:00:00,swvl1,351848,3.053978e-02,5.029482e-02,6.012741e-03
climatology,val,295,2024-07-13T13:00:00,2024-07-13T19:00:00,stl1,351848,2.884459e+00,3.907731e+00,-8.934825e-01
climatology,val,295,2024-07-13T13:00:00,2024-07-13T19:00:00,sd,351848,2.355828e-03,1.323977e-02,1.963210e-03
climatology,val,296,2024-07-13T14:00:00,2024-07-13T20:00:00,swvl1,351848,3.056514e-02,5.032761e-02,6.054236e-03
climatology,val,296,2024-07-13T14:00:00,2024-07-13T20:00:00,stl1,351848,2.835480e+00,3.855774e+00,-8.831194e-01
climatology,val,296,2024-07-13T14:00:00,2024-07-13T20:00:00,sd,351848,2.347042e-03,1.320249e-02,1.955460e-03
climatology,val,297,2024-07-13T15:00:00,2024-07-13T21:00:00,swvl1,351848,3.059460e-02,5.038668e-02,6.076864e-03
climatology,val,297,2024-07-13T15:00:00,2024-07-13T21:00:00,stl1,351848,2.833191e+00,3.864381e+00,-8.934183e-01
climatology,val,297,2024-07-13T15:00:00,2024-07-13T21:00:00,sd,351848,2.338460e-03,1.316691e-02,1.947554e-03
climatology,val,298,2024-07-13T16:00:00,2024-07-13T22:00:00,swvl1,351848,3.038214e-02,4.996437e-02,6.042897e-03
climatology,val,298,2024-07-13T16:00:00,2024-07-13T22:00:00,stl1,351848,2.819380e+00,3.829971e+00,-8.526766e-01
climatology,val,298,2024-07-13T16:00:00,2024-07-13T22:00:00,sd,351848,2.331630e-03,1.314503e-02,1.941372e-03
climatology,val,299,2024-07-13T17:00:00,2024-07-13T23:00:00,swvl1,351848,3.041286e-02,4.998398e-02,6.072484e-03
climatology,val,299,2024-07-13T17:00:00,2024-07-13T23:00:00,stl1,351848,2.844471e+00,3.862451e+00,-8.309558e-01
climatology,val,299,2024-07-13T17:00:00,2024-07-13T23:00:00,sd,351848,2.324418e-03,1.311804e-02,1.934806e-03
climatology,val,300,2024-07-13T18:00:00,2024-07-14T00:00:00,swvl1,351848,3.069131e-02,5.052096e-02,6.107344e-03
climatology,val,300,2024-07-13T18:00:00,2024-07-14T00:00:00,stl1,351848,2.888737e+00,3.915181e+00,-8.444411e-01
climatology,val,300,2024-07-13T18:00:00,2024-07-14T00:00:00,sd,351848,2.375784e-03,1.342782e-02,1.981052e-03
climatology,val,301,2024-07-13T19:00:00,2024-07-14T01:00:00,swvl1,351848,3.073279e-02,5.058800e-02,6.111347e-03
climatology,val,301,2024-07-13T19:00:00,2024-07-14T01:00:00,stl1,351848,2.871630e+00,3.894209e+00,-8.417754e-01
climatology,val,301,2024-07-13T19:00:00,2024-07-14T01:00:00,sd,351848,2.368385e-03,1.340317e-02,1.974245e-03
climatology,val,302,2024-07-13T20:00:00,2024-07-14T02:00:00,swvl1,351848,3.075902e-02,5.064382e-02,6.119606e-03
climatology,val,302,2024-07-13T20:00:00,2024-07-14T02:00:00,stl1,351848,2.878931e+00,3.929774e+00,-8.509628e-01
climatology,val,302,2024-07-13T20:00:00,2024-07-14T02:00:00,sd,351848,2.361555e-03,1.337954e-02,1.967982e-03
climatology,val,303,2024-07-13T21:00:00,2024-07-14T03:00:00,swvl1,351848,3.077474e-02,5.067737e-02,6.128663e-03
climatology,val,303,2024-07-13T21:00:00,2024-07-14T03:00:00,stl1,351848,2.906296e+00,3.958303e+00,-8.278713e-01
climatology,val,303,2024-07-13T21:00:00,2024-07-14T03:00:00,sd,351848,2.353949e-03,1.335222e-02,1.961269e-03
climatology,val,304,2024-07-13T22:00:00,2024-07-14T04:00:00,swvl1,351848,3.078184e-02,5.070862e-02,6.149466e-03
climatology,val,304,2024-07-13T22:00:00,2024-07-14T04:00:00,stl1,351848,2.924683e+00,3.976553e+00,-7.892348e-01
climatology,val,304,2024-07-13T22:00:00,2024-07-14T04:00:00,sd,351848,2.345762e-03,1.332259e-02,1.954575e-03
climatology,val,305,2024-07-13T23:00:00,2024-07-14T05:00:00,swvl1,351848,3.078733e-02,5.073592e-02,6.172206e-03
climatology,val,305,2024-07-13T23:00:00,2024-07-14T05:00:00,stl1,351848,2.949518e+00,4.013041e+00,-7.573357e-01
climatology,val,305,2024-07-13T23:00:00,2024-07-14T05:00:00,sd,351848,2.336937e-03,1.329013e-02,1.947072e-03
climatology,val,306,2024-07-14T00:00:00,2024-07-14T06:00:00,swvl1,351848,3.078045e-02,5.076400e-02,6.205064e-03
climatology,val,306,2024-07-14T00:00:00,2024-07-14T06:00:00,stl1,351848,2.949755e+00,4.015212e+00,-7.206879e-01
climatology,val,306,2024-07-14T00:00:00,2024-07-14T06:00:00,sd,351848,2.327189e-03,1.325317e-02,1.938418e-03
climatology,val,307,2024-07-14T01:00:00,2024-07-14T07:00:00,swvl1,351848,3.077619e-02,5.078991e-02,6.248734e-03
climatology,val,307,2024-07-14T01:00:00,2024-07-14T07:00:00,stl1,351848,2.955440e+00,4.025853e+00,-6.795551e-01
climatology,val,307,2024-07-14T01:00:00,2024-07-14T07:00:00,sd,351848,2.317099e-03,1.321299e-02,1.929309e-03
climatology,val,308,2024-07-14T02:00:00,2024-07-14T08:00:00,swvl1,351848,3.078574e-02,5.084647e-02,6.277596e-03
climatology,val,308,2024-07-14T02:00:00,2024-07-14T08:00:00,stl1,351848,2.985569e+00,4.068068e+00,-6.842105e-01
climatology,val,308,2024-07-14T02:00:00,2024-07-14T08:00:00,sd,351848,2.307418e-03,1.317291e-02,1.920616e-03
climatology,val,309,2024-07-14T03:00:00,2024-07-14T09:00:00,swvl1,351848,3.080264e-02,5.092220e-02,6.302359e-03
climatology,val,309,2024-07-14T03:00:00,2024-07-14T09:00:00,stl1,351848,3.007149e+00,4.084716e+00,-6.657615e-01
climatology,val,309,2024-07-14T03:00:00,2024-07-14T09:00:00,sd,351848,2.298325e-03,1.313335e-02,1.912665e-03
climatology,val,310,2024-07-14T04:00:00,2024-07-14T10:00:00,swvl1,351848,3.082333e-02,5.094776e-02,6.263300e-03
climatology,val,310,2024-07-14T04:00:00,2024-07-14T10:00:00,stl1,351848,3.074426e+00,4.153518e+00,-6.406009e-01
climatology,val,310,2024-07-14T04:00:00,2024-07-14T10:00:00,sd,351848,2.293456e-03,1.311539e-02,1.905244e-03
climatology,val,311,2024-07-14T05:00:00,2024-07-14T11:00:00,swvl1,351848,3.086309e-02,5.106668e-02,6.247918e-03
climatology,val,311,2024-07-14T05:00:00,2024-07-14T11:00:00,stl1,351848,3.098097e+00,4.176059e+00,-6.475799e-01
climatology,val,311,2024-07-14T05:00:00,2024-07-14T11:00:00,sd,351848,2.287117e-03,1.308342e-02,1.899316e-03
climatology,val,312,2024-07-14T06:00:00,2024-07-14T12:00:00,swvl1,351848,3.109718e-02,5.151291e-02,6.330475e-03
climatology,val,312,2024-07-14T06:00:00,2024-07-14T12:00:00,stl1,351848,3.158404e+00,4.234561e+00,-6.892308e-01
climatology,val,312,2024-07-14T06:00:00,2024-07-14T12:00:00,sd,351848,2.404173e-03,1.348575e-02,2.013216e-03
climatology,val,313,2024-07-14T07:00:00,2024-07-14T13:00:00,swvl1,351848,3.116190e-02,5.169400e-02,6.315156e-03
climatology,val,313,2024-07-14T07:00:00,2024-07-14T13:00:00,stl1,351848,3.156231e+00,4.219333e+00,-7.311241e-01
climatology,val,313,2024-07-14T07:00:00,2024-07-14T13:00:00,sd,351848,2.399107e-03,1.345816e-02,2.008668e-03
climatology,val,314,2024-07-14T08:00:00,2024-07-14T14:00:00,swvl1,351848,3.123129e-02,5.187629e-02,6.309378e-03
climatology,val,314,2024-07-14T08:00:00,2024-07-14T14:00:00,stl1,351848,3.159149e+00,4.196836e+00,-7.524892e-01
climatology,val,314,2024-07-14T08:00:00,2024-07-14T14:00:00,sd,351848,2.393789e-03,1.342962e-02,2.003844e-03
climatology,val,315,2024-07-14T09:00:00,2024-07-14T15:00:00,swvl1,351848,3.130353e-02,5.205072e-02,6.313996e-03
climatology,val,315,2024-07-14T09:00:00,2024-07-14T15:00:00,stl1,351848,3.156314e+00,4.184198e+00,-8.063747e-01
climatology,val,315,2024-07-14T09:00:00,2024-07-14T15:00:00,sd,351848,2.387812e-03,1.339852e-02,1.998548e-03
climatology,val,316,2024-07-14T10:00:00,2024-07-14T16:00:00,swvl1,351848,3.137857e-02,5.222387e-02,6.315628e-03
climatology,val,316,2024-07-14T10:00:00,2024-07-14T16:00:00,stl1,351848,3.135524e+00,4.182987e+00,-8.459374e-01
climatology,val,316,2024-07-14T10:00:00,2024-07-14T16:00:00,sd,351848,2.381073e-03,1.336580e-02,1.992554e-03
climatology,val,317,2024-07-14T11:00:00,2024-07-14T17:00:00,swvl1,351848,3.143978e-02,5.236075e-02,6.318379e-03
climatology,val,317,2024-07-14T11:00:00,2024-07-14T17:00:00,stl1,351848,3.089056e+00,4.142249e+00,-8.696295e-01
climatology,val,317,2024-07-14T11:00:00,2024-07-14T17:00:00,sd,351848,2.373351e-03,1.333042e-02,1.985836e-03
climatology,val,318,2024-07-14T12:00:00,2024-07-14T18:00:00,swvl1,351848,3.149773e-02,5.249605e-02,6.324159e-03
climatology,val,318,2024-07-14T12:00:00,2024-07-14T18:00:00,stl1,351848,3.061275e+00,4.111907e+00,-8.735382e-01
climatology,val,318,2024-07-14T12:00:00,2024-07-14T18:00:00,sd,351848,2.365386e-03,1.329397e-02,1.979008e-03
climatology,val,319,2024-07-14T13:00:00,2024-07-14T19:00:00,swvl1,351848,3.155475e-02,5.260946e-02,6.334795e-03
climatology,val,319,2024-07-14T13:00:00,2024-07-14T19:00:00,stl1,351848,3.045369e+00,4.107537e+00,-8.742005e-01
climatology,val,319,2024-07-14T13:00:00,2024-07-14T19:00:00,sd,351848,2.356960e-03,1.325715e-02,1.971697e-03
climatology,val,320,2024-07-14T14:00:00,2024-07-14T20:00:00,swvl1,351848,3.161363e-02,5.273330e-02,6.350975e-03
climatology,val,320,2024-07-14T14:00:00,2024-07-14T20:00:00,stl1,351848,3.015456e+00,4.063721e+00,-8.613540e-01
climatology,val,320,2024-07-14T14:00:00,2024-07-14T20:00:00,sd,351848,2.348313e-03,1.321982e-02,1.963915e-03
climatology,val,321,2024-07-14T15:00:00,2024-07-14T21:00:00,swvl1,351848,3.166199e-02,5.283532e-02,6.374473e-03
climatology,val,321,2024-07-14T15:00:00,2024-07-14T21:00:00,stl1,351848,3.019806e+00,4.079197e+00,-8.555586e-01
climatology,val,321,2024-07-14T15:00:00,2024-07-14T21:00:00,sd,351848,2.339861e-03,1.318441e-02,1.956161e-03
climatology,val,322,2024-07-14T16:00:00,2024-07-14T22:00:00,swvl1,351848,3.151246e-02,5.243327e-02,6.282152e-03
climatology,val,322,2024-07-14T16:00:00,2024-07-14T22:00:00,stl1,351848,2.980640e+00,4.044900e+00,-7.996470e-01
climatology,val,322,2024-07-14T16:00:00,2024-07-14T22:00:00,sd,351848,2.333627e-03,1.316268e-02,1.950287e-03
climatology,val,323,2024-07-14T17:00:00,2024-07-14T23:00:00,swvl1,351848,3.155907e-02,5.247744e-02,6.285412e-03
climatology,val,323,2024-07-14T17:00:00,2024-07-14T23:00:00,stl1,351848,2.993160e+00,4.044048e+00,-7.735391e-01
climatology,val,323,2024-07-14T17:00:00,2024-07-14T23:00:00,sd,351848,2.326710e-03,1.313609e-02,1.944146e-03
climatology,val,324,2024-07-14T18:00:00,2024-07-15T00:00:00,swvl1,351848,3.188396e-02,5.301595e-02,6.302014e-03
climatology,val,324,2024-07-14T18:00:00,2024-07-15T00:00:00,stl1,351848,3.034497e+00,4.084770e+00,-7.714378e-01
climatology,val,324,2024-07-14T18:00:00,2024-07-15T00:00:00,sd,351848,2.377958e-03,1.344490e-02,1.990050e-03
climatology,val,325,2024-07-14T19:00:00,2024-07-15T01:00:00,swvl1,351848,3.193869e-02,5.307704e-02,6.310627e-03
climatology,val,325,2024-07-14T19:00:00,2024-07-15T01:00:00,stl1,351848,3.016821e+00,4.062135e+00,-7.674217e-01
climatology,val,325,2024-07-14T19:00:00,2024-07-15T01:00:00,sd,351848,2.370944e-03,1.342087e-02,1.983232e-03
climatology,val,326,2024-07-14T20:00:00,2024-07-15T02:00:00,swvl1,351848,3.198433e-02,5.313275e-02,6.335730e-03
climatology,val,326,2024-07-14T20:00:00,2024-07-15T02:00:00,stl1,351848,3.031397e+00,4.091297e+00,-7.889819e-01
climatology,val,326,2024-07-14T20:00:00,2024-07-15T02:00:00,sd,351848,2.364513e-03,1.339787e-02,1.977133e-03
climatology,val,327,2024-07-14T21:00:00,2024-07-15T03:00:00,swvl1,351848,3.202465e-02,5.317823e-02,6.378308e-03
climatology,val,327,2024-07-14T21:00:00,2024-07-15T03:00:00,stl1,351848,3.037563e+00,4.090992e+00,-7.710613e-01
climatology,val,327,2024-07-14T21:00:00,2024-07-15T03:00:00,sd,351848,2.357278e-03,1.337137e-02,1.970345e-03
climatology,val,328,2024-07-14T22:00:00,2024-07-15T04:00:00,swvl1,351848,3.206887e-02,5.322698e-02,6.429375e-03
climatology,val,328,2024-07-14T22:00:00,2024-07-15T04:00:00,stl1,351848,3.055529e+00,4.099550e+00,-7.378553e-01
climatology,val,328,2024-07-14T22:00:00,2024-07-15T04:00:00,sd,351848,2.349476e-03,1.334228e-02,1.963116e-03
climatology,val,329,2024-07-14T23:00:00,2024-07-15T05:00:00,swvl1,351848,3.211536e-02,5.327726e-02,6.499557e-03
climatology,val,329,2024-07-14T23:00:00,2024-07-15T05:00:00,stl1,351848,3.063439e+00,4.088189e+00,-7.844643e-01
climatology,val,329,2024-07-14T23:00:00,2024-07-15T05:00:00,sd,351848,2.340827e-03,1.331000e-02,1.955106e-03
climatology,val,330,2024-07-15T00:00:00,2024-07-15T06:00:00,swvl1,351848,3.216303e-02,5.333008e-02,6.577727e-03
climatology,val,330,2024-07-15T00:00:00,2024-07-15T06:00:00,stl1,351848,3.118209e+00,4.152540e+00,-6.915073e-01
climatology,val,330,2024-07-15T00:00:00,2024-07-15T06:00:00,sd,351848,2.331075e-03,1.327293e-02,1.946182e-03
climatology,val,331,2024-07-15T01:00:00,2024-07-15T07:00:00,swvl1,351848,3.220655e-02,5.337968e-02,6.649753e-03
climatology,val,331,2024-07-15T01:00:00,2024-07-15T07:00:00,stl1,351848,3.135957e+00,4.175963e+00,-6.632298e-01
climatology,val,331,2024-07-15T01:00:00,2024-07-15T07:00:00,sd,351848,2.320952e-03,1.323288e-02,1.936859e-03
climatology,val,332,2024-07-15T02:00:00,2024-07-15T08:00:00,swvl1,351848,3.223902e-02,5.340140e-02,6.698354e-03
climatology,val,332,2024-07-15T02:00:00,2024-07-15T08:00:00,stl1,351848,3.157538e+00,4.202566e+00,-7.204976e-01
climatology,val,332,2024-07-15T02:00:00,2024-07-15T08:00:00,sd,351848,2.311233e-03,1.319308e-02,1.927906e-03
climatology,val,333,2024-07-15T03:00:00,2024-07-15T09:00:00,swvl1,351848,3.225957e-02,5.339525e-02,6.717834e-03
climatology,val,333,2024-07-15T03:00:00,2024-07-15T09:00:00,stl1,351848,3.195248e+00,4.250786e+00,-7.269774e-01
climatology,val,333,2024-07-15T03:00:00,2024-07-15T09:00:00,sd,351848,2.302217e-03,1.315424e-02,1.919560e-03
climatology,val,334,2024-07-15T04:00:00,2024-07-15T10:00:00,swvl1,351848,3.242016e-02,5.359159e-02,6.717647e-03
climatology,val,334,2024-07-15T04:00:00,2024-07-15T10:00:00,stl1,351848,3.243223e+00,4.301504e+00,-7.159730e-01
climatology,val,334,2024-07-15T04:00:00,2024-07-15T10:00:00,sd,351848,2.298024e-03,1.313767e-02,1.912064e-03
climatology,val,335,2024-07-15T05:00:00,2024-07-15T11:00:00,swvl1,351848,3.249848e-02,5.370238e-02,6.680864e-03
climatology,val,335,2024-07-15T05:00:00,2024-07-15T11:00:00,stl1,351848,3.268693e+00,4.327103e+00,-7.080569e-01
climatology,val,335,2024-07-15T05:00:00,2024-07-15T11:00:00,sd,351848,2.292012e-03,1.310634e-02,1.905601e-03
climatology,val,336,2024-07-15T06:00:00,2024-07-15T12:00:00,swvl1,351848,3.273340e-02,5.405333e-02,6.766109e-03
climatology,val,336,2024-07-15T06:00:00,2024-07-15T12:00:00,stl1,351848,3.333465e+00,4.410741e+00,-7.487380e-01
climatology,val,336,2024-07-15T06:00:00,2024-07-15T12:00:00,sd,351848,2.409363e-03,1.350838e-02,2.019059e-03
climatology,val,337,2024-07-15T07:00:00,2024-07-15T13:00:00,swvl1,351848,3.281911e-02,5.418474e-02,6.748215e-03
climatology,val,337,2024-07-15T07:00:00,2024-07-15T13:00:00,stl1,351848,3.324488e+00,4.392873e+00,-7.875790e-01
climatology,val,337,2024-07-15T07:00:00,2024-07-15T13:00:00,sd,351848,2.404530e-03,1.348086e-02,2.014128e-03
climatology,val,338,2024-07-15T08:00:00,2024-07-15T14:00:00,swvl1,351848,3.292827e-02,5.433608e-02,6.737637e-03
climatology,val,338,2024-07-15T08:00:00,2024-07-15T14:00:00,stl1,351848,3.286972e+00,4.332274e+00,-8.204787e-01
climatology,val,338,2024-07-15T08:00:00,2024-07-15T14:00:00,sd,351848,2.399396e-03,1.345232e-02,2.008911e-03
climatology,val,339,2024-07-15T09:00:00,2024-07-15T15:00:00,swvl1,351848,3.304732e-02,5.450265e-02,6.726470e-03
climatology,val,339,2024-07-15T09:00:00,2024-07-15T15:00:00,stl1,351848,3.264071e+00,4.291580e+00,-8.582861e-01
climatology,val,339,2024-07-15T09:00:00,2024-07-15T15:00:00,sd,351848,2.393553e-03,1.342092e-02,2.003279e-03
climatology,val,340,2024-07-15T10:00:00,2024-07-15T16:00:00,swvl1,351848,3.317855e-02,5.469929e-02,6.693285e-03
climatology,val,340,2024-07-15T10:00:00,2024-07-15T16:00:00,stl1,351848,3.270559e+00,4.303690e+00,-8.801412e-01
climatology,val,340,2024-07-15T10:00:00,2024-07-15T16:00:00,sd,351848,2.386954e-03,1.338795e-02,1.996967e-03
climatology,val,341,2024-07-15T11:00:00,2024-07-15T17:00:00,swvl1,351848,3.329203e-02,5.486871e-02,6.675674e-03
climatology,val,341,2024-07-15T11:00:00,2024-07-15T17:00:00,stl1,351848,3.226134e+00,4.252091e+00,-8.929559e-01
climatology,val,341,2024-07-15T11:00:00,2024-07-15T17:00:00,sd,351848,2.379412e-03,1.335258e-02,1.989984e-03
climatology,val,342,2024-07-15T12:00:00,2024-07-15T18:00:00,swvl1,351848,3.338549e-02,5.499693e-02,6.672109e-03
climatology,val,342,2024-07-15T12:00:00,2024-07-15T18:00:00,stl1,351848,3.180577e+00,4.204773e+00,-9.268121e-01
climatology,val,342,2024-07-15T12:00:00,2024-07-15T18:00:00,sd,351848,2.371606e-03,1.331629e-02,1.982852e-03
climatology,val,343,2024-07-15T13:00:00,2024-07-15T19:00:00,swvl1,351848,3.347316e-02,5.511605e-02,6.677459e-03
climatology,val,343,2024-07-15T13:00:00,2024-07-15T19:00:00,stl1,351848,3.128439e+00,4.153204e+00,-9.573235e-01
climatology,val,343,2024-07-15T13:00:00,2024-07-15T19:00:00,sd,351848,2.363275e-03,1.327958e-02,1.975164e-03
climatology,val,344,2024-07-15T14:00:00,2024-07-15T20:00:00,swvl1,351848,3.354554e-02,5.523098e-02,6.677595e-03
climatology,val,344,2024-07-15T14:00:00,2024-07-15T20:00:00,stl1,351848,3.095430e+00,4.091221e+00,-9.407043e-01
climatology,val,344,2024-07-15T14:00:00,2024-07-15T20:00:00,sd,351848,2.354651e-03,1.324265e-02,1.967130e-03
climatology,val,345,2024-07-15T15:00:00,2024-07-15T21:00:00,swvl1,351848,3.360384e-02,5.532608e-02,6.681287e-03
climatology,val,345,2024-07-15T15:00:00,2024-07-15T21:00:00,stl1,351848,3.079848e+00,4.085034e+00,-9.415907e-01
climatology,val,345,2024-07-15T15:00:00,2024-07-15T21:00:00,sd,351848,2.346156e-03,1.320759e-02,1.959123e-03
climatology,val,346,2024-07-15T16:00:00,2024-07-15T22:00:00,swvl1,351848,3.344750e-02,5.514692e-02,6.571531e-03
climatology,val,346,2024-07-15T16:00:00,2024-07-15T22:00:00,stl1,351848,2.992394e+00,3.977777e+00,-8.827049e-01
climatology,val,346,2024-07-15T16:00:00,2024-07-15T22:00:00,sd,351848,2.340214e-03,1.318804e-02,1.953378e-03
climatology,val,347,2024-07-15T17:00:00,2024-07-15T23:00:00,swvl1,351848,3.347054e-02,5.519587e-02,6.566320e-03
climatology,val,347,2024-07-15T17:00:00,2024-07-15T23:00:00,stl1,351848,2.989307e+00,3.973588e+00,-8.832594e-01
climatology,val,347,2024-07-15T17:00:00,2024-07-15T23:00:00,sd,351848,2.333354e-03,1.316279e-02,1.946959e-03
climatology,val,348,2024-07-15T18:00:00,2024-07-16T00:00:00,swvl1,351848,3.374774e-02,5.569275e-02,6.611817e-03
climatology,val,348,2024-07-15T18:00:00,2024-07-16T00:00:00,stl1,351848,3.058086e+00,4.066933e+00,-9.004694e-01
climatology,val,348,2024-07-15T18:00:00,2024-07-16T00:00:00,sd,351848,2.384887e-03,1.347408e-02,1.993066e-03
climatology,val,349,2024-07-15T19:00:00,2024-07-16T01:00:00,swvl1,351848,3.374894e-02,5.568994e-02,6.650587e-03
climatology,val,349,2024-07-15T19:00:00,2024-07-16T01:00:00,stl1,351848,3.048898e+00,4.052539e+00,-8.742001e-01
climatology,val,349,2024-07-15T19:00:00,2024-07-16T01:00:00,sd,351848,2.377722e-03,1.345063e-02,1.986617e-03
climatology,val,350,2024-07-15T20:00:00,2024-07-16T02:00:00,swvl1,351848,3.375353e-02,5.569125e-02,6.693645e-03
climatology,val,350,2024-07-15T20:00:00,2024-07-16T02:00:00,stl1,351848,3.086190e+00,4.110164e+00,-8.656172e-01
climatology,val,350,2024-07-15T20:00:00,2024-07-16T02:00:00,sd,351848,2.370951e-03,1.342765e-02,1.980698e-03
climatology,val,351,2024-07-15T21:00:00,2024-07-16T03:00:00,swvl1,351848,3.374837e-02,5.566936e-02,6.751314e-03
climatology,val,351,2024-07-15T21:00:00,2024-07-16T03:00:00,stl1,351848,3.106637e+00,4.131559e+00,-8.373778e-01
climatology,val,351,2024-07-15T21:00:00,2024-07-16T03:00:00,sd,351848,2.363270e-03,1.340083e-02,1.973948e-03
climatology,val,352,2024-07-15T22:00:00,2024-07-16T04:00:00,swvl1,351848,3.374777e-02,5.564122e-02,6.810689e-03
climatology,val,352,2024-07-15T22:00:00,2024-07-16T04:00:00,stl1,351848,3.133390e+00,4.156992e+00,-8.083502e-01
climatology,val,352,2024-07-15T22:00:00,2024-07-16T04:00:00,sd,351848,2.355051e-03,1.337172e-02,1.966717e-03
climatology,val,353,2024-07-15T23:00:00,2024-07-16T05:00:00,swvl1,351848,3.376208e-02,5.562980e-02,6.865533e-03
climatology,val,353,2024-07-15T23:00:00,2024-07-16T05:00:00,stl1,351848,3.183353e+00,4.229940e+00,-8.633519e-01
climatology,val,353,2024-07-15T23:00:00,2024-07-16T05:00:00,sd,351848,2.345999e-03,1.333929e-02,1.958687e-03
climatology,val,354,2025-07-01T06:00:00,2025-07-01T12:00:00,swvl1,351848,2.636748e-02,4.466010e-02,-3.133162e-03
climatology,val,354,2025-07-01T06:00:00,2025-07-01T12:00:00,stl1,351848,2.282393e+00,3.288147e+00,-4.127092e-01
climatology,val,354,2025-07-01T06:00:00,2025-07-01T12:00:00,sd,351848,2.008978e-03,1.122723e-02,1.851085e-03
climatology,val,355,2025-07-01T07:00:00,2025-07-01T13:00:00,swvl1,351848,2.640968e-02,4.471548e-02,-3.174862e-03
climatology,val,355,2025-07-01T07:00:00,2025-07-01T13:00:00,stl1,351848,2.297219e+00,3.297337e+00,-4.106220e-01
climatology,val,355,2025-07-01T07:00:00,2025-07-01T13:00:00,sd,351848,2.006789e-03,1.120832e-02,1.847299e-03
climatology,val,356,2025-07-01T08:00:00,2025-07-01T14:00:00,swvl1,351848,2.647599e-02,4.481501e-02,-3.216938e-03
climatology,val,356,2025-07-01T08:00:00,2025-07-01T14:00:00,stl1,351848,2.337005e+00,3.346499e+00,-4.538675e-01
climatology,val,356,2025-07-01T08:00:00,2025-07-01T14:00:00,sd,351848,2.004735e-03,1.118941e-02,1.843494e-03
climatology,val,357,2025-07-01T09:00:00,2025-07-01T15:00:00,swvl1,351848,2.653822e-02,4.490513e-02,-3.252290e-03
climatology,val,357,2025-07-01T09:00:00,2025-07-01T15:00:00,stl1,351848,2.318060e+00,3.327137e+00,-4.425579e-01
climatology,val,357,2025-07-01T09:00:00,2025-07-01T15:00:00,sd,351848,2.002316e-03,1.116850e-02,1.839394e-03
climatology,val,358,2025-07-01T10:00:00,2025-07-01T16:00:00,swvl1,351848,2.658675e-02,4.497197e-02,-3.279205e-03
climatology,val,358,2025-07-01T10:00:00,2025-07-01T16:00:00,stl1,351848,2.300091e+00,3.314787e+00,-4.458653e-01
climatology,val,358,2025-07-01T10:00:00,2025-07-01T16:00:00,sd,351848,1.998996e-03,1.114528e-02,1.834776e-03
climatology,val,359,2025-07-01T11:00:00,2025-07-01T17:00:00,swvl1,351848,2.662229e-02,4.502551e-02,-3.302770e-03
climatology,val,359,2025-07-01T11:00:00,2025-07-01T17:00:00,stl1,351848,2.283139e+00,3.301842e+00,-5.023846e-01
climatology,val,359,2025-07-01T11:00:00,2025-07-01T17:00:00,sd,351848,1.994539e-03,1.111855e-02,1.829510e-03
climatology,val,360,2025-07-01T12:00:00,2025-07-01T18:00:00,swvl1,351848,2.666628e-02,4.509323e-02,-3.343249e-03
climatology,val,360,2025-07-01T12:00:00,2025-07-01T18:00:00,stl1,351848,2.269038e+00,3.297795e+00,-5.313382e-01
climatology,val,360,2025-07-01T12:00:00,2025-07-01T18:00:00,sd,351848,1.988475e-03,1.108919e-02,1.825040e-03
climatology,val,361,2025-07-01T13:00:00,2025-07-01T19:00:00,swvl1,351848,2.668406e-02,4.511881e-02,-3.362275e-03
climatology,val,361,2025-07-01T13:00:00,2025-07-01T19:00:00,stl1,351848,2.261582e+00,3.291694e+00,-5.465685e-01
climatology,val,361,2025-07-01T13:00:00,2025-07-01T19:00:00,sd,351848,1.982014e-03,1.105940e-02,1.819879e-03
climatology,val,362,2025-07-01T14:00:00,2025-07-01T20:00:00,swvl1,351848,2.670135e-02,4.515305e-02,-3.378273e-03
climatology,val,362,2025-07-01T14:00:00,2025-07-01T20:00:00,stl1,351848,2.218238e+00,3.242778e+00,-5.761224e-01
climatology,val,362,2025-07-01T14:00:00,2025-07-01T20:00:00,sd,351848,1.975221e-03,1.102900e-02,1.814182e-03
climatology,val,363,2025-07-01T15:00:00,2025-07-01T21:00:00,swvl1,351848,2.672965e-02,4.517399e-02,-3.397060e-03
climatology,val,363,2025-07-01T15:00:00,2025-07-01T21:00:00,stl1,351848,2.190849e+00,3.213878e+00,-5.892228e-01
climatology,val,363,2025-07-01T15:00:00,2025-07-01T21:00:00,sd,351848,1.968363e-03,1.099972e-02,1.808429e-03
climatology,val,364,2025-07-01T16:00:00,2025-07-01T22:00:00,swvl1,351848,2.666553e-02,4.492689e-02,-3.297330e-03
climatology,val,364,2025-07-01T16:00:00,2025-07-01T22:00:00,stl1,351848,2.151458e+00,3.164334e+00,-5.371163e-01
climatology,val,364,2025-07-01T16:00:00,2025-07-01T22:00:00,sd,351848,1.965050e-03,1.098685e-02,1.801895e-03
climatology,val,365,2025-07-01T17:00:00,2025-07-01T23:00:00,swvl1,351848,2.667918e-02,4.495406e-02,-3.319449e-03
climatology,val,365,2025-07-01T17:00:00,2025-07-01T23:00:00,stl1,351848,2.133648e+00,3.137819e+00,-5.435354e-01
climatology,val,365,2025-07-01T17:00:00,2025-07-01T23:00:00,sd,351848,1.959372e-03,1.096577e-02,1.797037e-03
climatology,val,366,2025-07-01T18:00:00,2025-07-02T00:00:00,swvl1,351848,2.707588e-02,4.570294e-02,-3.316625e-03
climatology,val,366,2025-07-01T18:00:00,2025-07-02T00:00:00,stl1,351848,2.160654e+00,3.170102e+00,-5.630347e-01
climatology,val,366,2025-07-01T18:00:00,2025-07-02T00:00:00,sd,351848,2.009948e-03,1.131125e-02,1.862451e-03
climatology,val,367,2025-07-01T19:00:00,2025-07-02T01:00:00,swvl1,351848,2.707103e-02,4.567971e-02,-3.329266e-03
climatology,val,367,2025-07-01T19:00:00,2025-07-02T01:00:00,stl1,351848,2.115802e+00,3.103055e+00,-5.589011e-01
climatology,val,367,2025-07-01T19:00:00,2025-07-02T01:00:00,sd,351848,2.003635e-03,1.129001e-02,1.857086e-03
climatology,val,368,2025-07-01T20:00:00,2025-07-02T02:00:00,swvl1,351848,2.705281e-02,4.565787e-02,-3.332555e-03
climatology,val,368,2025-07-01T20:00:00,2025-07-02T02:00:00,stl1,351848,2.085544e+00,3.059594e+00,-5.366294e-01
climatology,val,368,2025-07-01T20:00:00,2025-07-02T02:00:00,sd,351848,1.997693e-03,1.126928e-02,1.852257e-03
climatology,val,369,2025-07-01T21:00:00,2025-07-02T03:00:00,swvl1,351848,2.706223e-02,4.567765e-02,-3.351804e-03
climatology,val,369,2025-07-01T21:00:00,2025-07-02T03:00:00,stl1,351848,2.069369e+00,3.032573e+00,-5.245247e-01
climatology,val,369,2025-07-01T21:00:00,2025-07-02T03:00:00,sd,351848,1.990849e-03,1.124381e-02,1.846618e-03
climatology,val,370,2025-07-01T22:00:00,2025-07-02T04:00:00,swvl1,351848,2.706938e-02,4.570187e-02,-3.360952e-03
climatology,val,370,2025-07-01T22:00:00,2025-07-02T04:00:00,stl1,351848,2.062579e+00,3.011710e+00,-5.240145e-01
climatology,val,370,2025-07-01T22:00:00,2025-07-02T04:00:00,sd,351848,1.983561e-03,1.121648e-02,1.840579e-03
climatology,val,371,2025-07-01T23:00:00,2025-07-02T05:00:00,swvl1,351848,2.708705e-02,4.575318e-02,-3.387351e-03
climatology,val,371,2025-07-01T23:00:00,2025-07-02T05:00:00,stl1,351848,2.112049e+00,3.054042e+00,-5.049224e-01
climatology,val,371,2025-07-01T23:00:00,2025-07-02T05:00:00,sd,351848,1.975574e-03,1.118612e-02,1.833827e-03
climatology,val,372,2025-07-02T00:00:00,2025-07-02T06:00:00,swvl1,351848,2.710133e-02,4.582092e-02,-3.415449e-03
climatology,val,372,2025-07-02T00:00:00,2025-07-02T06:00:00,stl1,351848,2.134525e+00,3.083660e+00,-4.973009e-01
climatology,val,372,2025-07-02T00:00:00,2025-07-02T06:00:00,sd,351848,1.966702e-03,1.115149e-02,1.826092e-03
climatology,val,373,2025-07-02T01:00:00,2025-07-02T07:00:00,swvl1,351848,2.710095e-02,4.586723e-02,-3.432594e-03
climatology,val,373,2025-07-02T01:00:00,2025-07-02T07:00:00,stl1,351848,2.142983e+00,3.106079e+00,-4.952226e-01
climatology,val,373,2025-07-02T01:00:00,2025-07-02T07:00:00,sd,351848,1.957566e-03,1.111391e-02,1.818074e-03
climatology,val,374,2025-07-02T02:00:00,2025-07-02T08:00:00,swvl1,351848,2.708301e-02,4.588653e-02,-3.452846e-03
climatology,val,374,2025-07-02T02:00:00,2025-07-02T08:00:00,stl1,351848,2.153154e+00,3.127604e+00,-4.984620e-01
climatology,val,374,2025-07-02T02:00:00,2025-07-02T08:00:00,sd,351848,1.948926e-03,1.107671e-02,1.810573e-03
climatology,val,375,2025-07-02T03:00:00,2025-07-02T09:00:00,swvl1,351848,2.707258e-02,4.588712e-02,-3.488035e-03
climatology,val,375,2025-07-02T03:00:00,2025-07-02T09:00:00,stl1,351848,2.177257e+00,3.156325e+00,-4.964526e-01
climatology,val,375,2025-07-02T03:00:00,2025-07-02T09:00:00,sd,351848,1.941004e-03,1.104060e-02,1.803844e-03
climatology,val,376,2025-07-02T04:00:00,2025-07-02T10:00:00,swvl1,351848,2.700379e-02,4.571942e-02,-3.363962e-03
climatology,val,376,2025-07-02T04:00:00,2025-07-02T10:00:00,stl1,351848,2.228144e+00,3.215407e+00,-4.948413e-01
climatology,val,376,2025-07-02T04:00:00,2025-07-02T10:00:00,sd,351848,1.935938e-03,1.101885e-02,1.797100e-03
climatology,val,377,2025-07-02T05:00:00,2025-07-02T11:00:00,swvl1,351848,2.697775e-02,4.570208e-02,-3.371062e-03
climatology,val,377,2025-07-02T05:00:00,2025-07-02T11:00:00,stl1,351848,2.238831e+00,3.230692e+00,-4.888928e-01
climatology,val,377,2025-07-02T05:00:00,2025-07-02T11:00:00,sd,351848,1.931678e-03,1.099203e-02,1.791572e-03
climatology,val,378,2025-07-02T06:00:00,2025-07-02T12:00:00,swvl1,351848,2.712387e-02,4.595873e-02,-3.277838e-03
climatology,val,378,2025-07-02T06:00:00,2025-07-02T12:00:00,stl1,351848,2.291781e+00,3.293908e+00,-5.081858e-01
climatology,val,378,2025-07-02T06:00:00,2025-07-02T12:00:00,sd,351848,2.048441e-03,1.144297e-02,1.906276e-03
climatology,val,379,2025-07-02T07:00:00,2025-07-02T13:00:00,swvl1,351848,2.711245e-02,4.597577e-02,-3.283565e-03
climatology,val,379,2025-07-02T07:00:00,2025-07-02T13:00:00,stl1,351848,2.296836e+00,3.300437e+00,-5.143466e-01
climatology,val,379,2025-07-02T07:00:00,2025-07-02T13:00:00,sd,351848,2.045448e-03,1.142314e-02,1.903032e-03
climatology,val,380,2025-07-02T08:00:00,2025-07-02T14:00:00,swvl1,351848,2.711623e-02,4.602760e-02,-3.301971e-03
climatology,val,380,2025-07-02T08:00:00,2025-07-02T14:00:00,stl1,351848,2.337635e+00,3.353627e+00,-5.699097e-01
climatology,val,380,2025-07-02T08:00:00,2025-07-02T14:00:00,sd,351848,2.042238e-03,1.140317e-02,1.899911e-03
climatology,val,381,2025-07-02T09:00:00,2025-07-02T15:00:00,swvl1,351848,2.712340e-02,4.608305e-02,-3.305728e-03
climatology,val,381,2025-07-02T09:00:00,2025-07-02T15:00:00,stl1,351848,2.324925e+00,3.341862e+00,-5.611210e-01
climatology,val,381,2025-07-02T09:00:00,2025-07-02T15:00:00,sd,351848,2.038277e-03,1.138099e-02,1.896864e-03
climatology,val,382,2025-07-02T10:00:00,2025-07-02T16:00:00,swvl1,351848,2.714277e-02,4.613891e-02,-3.318275e-03
climatology,val,382,2025-07-02T10:00:00,2025-07-02T16:00:00,stl1,351848,2.316112e+00,3.337031e+00,-5.720601e-01
climatology,val,382,2025-07-02T10:00:00,2025-07-02T16:00:00,sd,351848,2.033284e-03,1.135594e-02,1.893054e-03
climatology,val,383,2025-07-02T11:00:00,2025-07-02T17:00:00,swvl1,351848,2.715312e-02,4.614655e-02,-3.311404e-03
climatology,val,383,2025-07-02T11:00:00,2025-07-02T17:00:00,stl1,351848,2.284579e+00,3.301759e+00,-5.862157e-01
climatology,val,383,2025-07-02T11:00:00,2025-07-02T17:00:00,sd,351848,2.027428e-03,1.132823e-02,1.888582e-03
climatology,val,384,2025-07-02T12:00:00,2025-07-02T18:00:00,swvl1,351848,2.713729e-02,4.610716e-02,-3.282990e-03
climatology,val,384,2025-07-02T12:00:00,2025-07-02T18:00:00,stl1,351848,2.278891e+00,3.301615e+00,-5.904627e-01
climatology,val,384,2025-07-02T12:00:00,2025-07-02T18:00:00,sd,351848,2.021202e-03,1.129917e-02,1.883569e-03
climatology,val,385,2025-07-02T13:00:00,2025-07-02T19:00:00,swvl1,351848,2.712380e-02,4.609283e-02,-3.249336e-03
climatology,val,385,2025-07-02T13:00:00,2025-07-02T19:00:00,stl1,351848,2.266171e+00,3.295308e+00,-6.082527e-01
climatology,val,385,2025-07-02T13:00:00,2025-07-02T19:00:00,sd,351848,2.014764e-03,1.127032e-02,1.877732e-03
climatology,val,386,2025-07-02T14:00:00,2025-07-02T20:00:00,swvl1,351848,2.711361e-02,4.609379e-02,-3.222299e-03
climatology,val,386,2025-07-02T14:00:00,2025-07-02T20:00:00,stl1,351848,2.221506e+00,3.235450e+00,-5.918697e-01
climatology,val,386,2025-07-02T14:00:00,2025-07-02T20:00:00,sd,351848,2.008282e-03,1.124121e-02,1.871044e-03
climatology,val,387,2025-07-02T15:00:00,2025-07-02T21:00:00,swvl1,351848,2.708644e-02,4.608255e-02,-3.192088e-03
climatology,val,387,2025-07-02T15:00:00,2025-07-02T21:00:00,stl1,351848,2.197775e+00,3.213092e+00,-5.914881e-01
climatology,val,387,2025-07-02T15:00:00,2025-07-02T21:00:00,sd,351848,2.002003e-03,1.121410e-02,1.863767e-03
climatology,val,388,2025-07-02T16:00:00,2025-07-02T22:00:00,swvl1,351848,2.698176e-02,4.582047e-02,-3.187925e-03
climatology,val,388,2025-07-02T16:00:00,2025-07-02T22:00:00,stl1,351848,2.170361e+00,3.153812e+00,-5.573041e-01
climatology,val,388,2025-07-02T16:00:00,2025-07-02T22:00:00,sd,351848,1.997217e-03,1.120026e-02,1.856754e-03
climatology,val,389,2025-07-02T17:00:00,2025-07-02T23:00:00,swvl1,351848,2.695721e-02,4.582808e-02,-3.200271e-03
climatology,val,389,2025-07-02T17:00:00,2025-07-02T23:00:00,stl1,351848,2.151897e+00,3.119890e+00,-5.662938e-01
climatology,val,389,2025-07-02T17:00:00,2025-07-02T23:00:00,sd,351848,1.992129e-03,1.118127e-02,1.850524e-03
climatology,val,390,2025-07-02T18:00:00,2025-07-03T00:00:00,swvl1,351848,2.727741e-02,4.644858e-02,-3.186669e-03
climatology,val,390,2025-07-02T18:00:00,2025-07-03T00:00:00,stl1,351848,2.179870e+00,3.152444e+00,-5.964475e-01
climatology,val,390,2025-07-02T18:00:00,2025-07-03T00:00:00,sd,351848,2.045045e-03,1.151882e-02,1.900884e-03
climatology,val,391,2025-07-02T19:00:00,2025-07-03T01:00:00,swvl1,351848,2.726670e-02,4.643673e-02,-3.185661e-03
climatology,val,391,2025-07-02T19:00:00,2025-07-03T01:00:00,stl1,351848,2.151326e+00,3.111355e+00,-5.789318e-01
climatology,val,391,2025-07-02T19:00:00,2025-07-03T01:00:00,sd,351848,2.039333e-03,1.149921e-02,1.894212e-03
climatology,val,392,2025-07-02T20:00:00,2025-07-03T02:00:00,swvl1,351848,2.725455e-02,4.640143e-02,-3.179868e-03
climatology,val,392,2025-07-02T20:00:00,2025-07-03T02:00:00,stl1,351848,2.093827e+00,3.041206e+00,-5.502099e-01
climatology,val,392,2025-07-02T20:00:00,2025-07-03T02:00:00,sd,351848,2.033983e-03,1.147949e-02,1.887946e-03
climatology,val,393,2025-07-02T21:00:00,2025-07-03T03:00:00,swvl1,351848,2.724081e-02,4.635189e-02,-3.164968e-03
climatology,val,393,2025-07-02T21:00:00,2025-07-03T03:00:00,stl1,351848,2.057564e+00,2.994700e+00,-5.188235e-01
climatology,val,393,2025-07-02T21:00:00,2025-07-03T03:00:00,sd,351848,2.027510e-03,1.145422e-02,1.881122e-03
climatology,val,394,2025-07-02T22:00:00,2025-07-03T04:00:00,swvl1,351848,2.723454e-02,4.630562e-02,-3.164367e-03
climatology,val,394,2025-07-02T22:00:00,2025-07-03T04:00:00,stl1,351848,2.060911e+00,2.998714e+00,-5.081392e-01
climatology,val,394,2025-07-02T22:00:00,2025-07-03T04:00:00,sd,351848,2.020418e-03,1.142632e-02,1.873993e-03
climatology,val,395,2025-07-02T23:00:00,2025-07-03T05:00:00,swvl1,351848,2.723854e-02,4.629208e-02,-3.167261e-03
climatology,val,395,2025-07-02T23:00:00,2025-07-03T05:00:00,stl1,351848,2.105144e+00,3.041880e+00,-4.631333e-01
climatology,val,395,2025-07-02T23:00:00,2025-07-03T05:00:00,sd,351848,2.012609e-03,1.139568e-02,1.866246e-03
climatology,val,396,2025-07-03T00:00:00,2025-07-03T06:00:00,swvl1,351848,2.724425e-02,4.628470e-02,-3.173398e-03
climatology,val,396,2025-07-03T00:00:00,2025-07-03T06:00:00,stl1,351848,2.121634e+00,3.067944e+00,-4.389530e-01
climatology,val,396,2025-07-03T00:00:00,2025-07-03T06:00:00,sd,351848,2.003756e-03,1.136072e-02,1.857674e-03
climatology,val,397,2025-07-03T01:00:00,2025-07-03T07:00:00,swvl1,351848,2.724865e-02,4.629070e-02,-3.177469e-03
climatology,val,397,2025-07-03T01:00:00,2025-07-03T07:00:00,stl1,351848,2.140704e+00,3.090555e+00,-4.273316e-01
climatology,val,397,2025-07-03T01:00:00,2025-07-03T07:00:00,sd,351848,1.994584e-03,1.132313e-02,1.848870e-03
climatology,val,398,2025-07-03T02:00:00,2025-07-03T08:00:00,swvl1,351848,2.722895e-02,4.625612e-02,-3.159130e-03
climatology,val,398,2025-07-03T02:00:00,2025-07-03T08:00:00,stl1,351848,2.168971e+00,3.128730e+00,-4.059014e-01
climatology,val,398,2025-07-03T02:00:00,2025-07-03T08:00:00,sd,351848,1.985757e-03,1.128578e-02,1.840456e-03
climatology,val,399,2025-07-03T03:00:00,2025-07-03T09:00:00,swvl1,351848,2.719027e-02,4.620081e-02,-3.133073e-03
climatology,val,399,2025-07-03T03:00:00,2025-07-03T09:00:00,stl1,351848,2.209152e+00,3.170552e+00,-3.830201e-01
climatology,val,399,2025-07-03T03:00:00,2025-07-03T09:00:00,sd,351848,1.977677e-03,1.125009e-02,1.832712e-03
climatology,val,400,2025-07-03T04:00:00,2025-07-03T10:00:00,swvl1,351848,2.718910e-02,4.617883e-02,-3.060346e-03
climatology,val,400,2025-07-03T04:00:00,2025-07-03T10:00:00,stl1,351848,2.280234e+00,3.235866e+00,-3.449897e-01
climatology,val,400,2025-07-03T04:00:00,2025-07-03T10:00:00,sd,351848,1.970472e-03,1.122351e-02,1.824213e-03
climatology,val,401,2025-07-03T05:00:00,2025-07-03T11:00:00,swvl1,351848,2.719319e-02,4.617282e-02,-3.059787e-03
climatology,val,401,2025-07-03T05:00:00,2025-07-03T11:00:00,stl1,351848,2.317204e+00,3.267542e+00,-3.448951e-01
climatology,val,401,2025-07-03T05:00:00,2025-07-03T11:00:00,sd,351848,1.965037e-03,1.119497e-02,1.818325e-03
climatology,val,402,2025-07-03T06:00:00,2025-07-03T12:00:00,swvl1,351848,2.735268e-02,4.643039e-02,-2.940454e-03
climatology,val,402,2025-07-03T06:00:00,2025-07-03T12:00:00,stl1,351848,2.371575e+00,3.321172e+00,-3.737456e-01
climatology,val,402,2025-07-03T06:00:00,2025-07-03T12:00:00,sd,351848,2.080946e-03,1.164052e-02,1.932398e-03
climatology,val,403,2025-07-03T07:00:00,2025-07-03T13:00:00,swvl1,351848,2.735996e-02,4.644317e-02,-2.935350e-03
climatology,val,403,2025-07-03T07:00:00,2025-07-03T13:00:00,stl1,351848,2.369159e+00,3.291267e+00,-3.761109e-01
climatology,val,403,2025-07-03T07:00:00,2025-07-03T13:00:00,sd,351848,2.077249e-03,1.161901e-02,1.928362e-03
climatology,val,404,2025-07-03T08:00:00,2025-07-03T14:00:00,swvl1,351848,2.736566e-02,4.647259e-02,-2.928733e-03
climatology,val,404,2025-07-03T08:00:00,2025-07-03T14:00:00,stl1,351848,2.377155e+00,3.276629e+00,-4.259993e-01
climatology,val,404,2025-07-03T08:00:00,2025-07-03T14:00:00,sd,351848,2.073680e-03,1.159772e-02,1.924420e-03
climatology,val,405,2025-07-03T09:00:00,2025-07-03T15:00:00,swvl1,351848,2.739323e-02,4.653247e-02,-2.933933e-03
climatology,val,405,2025-07-03T09:00:00,2025-07-03T15:00:00,stl1,351848,2.346829e+00,3.246072e+00,-4.451425e-01
climatology,val,405,2025-07-03T09:00:00,2025-07-03T15:00:00,sd,351848,2.069857e-03,1.157521e-02,1.920250e-03
climatology,val,406,2025-07-03T10:00:00,2025-07-03T16:00:00,swvl1,351848,2.740864e-02,4.656030e-02,-2.913847e-03
climatology,val,406,2025-07-03T10:00:00,2025-07-03T16:00:00,stl1,351848,2.326325e+00,3.223922e+00,-4.608360e-01
climatology,val,406,2025-07-03T10:00:00,2025-07-03T16:00:00,sd,351848,2.065361e-03,1.155085e-02,1.915594e-03
climatology,val,407,2025-07-03T11:00:00,2025-07-03T17:00:00,swvl1,351848,2.741381e-02,4.658980e-02,-2.886503e-03
climatology,val,407,2025-07-03T11:00:00,2025-07-03T17:00:00,stl1,351848,2.283853e+00,3.166312e+00,-4.898089e-01
climatology,val,407,2025-07-03T11:00:00,2025-07-03T17:00:00,sd,351848,2.059886e-03,1.152315e-02,1.910122e-03
climatology,val,408,2025-07-03T12:00:00,2025-07-03T18:00:00,swvl1,351848,2.740507e-02,4.659332e-02,-2.849011e-03
climatology,val,408,2025-07-03T12:00:00,2025-07-03T18:00:00,stl1,351848,2.270043e+00,3.169186e+00,-4.981698e-01
climatology,val,408,2025-07-03T12:00:00,2025-07-03T18:00:00,sd,351848,2.054009e-03,1.149415e-02,1.904369e-03
climatology,val,409,2025-07-03T13:00:00,2025-07-03T19:00:00,swvl1,351848,2.739885e-02,4.659550e-02,-2.804752e-03
climatology,val,409,2025-07-03T13:00:00,2025-07-03T19:00:00,stl1,351848,2.245463e+00,3.151931e+00,-5.008981e-01
climatology,val,409,2025-07-03T13:00:00,2025-07-03T19:00:00,sd,351848,2.047578e-03,1.146454e-02,1.897914e-03
climatology,val,410,2025-07-03T14:00:00,2025-07-03T20:00:00,swvl1,351848,2.741741e-02,4.663002e-02,-2.769013e-03
climatology,val,410,2025-07-03T14:00:00,2025-07-03T20:00:00,stl1,351848,2.189342e+00,3.098350e+00,-5.041859e-01
climatology,val,410,2025-07-03T14:00:00,2025-07-03T20:00:00,sd,351848,2.040810e-03,1.143389e-02,1.890694e-03
climatology,val,411,2025-07-03T15:00:00,2025-07-03T21:00:00,swvl1,351848,2.745551e-02,4.674394e-02,-2.751378e-03
climatology,val,411,2025-07-03T15:00:00,2025-07-03T21:00:00,stl1,351848,2.164690e+00,3.077947e+00,-5.025166e-01
climatology,val,411,2025-07-03T15:00:00,2025-07-03T21:00:00,sd,351848,2.034080e-03,1.140406e-02,1.883262e-03
climatology,val,412,2025-07-03T16:00:00,2025-07-03T22:00:00,swvl1,351848,2.729626e-02,4.632648e-02,-2.570770e-03
climatology,val,412,2025-07-03T16:00:00,2025-07-03T22:00:00,stl1,351848,2.196979e+00,3.118699e+00,-4.804269e-01
climatology,val,412,2025-07-03T16:00:00,2025-07-03T22:00:00,sd,351848,2.029031e-03,1.138702e-02,1.878249e-03
climatology,val,413,2025-07-03T17:00:00,2025-07-03T23:00:00,swvl1,351848,2.730926e-02,4.637732e-02,-2.564407e-03
climatology,val,413,2025-07-03T17:00:00,2025-07-03T23:00:00,stl1,351848,2.184310e+00,3.101400e+00,-4.769790e-01
climatology,val,413,2025-07-03T17:00:00,2025-07-03T23:00:00,sd,351848,2.023359e-03,1.136518e-02,1.872357e-03
climatology,val,414,2025-07-03T18:00:00,2025-07-04T00:00:00,swvl1,351848,2.764187e-02,4.703607e-02,-2.532948e-03
climatology,val,414,2025-07-03T18:00:00,2025-07-04T00:00:00,stl1,351848,2.194417e+00,3.123007e+00,-5.001474e-01
climatology,val,414,2025-07-03T18:00:00,2025-07-04T00:00:00,sd,351848,2.073602e-03,1.168565e-02,1.920241e-03
climatology,val,415,2025-07-03T19:00:00,2025-07-04T01:00:00,swvl1,351848,2.765737e-02,4.704508e-02,-2.515476e-03
climatology,val,415,2025-07-03T19:00:00,2025-07-04T01:00:00,stl1,351848,2.159246e+00,3.090572e+00,-4.954817e-01
climatology,val,415,2025-07-03T19:00:00,2025-07-04T01:00:00,sd,351848,2.067318e-03,1.166456e-02,1.914249e-03
climatology,val,416,2025-07-03T20:00:00,2025-07-04T02:00:00,swvl1,351848,2.768664e-02,4.706068e-02,-2.504384e-03
climatology,val,416,2025-07-03T20:00:00,2025-07-04T02:00:00,stl1,351848,2.142606e+00,3.085705e+00,-4.880024e-01
climatology,val,416,2025-07-03T20:00:00,2025-07-04T02:00:00,sd,351848,2.061481e-03,1.164478e-02,1.908960e-03
climatology,val,417,2025-07-03T21:00:00,2025-07-04T03:00:00,swvl1,351848,2.772683e-02,4.710520e-02,-2.481720e-03
climatology,val,417,2025-07-03T21:00:00,2025-07-04T03:00:00,stl1,351848,2.145879e+00,3.098124e+00,-4.432693e-01
climatology,val,417,2025-07-03T21:00:00,2025-07-04T03:00:00,sd,351848,2.054795e-03,1.162063e-02,1.903121e-03
climatology,val,418,2025-07-03T22:00:00,2025-07-04T04:00:00,swvl1,351848,2.778129e-02,4.719362e-02,-2.469649e-03
climatology,val,418,2025-07-03T22:00:00,2025-07-04T04:00:00,stl1,351848,2.153536e+00,3.121948e+00,-4.388117e-01
climatology,val,418,2025-07-03T22:00:00,2025-07-04T04:00:00,sd,351848,2.047627e-03,1.159455e-02,1.897160e-03
climatology,val,419,2025-07-03T23:00:00,2025-07-04T05:00:00,swvl1,351848,2.784429e-02,4.729893e-02,-2.446741e-03
climatology,val,419,2025-07-03T23:00:00,2025-07-04T05:00:00,stl1,351848,2.153908e+00,3.146021e+00,-4.194225e-01
climatology,val,419,2025-07-03T23:00:00,2025-07-04T05:00:00,sd,351848,2.039794e-03,1.156556e-02,1.890795e-03
climatology,val,420,2025-07-04T00:00:00,2025-07-04T06:00:00,swvl1,351848,2.790358e-02,4.739183e-02,-2.424823e-03
climatology,val,420,2025-07-04T00:00:00,2025-07-04T06:00:00,stl1,351848,2.180845e+00,3.192708e+00,-4.042984e-01
climatology,val,420,2025-07-04T00:00:00,2025-07-04T06:00:00,sd,351848,2.030941e-03,1.153191e-02,1.883669e-03
climatology,val,421,2025-07-04T01:00:00,2025-07-04T07:00:00,swvl1,351848,2.795255e-02,4.749360e-02,-2.402484e-03
climatology,val,421,2025-07-04T01:00:00,2025-07-04T07:00:00,stl1,351848,2.219913e+00,3.252866e+00,-4.129165e-01
climatology,val,421,2025-07-04T01:00:00,2025-07-04T07:00:00,sd,351848,2.021767e-03,1.149551e-02,1.876150e-03
climatology,val,422,2025-07-04T02:00:00,2025-07-04T08:00:00,swvl1,351848,2.797811e-02,4.756857e-02,-2.374419e-03
climatology,val,422,2025-07-04T02:00:00,2025-07-04T08:00:00,stl1,351848,2.255188e+00,3.286487e+00,-3.611405e-01
climatology,val,422,2025-07-04T02:00:00,2025-07-04T08:00:00,sd,351848,2.012969e-03,1.145892e-02,1.868806e-03
climatology,val,423,2025-07-04T03:00:00,2025-07-04T09:00:00,swvl1,351848,2.799664e-02,4.766155e-02,-2.357889e-03
climatology,val,423,2025-07-04T03:00:00,2025-07-04T09:00:00,stl1,351848,2.295715e+00,3.333508e+00,-3.595057e-01
climatology,val,423,2025-07-04T03:00:00,2025-07-04T09:00:00,sd,351848,2.004870e-03,1.142351e-02,1.861863e-03
climatology,val,424,2025-07-04T04:00:00,2025-07-04T10:00:00,swvl1,351848,2.788547e-02,4.748800e-02,-2.299588e-03
climatology,val,424,2025-07-04T04:00:00,2025-07-04T10:00:00,stl1,351848,2.331249e+00,3.355248e+00,-3.352795e-01
climatology,val,424,2025-07-04T04:00:00,2025-07-04T10:00:00,sd,351848,1.998217e-03,1.139787e-02,1.854338e-03
climatology,val,425,2025-07-04T05:00:00,2025-07-04T11:00:00,swvl1,351848,2.789409e-02,4.753158e-02,-2.289067e-03
climatology,val,425,2025-07-04T05:00:00,2025-07-04T11:00:00,stl1,351848,2.346945e+00,3.354110e+00,-3.417262e-01
climatology,val,425,2025-07-04T05:00:00,2025-07-04T11:00:00,sd,351848,1.992907e-03,1.137071e-02,1.849214e-03
climatology,val,426,2025-07-04T06:00:00,2025-07-04T12:00:00,swvl1,351848,2.808215e-02,4.784663e-02,-2.170115e-03
climatology,val,426,2025-07-04T06:00:00,2025-07-04T12:00:00,stl1,351848,2.383999e+00,3.379536e+00,-3.683727e-01
climatology,val,426,2025-07-04T06:00:00,2025-07-04T12:00:00,sd,351848,2.108898e-03,1.181405e-02,1.964040e-03
climatology,val,427,2025-07-04T07:00:00,2025-07-04T13:00:00,swvl1,351848,2.811019e-02,4.790147e-02,-2.172434e-03
climatology,val,427,2025-07-04T07:00:00,2025-07-04T13:00:00,stl1,351848,2.373474e+00,3.348148e+00,-3.794893e-01
climatology,val,427,2025-07-04T07:00:00,2025-07-04T13:00:00,sd,351848,2.105248e-03,1.179407e-02,1.960658e-03
climatology,val,428,2025-07-04T08:00:00,2025-07-04T14:00:00,swvl1,351848,2.814759e-02,4.797318e-02,-2.174965e-03
climatology,val,428,2025-07-04T08:00:00,2025-07-04T14:00:00,stl1,351848,2.347059e+00,3.288160e+00,-4.335974e-01
climatology,val,428,2025-07-04T08:00:00,2025-07-04T14:00:00,sd,351848,2.101379e-03,1.177349e-02,1.957209e-03
climatology,val,429,2025-07-04T09:00:00,2025-07-04T15:00:00,swvl1,351848,2.817357e-02,4.799601e-02,-2.147957e-03
climatology,val,429,2025-07-04T09:00:00,2025-07-04T15:00:00,stl1,351848,2.292920e+00,3.221208e+00,-4.261441e-01
climatology,val,429,2025-07-04T09:00:00,2025-07-04T15:00:00,sd,351848,2.096935e-03,1.175072e-02,1.953420e-03
climatology,val,430,2025-07-04T10:00:00,2025-07-04T16:00:00,swvl1,351848,2.818431e-02,4.800939e-02,-2.116338e-03
climatology,val,430,2025-07-04T10:00:00,2025-07-04T16:00:00,stl1,351848,2.273886e+00,3.199017e+00,-4.157596e-01
climatology,val,430,2025-07-04T10:00:00,2025-07-04T16:00:00,sd,351848,2.091656e-03,1.172562e-02,1.949016e-03
climatology,val,431,2025-07-04T11:00:00,2025-07-04T17:00:00,swvl1,351848,2.817023e-02,4.796178e-02,-2.072566e-03
climatology,val,431,2025-07-04T11:00:00,2025-07-04T17:00:00,stl1,351848,2.245479e+00,3.159180e+00,-4.622351e-01
climatology,val,431,2025-07-04T11:00:00,2025-07-04T17:00:00,sd,351848,2.085506e-03,1.169769e-02,1.943976e-03
climatology,val,432,2025-07-04T12:00:00,2025-07-04T18:00:00,swvl1,351848,2.814901e-02,4.790368e-02,-2.025927e-03
climatology,val,432,2025-07-04T12:00:00,2025-07-04T18:00:00,stl1,351848,2.234599e+00,3.141821e+00,-4.659582e-01
climatology,val,432,2025-07-04T12:00:00,2025-07-04T18:00:00,sd,351848,2.079045e-03,1.166828e-02,1.938737e-03
climatology,val,433,2025-07-04T13:00:00,2025-07-04T19:00:00,swvl1,351848,2.812165e-02,4.782590e-02,-1.988279e-03
climatology,val,433,2025-07-04T13:00:00,2025-07-04T19:00:00,stl1,351848,2.213279e+00,3.118343e+00,-4.713452e-01
climatology,val,433,2025-07-04T13:00:00,2025-07-04T19:00:00,sd,351848,2.072204e-03,1.163802e-02,1.932935e-03
climatology,val,434,2025-07-04T14:00:00,2025-07-04T20:00:00,swvl1,351848,2.808810e-02,4.773433e-02,-1.962880e-03
climatology,val,434,2025-07-04T14:00:00,2025-07-04T20:00:00,stl1,351848,2.184658e+00,3.103876e+00,-4.731263e-01
climatology,val,434,2025-07-04T14:00:00,2025-07-04T20:00:00,sd,351848,2.065063e-03,1.160670e-02,1.926510e-03
climatology,val,435,2025-07-04T15:00:00,2025-07-04T21:00:00,swvl1,351848,2.807338e-02,4.767672e-02,-1.936187e-03
climatology,val,435,2025-07-04T15:00:00,2025-07-04T21:00:00,stl1,351848,2.160441e+00,3.080766e+00,-4.828876e-01
climatology,val,435,2025-07-04T15:00:00,2025-07-04T21:00:00,sd,351848,2.057958e-03,1.157662e-02,1.919866e-03
climatology,val,436,2025-07-04T16:00:00,2025-07-04T22:00:00,swvl1,351848,2.795124e-02,4.736673e-02,-1.744164e-03
climatology,val,436,2025-07-04T16:00:00,2025-07-04T22:00:00,stl1,351848,2.163007e+00,3.084771e+00,-4.150477e-01
climatology,val,436,2025-07-04T16:00:00,2025-07-04T22:00:00,sd,351848,2.052663e-03,1.156091e-02,1.914417e-03
climatology,val,437,2025-07-04T17:00:00,2025-07-04T23:00:00,swvl1,351848,2.794516e-02,4.733525e-02,-1.692769e-03
climatology,val,437,2025-07-04T17:00:00,2025-07-04T23:00:00,stl1,351848,2.158059e+00,3.073643e+00,-4.135334e-01
climatology,val,437,2025-07-04T17:00:00,2025-07-04T23:00:00,sd,351848,2.046854e-03,1.153889e-02,1.908856e-03
climatology,val,438,2025-07-04T18:00:00,2025-07-05T00:00:00,swvl1,351848,2.824444e-02,4.791821e-02,-1.626471e-03
climatology,val,438,2025-07-04T18:00:00,2025-07-05T00:00:00,stl1,351848,2.200348e+00,3.126287e+00,-4.183154e-01
climatology,val,438,2025-07-04T18:00:00,2025-07-05T00:00:00,sd,351848,2.096181e-03,1.186186e-02,1.955605e-03
climatology,val,439,2025-07-04T19:00:00,2025-07-05T01:00:00,swvl1,351848,2.823904e-02,4.786499e-02,-1.577218e-03
climatology,val,439,2025-07-04T19:00:00,2025-07-05T01:00:00,stl1,351848,2.198995e+00,3.127201e+00,-4.150019e-01
climatology,val,439,2025-07-04T19:00:00,2025-07-05T01:00:00,sd,351848,2.090045e-03,1.184160e-02,1.949849e-03
climatology,val,440,2025-07-04T20:00:00,2025-07-05T02:00:00,swvl1,351848,2.823436e-02,4.781966e-02,-1.523284e-03
climatology,val,440,2025-07-04T20:00:00,2025-07-05T02:00:00,stl1,351848,2.186220e+00,3.150448e+00,-3.933328e-01
climatology,val,440,2025-07-04T20:00:00,2025-07-05T02:00:00,sd,351848,2.084290e-03,1.182267e-02,1.944794e-03
climatology,val,441,2025-07-04T21:00:00,2025-07-05T03:00:00,swvl1,351848,2.823739e-02,4.776947e-02,-1.463432e-03
climatology,val,441,2025-07-04T21:00:00,2025-07-05T03:00:00,stl1,351848,2.193285e+00,3.162318e+00,-4.181002e-01
climatology,val,441,2025-07-04T21:00:00,2025-07-05T03:00:00,sd,351848,2.077696e-03,1.179982e-02,1.939147e-03
climatology,val,442,2025-07-04T22:00:00,2025-07-05T04:00:00,swvl1,351848,2.823810e-02,4.772203e-02,-1.395395e-03
climatology,val,442,2025-07-04T22:00:00,2025-07-05T04:00:00,stl1,351848,2.220218e+00,3.188892e+00,-3.730353e-01
climatology,val,442,2025-07-04T22:00:00,2025-07-05T04:00:00,sd,351848,2.070661e-03,1.177482e-02,1.933121e-03
climatology,val,443,2025-07-04T23:00:00,2025-07-05T05:00:00,swvl1,351848,2.822225e-02,4.765942e-02,-1.313541e-03
climatology,val,443,2025-07-04T23:00:00,2025-07-05T05:00:00,stl1,351848,2.245607e+00,3.232677e+00,-3.051667e-01
climatology,val,443,2025-07-04T23:00:00,2025-07-05T05:00:00,sd,351848,2.063062e-03,1.174735e-02,1.926540e-03
climatology,val,444,2025-07-05T00:00:00,2025-07-05T06:00:00,swvl1,351848,2.819747e-02,4.757371e-02,-1.233315e-03
climatology,val,444,2025-07-05T00:00:00,2025-07-05T06:00:00,stl1,351848,2.276308e+00,3.272682e+00,-2.815032e-01
climatology,val,444,2025-07-05T00:00:00,2025-07-05T06:00:00,sd,351848,2.054448e-03,1.171500e-02,1.919073e-03
climatology,val,445,2025-07-05T01:00:00,2025-07-05T07:00:00,swvl1,351848,2.815848e-02,4.748300e-02,-1.156548e-03
climatology,val,445,2025-07-05T01:00:00,2025-07-05T07:00:00,stl1,351848,2.316305e+00,3.325346e+00,-2.939338e-01
climatology,val,445,2025-07-05T01:00:00,2025-07-05T07:00:00,sd,351848,2.045455e-03,1.167943e-02,1.911265e-03
climatology,val,446,2025-07-05T02:00:00,2025-07-05T08:00:00,swvl1,351848,2.812682e-02,4.741761e-02,-1.118331e-03
climatology,val,446,2025-07-05T02:00:00,2025-07-05T08:00:00,stl1,351848,2.308361e+00,3.305839e+00,-2.687295e-01
climatology,val,446,2025-07-05T02:00:00,2025-07-05T08:00:00,sd,351848,2.036836e-03,1.164387e-02,1.903633e-03
climatology,val,447,2025-07-05T03:00:00,2025-07-05T09:00:00,swvl1,351848,2.809889e-02,4.738393e-02,-1.097599e-03
climatology,val,447,2025-07-05T03:00:00,2025-07-05T09:00:00,stl1,351848,2.338403e+00,3.327725e+00,-2.504073e-01
climatology,val,447,2025-07-05T03:00:00,2025-07-05T09:00:00,sd,351848,2.028928e-03,1.160938e-02,1.896553e-03
climatology,val,448,2025-07-05T04:00:00,2025-07-05T10:00:00,swvl1,351848,2.803056e-02,4.728948e-02,-9.946721e-04
climatology,val,448,2025-07-05T04:00:00,2025-07-05T10:00:00,stl1,351848,2.388472e+00,3.385576e+00,-2.292723e-01
climatology,val,448,2025-07-05T04:00:00,2025-07-05T10:00:00,sd,351848,2.022915e-03,1.158740e-02,1.889386e-03
climatology,val,449,2025-07-05T05:00:00,2025-07-05T11:00:00,swvl1,351848,2.800046e-02,4.724193e-02,-9.891802e-04
climatology,val,449,2025-07-05T05:00:00,2025-07-05T11:00:00,stl1,351848,2.395472e+00,3.375909e+00,-2.282240e-01
climatology,val,449,2025-07-05T05:00:00,2025-07-05T11:00:00,sd,351848,2.017663e-03,1.156067e-02,1.884248e-03
climatology,val,450,2025-07-05T06:00:00,2025-07-05T12:00:00,swvl1,351848,2.815680e-02,4.747295e-02,-8.746389e-04
climatology,val,450,2025-07-05T06:00:00,2025-07-05T12:00:00,stl1,351848,2.436525e+00,3.406261e+00,-2.756541e-01
climatology,val,450,2025-07-05T06:00:00,2025-07-05T12:00:00,sd,351848,2.133753e-03,1.200028e-02,1.998880e-03
climatology,val,451,2025-07-05T07:00:00,2025-07-05T13:00:00,swvl1,351848,2.812930e-02,4.741436e-02,-8.607927e-04
climatology,val,451,2025-07-05T07:00:00,2025-07-05T13:00:00,stl1,351848,2.418101e+00,3.365553e+00,-3.105447e-01
climatology,val,451,2025-07-05T07:00:00,2025-07-05T13:00:00,sd,351848,2.129819e-03,1.197880e-02,1.995188e-03
climatology,val,452,2025-07-05T08:00:00,2025-07-05T14:00:00,swvl1,351848,2.810642e-02,4.735584e-02,-8.369824e-04
climatology,val,452,2025-07-05T08:00:00,2025-07-05T14:00:00,stl1,351848,2.388064e+00,3.312996e+00,-3.822623e-01
climatology,val,452,2025-07-05T08:00:00,2025-07-05T14:00:00,sd,351848,2.125657e-03,1.195639e-02,1.991365e-03
climatology,val,453,2025-07-05T09:00:00,2025-07-05T15:00:00,swvl1,351848,2.808612e-02,4.730369e-02,-8.044679e-04
climatology,val,453,2025-07-05T09:00:00,2025-07-05T15:00:00,stl1,351848,2.353752e+00,3.277282e+00,-3.969451e-01
climatology,val,453,2025-07-05T09:00:00,2025-07-05T15:00:00,sd,351848,2.120909e-03,1.193147e-02,1.987241e-03
climatology,val,454,2025-07-05T10:00:00,2025-07-05T16:00:00,swvl1,351848,2.805828e-02,4.723906e-02,-7.599189e-04
climatology,val,454,2025-07-05T10:00:00,2025-07-05T16:00:00,stl1,351848,2.319345e+00,3.240049e+00,-4.386599e-01
climatology,val,454,2025-07-05T10:00:00,2025-07-05T16:00:00,sd,351848,2.115293e-03,1.190388e-02,1.982413e-03
climatology,val,455,2025-07-05T11:00:00,2025-07-05T17:00:00,swvl1,351848,2.803271e-02,4.717743e-02,-7.150215e-04
climatology,val,455,2025-07-05T11:00:00,2025-07-05T17:00:00,stl1,351848,2.292101e+00,3.194147e+00,-4.633050e-01
climatology,val,455,2025-07-05T11:00:00,2025-07-05T17:00:00,sd,351848,2.108686e-03,1.187299e-02,1.976810e-03
climatology,val,456,2025-07-05T12:00:00,2025-07-05T18:00:00,swvl1,351848,2.800400e-02,4.710465e-02,-6.422775e-04
climatology,val,456,2025-07-05T12:00:00,2025-07-05T18:00:00,stl1,351848,2.260310e+00,3.166793e+00,-4.814085e-01
climatology,val,456,2025-07-05T12:00:00,2025-07-05T18:00:00,sd,351848,2.101877e-03,1.184067e-02,1.971125e-03
climatology,val,457,2025-07-05T13:00:00,2025-07-05T19:00:00,swvl1,351848,2.797367e-02,4.705405e-02,-5.590624e-04
climatology,val,457,2025-07-05T13:00:00,2025-07-05T19:00:00,stl1,351848,2.235530e+00,3.146079e+00,-4.884973e-01
climatology,val,457,2025-07-05T13:00:00,2025-07-05T19:00:00,sd,351848,2.094683e-03,1.180794e-02,1.964933e-03
climatology,val,458,2025-07-05T14:00:00,2025-07-05T20:00:00,swvl1,351848,2.794573e-02,4.699631e-02,-4.838088e-04
climatology,val,458,2025-07-05T14:00:00,2025-07-05T20:00:00,stl1,351848,2.199922e+00,3.103152e+00,-4.689635e-01
climatology,val,458,2025-07-05T14:00:00,2025-07-05T20:00:00,sd,351848,2.087243e-03,1.177483e-02,1.958307e-03
climatology,val,459,2025-07-05T15:00:00,2025-07-05T21:00:00,swvl1,351848,2.792653e-02,4.695870e-02,-4.264040e-04
climatology,val,459,2025-07-05T15:00:00,2025-07-05T21:00:00,stl1,351848,2.185078e+00,3.100319e+00,-4.934068e-01
climatology,val,459,2025-07-05T15:00:00,2025-07-05T21:00:00,sd,351848,2.079978e-03,1.174393e-02,1.951652e-03
climatology,val,460,2025-07-05T16:00:00,2025-07-05T22:00:00,swvl1,351848,2.772489e-02,4.658207e-02,-2.905900e-04
climatology,val,460,2025-07-05T16:00:00,2025-07-05T22:00:00,stl1,351848,2.175776e+00,3.102724e+00,-4.678685e-01
climatology,val,460,2025-07-05T16:00:00,2025-07-05T22:00:00,sd,351848,2.074094e-03,1.172449e-02,1.945461e-03
climatology,val,461,2025-07-05T17:00:00,2025-07-05T23:00:00,swvl1,351848,2.769508e-02,4.652716e-02,-2.611361e-04
climatology,val,461,2025-07-05T17:00:00,2025-07-05T23:00:00,stl1,351848,2.183520e+00,3.111696e+00,-4.526369e-01
climatology,val,461,2025-07-05T17:00:00,2025-07-05T23:00:00,sd,351848,2.068505e-03,1.170326e-02,1.940137e-03
climatology,val,462,2025-07-05T18:00:00,2025-07-06T00:00:00,swvl1,351848,2.797111e-02,4.710068e-02,-2.353281e-04
climatology,val,462,2025-07-05T18:00:00,2025-07-06T00:00:00,stl1,351848,2.218177e+00,3.158859e+00,-4.840157e-01
climatology,val,462,2025-07-05T18:00:00,2025-07-06T00:00:00,sd,351848,2.118325e-03,1.202204e-02,1.987564e-03
climatology,val,463,2025-07-05T19:00:00,2025-07-06T01:00:00,swvl1,351848,2.796513e-02,4.711769e-02,-2.175910e-04
climatology,val,463,2025-07-05T19:00:00,2025-07-06T01:00:00,stl1,351848,2.222191e+00,3.157247e+00,-4.860831e-01
climatology,val,463,2025-07-05T19:00:00,2025-07-06T01:00:00,sd,351848,2.112406e-03,1.200268e-02,1.982017e-03
climatology,val,464,2025-07-05T20:00:00,2025-07-06T02:00:00,swvl1,351848,2.795619e-02,4.712751e-02,-1.771663e-04
climatology,val,464,2025-07-05T20:00:00,2025-07-06T02:00:00,stl1,351848,2.238783e+00,3.191545e+00,-4.626522e-01
climatology,val,464,2025-07-05T20:00:00,2025-07-06T02:00:00,sd,351848,2.106925e-03,1.198424e-02,1.977026e-03
climatology,val,465,2025-07-05T21:00:00,2025-07-06T03:00:00,swvl1,351848,2.794843e-02,4.713199e-02,-1.299957e-04
climatology,val,465,2025-07-05T21:00:00,2025-07-06T03:00:00,stl1,351848,2.218170e+00,3.163749e+00,-4.723917e-01
climatology,val,465,2025-07-05T21:00:00,2025-07-06T03:00:00,sd,351848,2.100562e-03,1.196143e-02,1.971267e-03
climatology,val,466,2025-07-05T22:00:00,2025-07-06T04:00:00,swvl1,351848,2.792922e-02,4.711394e-02,-7.120945e-05
climatology,val,466,2025-07-05T22:00:00,2025-07-06T04:00:00,stl1,351848,2.219971e+00,3.165350e+00,-4.647208e-01
climatology,val,466,2025-07-05T22:00:00,2025-07-06T04:00:00,sd,351848,2.093727e-03,1.193616e-02,1.965104e-03
climatology,val,467,2025-07-05T23:00:00,2025-07-06T05:00:00,swvl1,351848,2.789289e-02,4.707573e-02,2.610727e-07
climatology,val,467,2025-07-05T23:00:00,2025-07-06T05:00:00,stl1,351848,2.229972e+00,3.190617e+00,-4.172836e-01
climatology,val,467,2025-07-05T23:00:00,2025-07-06T05:00:00,sd,351848,2.086180e-03,1.190768e-02,1.958298e-03
climatology,val,468,2025-07-06T00:00:00,2025-07-06T06:00:00,swvl1,351848,2.784905e-02,4.701631e-02,7.923149e-05
climatology,val,468,2025-07-06T00:00:00,2025-07-06T06:00:00,stl1,351848,2.260139e+00,3.224866e+00,-3.686553e-01
climatology,val,468,2025-07-06T00:00:00,2025-07-06T06:00:00,sd,351848,2.077580e-03,1.187418e-02,1.950423e-03
climatology,val,469,2025-07-06T01:00:00,2025-07-06T07:00:00,swvl1,351848,2.779785e-02,4.696488e-02,1.502714e-04
climatology,val,469,2025-07-06T01:00:00,2025-07-06T07:00:00,stl1,351848,2.300103e+00,3.273755e+00,-3.615412e-01
climatology,val,469,2025-07-06T01:00:00,2025-07-06T07:00:00,sd,351848,2.068538e-03,1.183724e-02,1.942051e-03
climatology,val,470,2025-07-06T02:00:00,2025-07-06T08:00:00,swvl1,351848,2.772354e-02,4.688237e-02,2.263504e-04
climatology,val,470,2025-07-06T02:00:00,2025-07-06T08:00:00,stl1,351848,2.323247e+00,3.283755e+00,-3.585876e-01
climatology,val,470,2025-07-06T02:00:00,2025-07-06T08:00:00,sd,351848,2.059776e-03,1.179988e-02,1.933829e-03
climatology,val,471,2025-07-06T03:00:00,2025-07-06T09:00:00,swvl1,351848,2.764688e-02,4.679643e-02,2.826415e-04
climatology,val,471,2025-07-06T03:00:00,2025-07-06T09:00:00,stl1,351848,2.348103e+00,3.303298e+00,-3.222798e-01
climatology,val,471,2025-07-06T03:00:00,2025-07-06T09:00:00,sd,351848,2.051733e-03,1.176357e-02,1.926271e-03
climatology,val,472,2025-07-06T04:00:00,2025-07-06T10:00:00,swvl1,351848,2.764599e-02,4.680457e-02,3.425670e-04
climatology,val,472,2025-07-06T04:00:00,2025-07-06T10:00:00,stl1,351848,2.375438e+00,3.313788e+00,-2.950921e-01
climatology,val,472,2025-07-06T04:00:00,2025-07-06T10:00:00,sd,351848,2.048338e-03,1.174496e-02,1.924716e-03
climatology,val,473,2025-07-06T05:00:00,2025-07-06T11:00:00,swvl1,351848,2.758574e-02,4.672495e-02,3.646890e-04
climatology,val,473,2025-07-06T05:00:00,2025-07-06T11:00:00,stl1,351848,2.401384e+00,3.317070e+00,-2.710698e-01
climatology,val,473,2025-07-06T05:00:00,2025-07-06T11:00:00,sd,351848,2.042761e-03,1.171591e-02,1.919262e-03
climatology,val,474,2025-07-06T06:00:00,2025-07-06T12:00:00,swvl1,351848,2.772483e-02,4.692922e-02,5.032820e-04
climatology,val,474,2025-07-06T06:00:00,2025-07-06T12:00:00,stl1,351848,2.431813e+00,3.360042e+00,-3.194693e-01
climatology,val,474,2025-07-06T06:00:00,2025-07-06T12:00:00,sd,351848,2.158829e-03,1.215063e-02,2.033670e-03
climatology,val,475,2025-07-06T07:00:00,2025-07-06T13:00:00,swvl1,351848,2.769842e-02,4.688731e-02,4.940696e-04
climatology,val,475,2025-07-06T07:00:00,2025-07-06T13:00:00,stl1,351848,2.411948e+00,3.334560e+00,-3.334791e-01
climatology,val,475,2025-07-06T07:00:00,2025-07-06T13:00:00,sd,351848,2.154769e-03,1.212696e-02,2.029875e-03
climatology,val,476,2025-07-06T08:00:00,2025-07-06T14:00:00,swvl1,351848,2.768513e-02,4.686243e-02,4.925535e-04
climatology,val,476,2025-07-06T08:00:00,2025-07-06T14:00:00,stl1,351848,2.391037e+00,3.295416e+00,-3.771607e-01
climatology,val,476,2025-07-06T08:00:00,2025-07-06T14:00:00,sd,351848,2.150521e-03,1.210266e-02,2.026027e-03
climatology,val,477,2025-07-06T09:00:00,2025-07-06T15:00:00,swvl1,351848,2.769180e-02,4.685487e-02,5.016478e-04
climatology,val,477,2025-07-06T09:00:00,2025-07-06T15:00:00,stl1,351848,2.366761e+00,3.273141e+00,-3.906541e-01
climatology,val,477,2025-07-06T09:00:00,2025-07-06T15:00:00,sd,351848,2.145807e-03,1.207660e-02,2.021899e-03
climatology,val,478,2025-07-06T10:00:00,2025-07-06T16:00:00,swvl1,351848,2.769784e-02,4.683723e-02,5.266520e-04
climatology,val,478,2025-07-06T10:00:00,2025-07-06T16:00:00,stl1,351848,2.360186e+00,3.256826e+00,-3.855987e-01
climatology,val,478,2025-07-06T10:00:00,2025-07-06T16:00:00,sd,351848,2.140321e-03,1.204844e-02,2.017175e-03
climatology,val,479,2025-07-06T11:00:00,2025-07-06T17:00:00,swvl1,351848,2.771940e-02,4.684331e-02,5.362029e-04
climatology,val,479,2025-07-06T11:00:00,2025-07-06T17:00:00,stl1,351848,2.333827e+00,3.230335e+00,-4.122776e-01
climatology,val,479,2025-07-06T11:00:00,2025-07-06T17:00:00,sd,351848,2.133893e-03,1.201704e-02,2.011651e-03
climatology,val,480,2025-07-06T12:00:00,2025-07-06T18:00:00,swvl1,351848,2.773689e-02,4.686920e-02,5.654221e-04
climatology,val,480,2025-07-06T12:00:00,2025-07-06T18:00:00,stl1,351848,2.291534e+00,3.184277e+00,-4.426976e-01
climatology,val,480,2025-07-06T12:00:00,2025-07-06T18:00:00,sd,351848,2.127188e-03,1.198409e-02,2.005896e-03
climatology,val,481,2025-07-06T13:00:00,2025-07-06T19:00:00,swvl1,351848,2.774787e-02,4.687789e-02,5.900078e-04
climatology,val,481,2025-07-06T13:00:00,2025-07-06T19:00:00,stl1,351848,2.270968e+00,3.165067e+00,-4.480857e-01
climatology,val,481,2025-07-06T13:00:00,2025-07-06T19:00:00,sd,351848,2.119947e-03,1.195023e-02,1.999470e-03
climatology,val,482,2025-07-06T14:00:00,2025-07-06T20:00:00,swvl1,351848,2.775618e-02,4.687909e-02,6.106253e-04
climatology,val,482,2025-07-06T14:00:00,2025-07-06T20:00:00,stl1,351848,2.238854e+00,3.146934e+00,-4.502615e-01
climatology,val,482,2025-07-06T14:00:00,2025-07-06T20:00:00,sd,351848,2.112303e-03,1.191561e-02,1.992455e-03
climatology,val,483,2025-07-06T15:00:00,2025-07-06T21:00:00,swvl1,351848,2.777706e-02,4.691369e-02,6.079027e-04
climatology,val,483,2025-07-06T15:00:00,2025-07-06T21:00:00,stl1,351848,2.238994e+00,3.153812e+00,-4.674934e-01
climatology,val,483,2025-07-06T15:00:00,2025-07-06T21:00:00,sd,351848,2.104685e-03,1.188278e-02,1.985387e-03
climatology,val,484,2025-07-06T16:00:00,2025-07-06T22:00:00,swvl1,351848,2.766436e-02,4.656888e-02,6.954620e-04
climatology,val,484,2025-07-06T16:00:00,2025-07-06T22:00:00,stl1,351848,2.275864e+00,3.231590e+00,-4.655731e-01
climatology,val,484,2025-07-06T16:00:00,2025-07-06T22:00:00,sd,351848,2.099133e-03,1.186369e-02,1.980304e-03
climatology,val,485,2025-07-06T17:00:00,2025-07-06T23:00:00,swvl1,351848,2.764352e-02,4.653875e-02,7.039975e-04
climatology,val,485,2025-07-06T17:00:00,2025-07-06T23:00:00,stl1,351848,2.260854e+00,3.221315e+00,-4.715814e-01
climatology,val,485,2025-07-06T17:00:00,2025-07-06T23:00:00,sd,351848,2.092721e-03,1.183851e-02,1.974313e-03
climatology,val,486,2025-07-06T18:00:00,2025-07-07T00:00:00,swvl1,351848,2.790511e-02,4.707975e-02,7.329511e-04
climatology,val,486,2025-07-06T18:00:00,2025-07-07T00:00:00,stl1,351848,2.281740e+00,3.260827e+00,-4.957946e-01
climatology,val,486,2025-07-06T18:00:00,2025-07-07T00:00:00,sd,351848,2.142908e-03,1.216628e-02,2.022160e-03
climatology,val,487,2025-07-06T19:00:00,2025-07-07T01:00:00,swvl1,351848,2.790697e-02,4.709247e-02,7.407009e-04
climatology,val,487,2025-07-06T19:00:00,2025-07-07T01:00:00,stl1,351848,2.273543e+00,3.244230e+00,-5.009186e-01
climatology,val,487,2025-07-06T19:00:00,2025-07-07T01:00:00,sd,351848,2.136081e-03,1.214260e-02,2.015719e-03
climatology,val,488,2025-07-06T20:00:00,2025-07-07T02:00:00,swvl1,351848,2.792116e-02,4.713575e-02,7.631239e-04
climatology,val,488,2025-07-06T20:00:00,2025-07-07T02:00:00,stl1,351848,2.274069e+00,3.246521e+00,-4.865683e-01
climatology,val,488,2025-07-06T20:00:00,2025-07-07T02:00:00,sd,351848,2.129666e-03,1.211981e-02,2.009751e-03
climatology,val,489,2025-07-06T21:00:00,2025-07-07T03:00:00,swvl1,351848,2.793778e-02,4.720286e-02,8.058654e-04
climatology,val,489,2025-07-06T21:00:00,2025-07-07T03:00:00,stl1,351848,2.269861e+00,3.237339e+00,-4.948574e-01
climatology,val,489,2025-07-06T21:00:00,2025-07-07T03:00:00,sd,351848,2.122471e-03,1.209294e-02,2.003078e-03
climatology,val,490,2025-07-06T22:00:00,2025-07-07T04:00:00,swvl1,351848,2.795467e-02,4.729494e-02,8.601367e-04
climatology,val,490,2025-07-06T22:00:00,2025-07-07T04:00:00,stl1,351848,2.272365e+00,3.242445e+00,-4.900834e-01
climatology,val,490,2025-07-06T22:00:00,2025-07-07T04:00:00,sd,351848,2.114793e-03,1.206362e-02,1.995915e-03
climatology,val,491,2025-07-06T23:00:00,2025-07-07T05:00:00,swvl1,351848,2.796833e-02,4.736604e-02,9.230052e-04
climatology,val,491,2025-07-06T23:00:00,2025-07-07T05:00:00,stl1,351848,2.317591e+00,3.285607e+00,-4.167518e-01
climatology,val,491,2025-07-06T23:00:00,2025-07-07T05:00:00,sd,351848,2.106383e-03,1.203143e-02,1.988037e-03
climatology,val,492,2025-07-07T00:00:00,2025-07-07T06:00:00,swvl1,351848,2.795808e-02,4.738119e-02,1.001289e-03
climatology,val,492,2025-07-07T00:00:00,2025-07-07T06:00:00,stl1,351848,2.318462e+00,3.280392e+00,-3.711829e-01
climatology,val,492,2025-07-07T00:00:00,2025-07-07T06:00:00,sd,351848,2.096874e-03,1.199417e-02,1.979087e-03
climatology,val,493,2025-07-07T01:00:00,2025-07-07T07:00:00,swvl1,351848,2.795197e-02,4.739348e-02,1.044758e-03
climatology,val,493,2025-07-07T01:00:00,2025-07-07T07:00:00,stl1,351848,2.327583e+00,3.298400e+00,-3.457753e-01
climatology,val,493,2025-07-07T01:00:00,2025-07-07T07:00:00,sd,351848,2.086933e-03,1.195339e-02,1.969705e-03
climatology,val,494,2025-07-07T02:00:00,2025-07-07T08:00:00,swvl1,351848,2.791997e-02,4.736826e-02,1.077906e-03
climatology,val,494,2025-07-07T02:00:00,2025-07-07T08:00:00,stl1,351848,2.352912e+00,3.319908e+00,-3.184070e-01
climatology,val,494,2025-07-07T02:00:00,2025-07-07T08:00:00,sd,351848,2.077447e-03,1.191279e-02,1.960745e-03
climatology,val,495,2025-07-07T03:00:00,2025-07-07T09:00:00,swvl1,351848,2.789450e-02,4.734415e-02,1.102959e-03
climatology,val,495,2025-07-07T03:00:00,2025-07-07T09:00:00,stl1,351848,2.383635e+00,3.349007e+00,-2.905391e-01
climatology,val,495,2025-07-07T03:00:00,2025-07-07T09:00:00,sd,351848,2.068734e-03,1.187316e-02,1.952451e-03
climatology,val,496,2025-07-07T04:00:00,2025-07-07T10:00:00,swvl1,351848,2.790476e-02,4.737142e-02,1.058559e-03
climatology,val,496,2025-07-07T04:00:00,2025-07-07T10:00:00,stl1,351848,2.401660e+00,3.364421e+00,-2.445213e-01
climatology,val,496,2025-07-07T04:00:00,2025-07-07T10:00:00,sd,351848,2.063486e-03,1.184898e-02,1.946898e-03
climatology,val,497,2025-07-07T05:00:00,2025-07-07T11:00:00,swvl1,351848,2.789187e-02,4.737929e-02,1.065613e-03
climatology,val,497,2025-07-07T05:00:00,2025-07-07T11:00:00,stl1,351848,2.413453e+00,3.372438e+00,-2.494930e-01
climatology,val,497,2025-07-07T05:00:00,2025-07-07T11:00:00,sd,351848,2.057257e-03,1.181689e-02,1.940980e-03
climatology,val,498,2025-07-07T06:00:00,2025-07-07T12:00:00,swvl1,351848,2.806415e-02,4.765583e-02,1.180579e-03
climatology,val,498,2025-07-07T06:00:00,2025-07-07T12:00:00,stl1,351848,2.453252e+00,3.432820e+00,-2.993508e-01
climatology,val,498,2025-07-07T06:00:00,2025-07-07T12:00:00,sd,351848,2.172820e-03,1.224711e-02,2.055088e-03
climatology,val,499,2025-07-07T07:00:00,2025-07-07T13:00:00,swvl1,351848,2.803984e-02,4.762899e-02,1.179215e-03
climatology,val,499,2025-07-07T07:00:00,2025-07-07T13:00:00,stl1,351848,2.429076e+00,3.410636e+00,-3.153971e-01
climatology,val,499,2025-07-07T07:00:00,2025-07-07T13:00:00,sd,351848,2.168220e-03,1.222187e-02,2.050971e-03
climatology,val,500,2025-07-07T08:00:00,2025-07-07T14:00:00,swvl1,351848,2.803776e-02,4.762593e-02,1.165476e-03
climatology,val,500,2025-07-07T08:00:00,2025-07-07T14:00:00,stl1,351848,2.420168e+00,3.394216e+00,-3.744793e-01
climatology,val,500,2025-07-07T08:00:00,2025-07-07T14:00:00,sd,351848,2.163587e-03,1.219649e-02,2.046879e-03
climatology,val,501,2025-07-07T09:00:00,2025-07-07T15:00:00,swvl1,351848,2.804663e-02,4.763142e-02,1.163453e-03
climatology,val,501,2025-07-07T09:00:00,2025-07-07T15:00:00,stl1,351848,2.391731e+00,3.380489e+00,-4.259569e-01
climatology,val,501,2025-07-07T09:00:00,2025-07-07T15:00:00,sd,351848,2.158646e-03,1.216960e-02,2.042712e-03
climatology,val,502,2025-07-07T10:00:00,2025-07-07T16:00:00,swvl1,351848,2.803989e-02,4.760825e-02,1.191087e-03
climatology,val,502,2025-07-07T10:00:00,2025-07-07T16:00:00,stl1,351848,2.392355e+00,3.375371e+00,-4.601492e-01
climatology,val,502,2025-07-07T10:00:00,2025-07-07T16:00:00,sd,351848,2.153064e-03,1.214092e-02,2.037988e-03
climatology,val,503,2025-07-07T11:00:00,2025-07-07T17:00:00,swvl1,351848,2.803108e-02,4.756816e-02,1.216313e-03
climatology,val,503,2025-07-07T11:00:00,2025-07-07T17:00:00,stl1,351848,2.377288e+00,3.352274e+00,-5.088113e-01
climatology,val,503,2025-07-07T11:00:00,2025-07-07T17:00:00,sd,351848,2.146709e-03,1.210976e-02,2.032558e-03
climatology,val,504,2025-07-07T12:00:00,2025-07-07T18:00:00,swvl1,351848,2.803163e-02,4.755758e-02,1.226271e-03
climatology,val,504,2025-07-07T12:00:00,2025-07-07T18:00:00,stl1,351848,2.366807e+00,3.331893e+00,-5.341497e-01
climatology,val,504,2025-07-07T12:00:00,2025-07-07T18:00:00,sd,351848,2.140198e-03,1.207770e-02,2.026916e-03
climatology,val,505,2025-07-07T13:00:00,2025-07-07T19:00:00,swvl1,351848,2.804791e-02,4.756492e-02,1.229033e-03
climatology,val,505,2025-07-07T13:00:00,2025-07-07T19:00:00,stl1,351848,2.370041e+00,3.333939e+00,-5.442045e-01
climatology,val,505,2025-07-07T13:00:00,2025-07-07T19:00:00,sd,351848,2.133214e-03,1.204542e-02,2.020621e-03
climatology,val,506,2025-07-07T14:00:00,2025-07-07T20:00:00,swvl1,351848,2.807704e-02,4.761023e-02,1.222937e-03
climatology,val,506,2025-07-07T14:00:00,2025-07-07T20:00:00,stl1,351848,2.354616e+00,3.319606e+00,-5.630303e-01
climatology,val,506,2025-07-07T14:00:00,2025-07-07T20:00:00,sd,351848,2.125912e-03,1.201275e-02,2.013704e-03
climatology,val,507,2025-07-07T15:00:00,2025-07-07T21:00:00,swvl1,351848,2.808169e-02,4.763070e-02,1.210125e-03
climatology,val,507,2025-07-07T15:00:00,2025-07-07T21:00:00,stl1,351848,2.363855e+00,3.339164e+00,-5.828983e-01
climatology,val,507,2025-07-07T15:00:00,2025-07-07T21:00:00,sd,351848,2.118576e-03,1.198195e-02,2.006449e-03
climatology,val,508,2025-07-07T16:00:00,2025-07-07T22:00:00,swvl1,351848,2.805377e-02,4.756595e-02,1.226756e-03
climatology,val,508,2025-07-07T16:00:00,2025-07-07T22:00:00,stl1,351848,2.372896e+00,3.373601e+00,-6.347535e-01
climatology,val,508,2025-07-07T16:00:00,2025-07-07T22:00:00,sd,351848,2.112848e-03,1.196376e-02,2.000586e-03
climatology,val,509,2025-07-07T17:00:00,2025-07-07T23:00:00,swvl1,351848,2.806127e-02,4.759767e-02,1.210680e-03
climatology,val,509,2025-07-07T17:00:00,2025-07-07T23:00:00,stl1,351848,2.347521e+00,3.350283e+00,-6.315280e-01
climatology,val,509,2025-07-07T17:00:00,2025-07-07T23:00:00,sd,351848,2.106910e-03,1.194178e-02,1.994566e-03
climatology,val,510,2025-07-07T18:00:00,2025-07-08T00:00:00,swvl1,351848,2.836385e-02,4.822230e-02,1.204375e-03
climatology,val,510,2025-07-07T18:00:00,2025-07-08T00:00:00,stl1,351848,2.378263e+00,3.405820e+00,-6.273174e-01
climatology,val,510,2025-07-07T18:00:00,2025-07-08T00:00:00,sd,351848,2.157360e-03,1.226602e-02,2.041803e-03
climatology,val,511,2025-07-07T19:00:00,2025-07-08T01:00:00,swvl1,351848,2.839659e-02,4.826702e-02,1.190125e-03
climatology,val,511,2025-07-07T19:00:00,2025-07-08T01:00:00,stl1,351848,2.364571e+00,3.398277e+00,-5.994971e-01
climatology,val,511,2025-07-07T19:00:00,2025-07-08T01:00:00,sd,351848,2.151251e-03,1.224642e-02,2.035261e-03
climatology,val,512,2025-07-07T20:00:00,2025-07-08T02:00:00,swvl1,351848,2.844683e-02,4.833431e-02,1.186027e-03
climatology,val,512,2025-07-07T20:00:00,2025-07-08T02:00:00,stl1,351848,2.361019e+00,3.408805e+00,-5.750618e-01
climatology,val,512,2025-07-07T20:00:00,2025-07-08T02:00:00,sd,351848,2.145609e-03,1.222749e-02,2.029025e-03
climatology,val,513,2025-07-07T21:00:00,2025-07-08T03:00:00,swvl1,351848,2.849759e-02,4.840359e-02,1.191979e-03
climatology,val,513,2025-07-07T21:00:00,2025-07-08T03:00:00,stl1,351848,2.385299e+00,3.434468e+00,-5.585690e-01
climatology,val,513,2025-07-07T21:00:00,2025-07-08T03:00:00,sd,351848,2.138982e-03,1.220392e-02,2.021513e-03
climatology,val,514,2025-07-07T22:00:00,2025-07-08T04:00:00,swvl1,351848,2.854690e-02,4.848369e-02,1.221072e-03
climatology,val,514,2025-07-07T22:00:00,2025-07-08T04:00:00,stl1,351848,2.360349e+00,3.381164e+00,-5.393620e-01
climatology,val,514,2025-07-07T22:00:00,2025-07-08T04:00:00,sd,351848,2.131834e-03,1.217740e-02,2.013655e-03
climatology,val,515,2025-07-07T23:00:00,2025-07-08T05:00:00,swvl1,351848,2.858533e-02,4.856474e-02,1.260436e-03
climatology,val,515,2025-07-07T23:00:00,2025-07-08T05:00:00,stl1,351848,2.390265e+00,3.410039e+00,-5.067365e-01
climatology,val,515,2025-07-07T23:00:00,2025-07-08T05:00:00,sd,351848,2.123793e-03,1.214721e-02,2.005196e-03
climatology,val,516,2025-07-08T00:00:00,2025-07-08T06:00:00,swvl1,351848,2.862347e-02,4.864866e-02,1.279928e-03
climatology,val,516,2025-07-08T00:00:00,2025-07-08T06:00:00,stl1,351848,2.418305e+00,3.429184e+00,-4.450203e-01
climatology,val,516,2025-07-08T00:00:00,2025-07-08T06:00:00,sd,351848,2.114643e-03,1.211173e-02,1.995723e-03
climatology,val,517,2025-07-08T01:00:00,2025-07-08T07:00:00,swvl1,351848,2.865882e-02,4.870109e-02,1.280730e-03
climatology,val,517,2025-07-08T01:00:00,2025-07-08T07:00:00,stl1,351848,2.451116e+00,3.460613e+00,-3.929895e-01
climatology,val,517,2025-07-08T01:00:00,2025-07-08T07:00:00,sd,351848,2.104967e-03,1.207254e-02,1.985861e-03
climatology,val,518,2025-07-08T02:00:00,2025-07-08T08:00:00,swvl1,351848,2.866563e-02,4.871762e-02,1.273485e-03
climatology,val,518,2025-07-08T02:00:00,2025-07-08T08:00:00,stl1,351848,2.477584e+00,3.490366e+00,-3.694735e-01
climatology,val,518,2025-07-08T02:00:00,2025-07-08T08:00:00,sd,351848,2.095646e-03,1.203329e-02,1.976481e-03
climatology,val,519,2025-07-08T03:00:00,2025-07-08T09:00:00,swvl1,351848,2.865514e-02,4.873452e-02,1.262023e-03
climatology,val,519,2025-07-08T03:00:00,2025-07-08T09:00:00,stl1,351848,2.506146e+00,3.523526e+00,-3.576353e-01
climatology,val,519,2025-07-08T03:00:00,2025-07-08T09:00:00,sd,351848,2.086980e-03,1.199484e-02,1.967893e-03
climatology,val,520,2025-07-08T04:00:00,2025-07-08T10:00:00,swvl1,351848,2.864319e-02,4.859659e-02,1.307680e-03
climatology,val,520,2025-07-08T04:00:00,2025-07-08T10:00:00,stl1,351848,2.534841e+00,3.572368e+00,-3.752418e-01
climatology,val,520,2025-07-08T04:00:00,2025-07-08T10:00:00,sd,351848,2.081617e-03,1.197216e-02,1.961456e-03
climatology,val,521,2025-07-08T05:00:00,2025-07-08T11:00:00,swvl1,351848,2.863587e-02,4.864475e-02,1.298957e-03
climatology,val,521,2025-07-08T05:00:00,2025-07-08T11:00:00,stl1,351848,2.546033e+00,3.588854e+00,-3.683857e-01
climatology,val,521,2025-07-08T05:00:00,2025-07-08T11:00:00,sd,351848,2.075560e-03,1.194126e-02,1.955269e-03
climatology,val,522,2025-07-08T06:00:00,2025-07-08T12:00:00,swvl1,351848,2.881324e-02,4.895682e-02,1.418308e-03
climatology,val,522,2025-07-08T06:00:00,2025-07-08T12:00:00,stl1,351848,2.561081e+00,3.618596e+00,-4.380706e-01
climatology,val,522,2025-07-08T06:00:00,2025-07-08T12:00:00,sd,351848,2.191226e-03,1.236911e-02,2.069101e-03
climatology,val,523,2025-07-08T07:00:00,2025-07-08T13:00:00,swvl1,351848,2.883930e-02,4.904132e-02,1.405536e-03
climatology,val,523,2025-07-08T07:00:00,2025-07-08T13:00:00,stl1,351848,2.554558e+00,3.617695e+00,-4.509440e-01
climatology,val,523,2025-07-08T07:00:00,2025-07-08T13:00:00,sd,351848,2.186583e-03,1.234392e-02,2.064543e-03
climatology,val,524,2025-07-08T08:00:00,2025-07-08T14:00:00,swvl1,351848,2.889359e-02,4.915251e-02,1.394560e-03
climatology,val,524,2025-07-08T08:00:00,2025-07-08T14:00:00,stl1,351848,2.550879e+00,3.611369e+00,-5.541873e-01
climatology,val,524,2025-07-08T08:00:00,2025-07-08T14:00:00,sd,351848,2.181765e-03,1.231802e-02,2.059790e-03
climatology,val,525,2025-07-08T09:00:00,2025-07-08T15:00:00,swvl1,351848,2.893351e-02,4.921757e-02,1.418053e-03
climatology,val,525,2025-07-08T09:00:00,2025-07-08T15:00:00,stl1,351848,2.537104e+00,3.602513e+00,-5.711278e-01
climatology,val,525,2025-07-08T09:00:00,2025-07-08T15:00:00,sd,351848,2.176453e-03,1.228967e-02,2.054536e-03
climatology,val,526,2025-07-08T10:00:00,2025-07-08T16:00:00,swvl1,351848,2.896599e-02,4.927759e-02,1.446208e-03
climatology,val,526,2025-07-08T10:00:00,2025-07-08T16:00:00,stl1,351848,2.531999e+00,3.593498e+00,-5.968091e-01
climatology,val,526,2025-07-08T10:00:00,2025-07-08T16:00:00,sd,351848,2.170467e-03,1.225929e-02,2.048557e-03
climatology,val,527,2025-07-08T11:00:00,2025-07-08T17:00:00,swvl1,351848,2.897472e-02,4.931256e-02,1.452134e-03
climatology,val,527,2025-07-08T11:00:00,2025-07-08T17:00:00,stl1,351848,2.523493e+00,3.544721e+00,-6.109539e-01
climatology,val,527,2025-07-08T11:00:00,2025-07-08T17:00:00,sd,351848,2.163779e-03,1.222626e-02,2.041840e-03
climatology,val,528,2025-07-08T12:00:00,2025-07-08T18:00:00,swvl1,351848,2.899634e-02,4.935107e-02,1.447816e-03
climatology,val,528,2025-07-08T12:00:00,2025-07-08T18:00:00,stl1,351848,2.504204e+00,3.524429e+00,-6.436261e-01
climatology,val,528,2025-07-08T12:00:00,2025-07-08T18:00:00,sd,351848,2.156931e-03,1.219214e-02,2.035007e-03
climatology,val,529,2025-07-08T13:00:00,2025-07-08T19:00:00,swvl1,351848,2.903066e-02,4.940648e-02,1.421113e-03
climatology,val,529,2025-07-08T13:00:00,2025-07-08T19:00:00,stl1,351848,2.493644e+00,3.520973e+00,-6.721719e-01
climatology,val,529,2025-07-08T13:00:00,2025-07-08T19:00:00,sd,351848,2.149643e-03,1.215795e-02,2.027672e-03
climatology,val,530,2025-07-08T14:00:00,2025-07-08T20:00:00,swvl1,351848,2.905430e-02,4.945609e-02,1.377803e-03
climatology,val,530,2025-07-08T14:00:00,2025-07-08T20:00:00,stl1,351848,2.484785e+00,3.521537e+00,-6.834460e-01
climatology,val,530,2025-07-08T14:00:00,2025-07-08T20:00:00,sd,351848,2.142048e-03,1.212376e-02,2.019941e-03
climatology,val,531,2025-07-08T15:00:00,2025-07-08T21:00:00,swvl1,351848,2.909467e-02,4.953829e-02,1.318798e-03
climatology,val,531,2025-07-08T15:00:00,2025-07-08T21:00:00,stl1,351848,2.487882e+00,3.533983e+00,-6.862349e-01
climatology,val,531,2025-07-08T15:00:00,2025-07-08T21:00:00,sd,351848,2.134661e-03,1.209204e-02,2.012226e-03
climatology,val,532,2025-07-08T16:00:00,2025-07-08T22:00:00,swvl1,351848,2.909055e-02,4.939905e-02,1.353355e-03
climatology,val,532,2025-07-08T16:00:00,2025-07-08T22:00:00,stl1,351848,2.482851e+00,3.557535e+00,-7.050343e-01
climatology,val,532,2025-07-08T16:00:00,2025-07-08T22:00:00,sd,351848,2.129371e-03,1.207617e-02,2.007410e-03
climatology,val,533,2025-07-08T17:00:00,2025-07-08T23:00:00,swvl1,351848,2.911959e-02,4.945444e-02,1.309229e-03
climatology,val,533,2025-07-08T17:00:00,2025-07-08T23:00:00,stl1,351848,2.460115e+00,3.526101e+00,-7.058491e-01
climatology,val,533,2025-07-08T17:00:00,2025-07-08T23:00:00,sd,351848,2.123338e-03,1.205390e-02,2.001291e-03
climatology,val,534,2025-07-08T18:00:00,2025-07-09T00:00:00,swvl1,351848,2.940209e-02,5.003067e-02,1.281715e-03
climatology,val,534,2025-07-08T18:00:00,2025-07-09T00:00:00,stl1,351848,2.493952e+00,3.566685e+00,-7.264713e-01
climatology,val,534,2025-07-08T18:00:00,2025-07-09T00:00:00,sd,351848,2.178900e-03,1.239459e-02,2.054989e-03
climatology,val,535,2025-07-08T19:00:00,2025-07-09T01:00:00,swvl1,351848,2.941313e-02,5.004723e-02,1.248879e-03
climatology,val,535,2025-07-08T19:00:00,2025-07-09T01:00:00,stl1,351848,2.476199e+00,3.535150e+00,-7.113952e-01
climatology,val,535,2025-07-08T19:00:00,2025-07-09T01:00:00,sd,351848,2.172547e-03,1.237391e-02,2.048336e-03
climatology,val,536,2025-07-08T20:00:00,2025-07-09T02:00:00,swvl1,351848,2.942993e-02,5.006145e-02,1.221827e-03
climatology,val,536,2025-07-08T20:00:00,2025-07-09T02:00:00,stl1,351848,2.485123e+00,3.548059e+00,-6.845338e-01
climatology,val,536,2025-07-08T20:00:00,2025-07-09T02:00:00,sd,351848,2.166772e-03,1.235408e-02,2.042136e-03
climatology,val,537,2025-07-08T21:00:00,2025-07-09T03:00:00,swvl1,351848,2.942942e-02,5.005597e-02,1.232731e-03
climatology,val,537,2025-07-08T21:00:00,2025-07-09T03:00:00,stl1,351848,2.498551e+00,3.572610e+00,-6.342355e-01
climatology,val,537,2025-07-08T21:00:00,2025-07-09T03:00:00,sd,351848,2.160276e-03,1.233002e-02,2.035162e-03
climatology,val,538,2025-07-08T22:00:00,2025-07-09T04:00:00,swvl1,351848,2.941312e-02,5.004107e-02,1.256493e-03
climatology,val,538,2025-07-08T22:00:00,2025-07-09T04:00:00,stl1,351848,2.472821e+00,3.549228e+00,-6.247038e-01
climatology,val,538,2025-07-08T22:00:00,2025-07-09T04:00:00,sd,351848,2.153108e-03,1.230302e-02,2.027675e-03
climatology,val,539,2025-07-08T23:00:00,2025-07-09T05:00:00,swvl1,351848,2.939219e-02,5.000704e-02,1.291145e-03
climatology,val,539,2025-07-08T23:00:00,2025-07-09T05:00:00,stl1,351848,2.515829e+00,3.601621e+00,-5.905387e-01
climatology,val,539,2025-07-08T23:00:00,2025-07-09T05:00:00,sd,351848,2.145004e-03,1.227246e-02,2.019445e-03
climatology,val,540,2025-07-09T00:00:00,2025-07-09T06:00:00,swvl1,351848,2.936117e-02,4.994209e-02,1.316323e-03
climatology,val,540,2025-07-09T00:00:00,2025-07-09T06:00:00,stl1,351848,2.511579e+00,3.594422e+00,-5.796352e-01
climatology,val,540,2025-07-09T00:00:00,2025-07-09T06:00:00,sd,351848,2.135752e-03,1.223645e-02,2.010160e-03
climatology,val,541,2025-07-09T01:00:00,2025-07-09T07:00:00,swvl1,351848,2.932259e-02,4.985072e-02,1.323374e-03
climatology,val,541,2025-07-09T01:00:00,2025-07-09T07:00:00,stl1,351848,2.533457e+00,3.632468e+00,-5.582780e-01
climatology,val,541,2025-07-09T01:00:00,2025-07-09T07:00:00,sd,351848,2.126095e-03,1.219703e-02,2.000535e-03
climatology,val,542,2025-07-09T02:00:00,2025-07-09T08:00:00,swvl1,351848,2.929181e-02,4.978042e-02,1.335273e-03
climatology,val,542,2025-07-09T02:00:00,2025-07-09T08:00:00,stl1,351848,2.597404e+00,3.677383e+00,-5.049553e-01
climatology,val,542,2025-07-09T02:00:00,2025-07-09T08:00:00,sd,351848,2.116780e-03,1.215748e-02,1.991283e-03
climatology,val,543,2025-07-09T03:00:00,2025-07-09T09:00:00,swvl1,351848,2.926418e-02,4.973360e-02,1.345331e-03
climatology,val,543,2025-07-09T03:00:00,2025-07-09T09:00:00,stl1,351848,2.620829e+00,3.688423e+00,-4.704425e-01
climatology,val,543,2025-07-09T03:00:00,2025-07-09T09:00:00,sd,351848,2.108275e-03,1.211911e-02,1.982710e-03
climatology,val,544,2025-07-09T04:00:00,2025-07-09T10:00:00,swvl1,351848,2.932301e-02,4.977005e-02,1.316601e-03
climatology,val,544,2025-07-09T04:00:00,2025-07-09T10:00:00,stl1,351848,2.627281e+00,3.703658e+00,-5.368036e-01
climatology,val,544,2025-07-09T04:00:00,2025-07-09T10:00:00,sd,351848,2.099465e-03,1.208798e-02,1.975623e-03
climatology,val,545,2025-07-09T05:00:00,2025-07-09T11:00:00,swvl1,351848,2.930109e-02,4.974763e-02,1.315455e-03
climatology,val,545,2025-07-09T05:00:00,2025-07-09T11:00:00,stl1,351848,2.647450e+00,3.704770e+00,-5.271154e-01
climatology,val,545,2025-07-09T05:00:00,2025-07-09T11:00:00,sd,351848,2.092727e-03,1.205543e-02,1.969961e-03
climatology,val,546,2025-07-09T06:00:00,2025-07-09T12:00:00,swvl1,351848,2.944868e-02,4.998083e-02,1.417194e-03
climatology,val,546,2025-07-09T06:00:00,2025-07-09T12:00:00,stl1,351848,2.706121e+00,3.762561e+00,-5.595717e-01
climatology,val,546,2025-07-09T06:00:00,2025-07-09T12:00:00,sd,351848,2.207587e-03,1.247937e-02,2.083905e-03
climatology,val,547,2025-07-09T07:00:00,2025-07-09T13:00:00,swvl1,351848,2.944004e-02,4.996189e-02,1.404395e-03
climatology,val,547,2025-07-09T07:00:00,2025-07-09T13:00:00,stl1,351848,2.708065e+00,3.758895e+00,-5.593263e-01
climatology,val,547,2025-07-09T07:00:00,2025-07-09T13:00:00,sd,351848,2.202727e-03,1.245339e-02,2.079391e-03
climatology,val,548,2025-07-09T08:00:00,2025-07-09T14:00:00,swvl1,351848,2.944873e-02,4.996419e-02,1.393942e-03
climatology,val,548,2025-07-09T08:00:00,2025-07-09T14:00:00,stl1,351848,2.715770e+00,3.764158e+00,-6.386469e-01
climatology,val,548,2025-07-09T08:00:00,2025-07-09T14:00:00,sd,351848,2.197714e-03,1.242683e-02,2.074573e-03
climatology,val,549,2025-07-09T09:00:00,2025-07-09T15:00:00,swvl1,351848,2.946700e-02,4.997289e-02,1.391921e-03
climatology,val,549,2025-07-09T09:00:00,2025-07-09T15:00:00,stl1,351848,2.679149e+00,3.718276e+00,-6.441539e-01
climatology,val,549,2025-07-09T09:00:00,2025-07-09T15:00:00,sd,351848,2.192297e-03,1.239854e-02,2.069040e-03
climatology,val,550,2025-07-09T10:00:00,2025-07-09T16:00:00,swvl1,351848,2.948694e-02,4.997256e-02,1.387385e-03
climatology,val,550,2025-07-09T10:00:00,2025-07-09T16:00:00,stl1,351848,2.670411e+00,3.701804e+00,-6.569425e-01
climatology,val,550,2025-07-09T10:00:00,2025-07-09T16:00:00,sd,351848,2.186139e-03,1.236825e-02,2.062896e-03
climatology,val,551,2025-07-09T11:00:00,2025-07-09T17:00:00,swvl1,351848,2.952524e-02,5.001615e-02,1.338165e-03
climatology,val,551,2025-07-09T11:00:00,2025-07-09T17:00:00,stl1,351848,2.647228e+00,3.668021e+00,-6.850560e-01
climatology,val,551,2025-07-09T11:00:00,2025-07-09T17:00:00,sd,351848,2.179225e-03,1.233535e-02,2.056085e-03
climatology,val,552,2025-07-09T12:00:00,2025-07-09T18:00:00,swvl1,351848,2.956584e-02,5.007834e-02,1.277122e-03
climatology,val,552,2025-07-09T12:00:00,2025-07-09T18:00:00,stl1,351848,2.632047e+00,3.664048e+00,-7.071983e-01
climatology,val,552,2025-07-09T12:00:00,2025-07-09T18:00:00,sd,351848,2.172142e-03,1.230138e-02,2.049080e-03
climatology,val,553,2025-07-09T13:00:00,2025-07-09T19:00:00,swvl1,351848,2.961042e-02,5.016139e-02,1.198655e-03
climatology,val,553,2025-07-09T13:00:00,2025-07-09T19:00:00,stl1,351848,2.615352e+00,3.647659e+00,-7.131910e-01
climatology,val,553,2025-07-09T13:00:00,2025-07-09T19:00:00,sd,351848,2.164593e-03,1.226693e-02,2.041600e-03
climatology,val,554,2025-07-09T14:00:00,2025-07-09T20:00:00,swvl1,351848,2.965284e-02,5.024649e-02,1.114382e-03
climatology,val,554,2025-07-09T14:00:00,2025-07-09T20:00:00,stl1,351848,2.569847e+00,3.602639e+00,-7.005051e-01
climatology,val,554,2025-07-09T14:00:00,2025-07-09T20:00:00,sd,351848,2.156722e-03,1.223214e-02,2.033839e-03
climatology,val,555,2025-07-09T15:00:00,2025-07-09T21:00:00,swvl1,351848,2.968118e-02,5.031692e-02,1.024309e-03
climatology,val,555,2025-07-09T15:00:00,2025-07-09T21:00:00,stl1,351848,2.560990e+00,3.601420e+00,-7.073146e-01
climatology,val,555,2025-07-09T15:00:00,2025-07-09T21:00:00,sd,351848,2.148894e-03,1.219940e-02,2.026078e-03
climatology,val,556,2025-07-09T16:00:00,2025-07-09T22:00:00,swvl1,351848,2.965598e-02,5.005589e-02,1.038122e-03
climatology,val,556,2025-07-09T16:00:00,2025-07-09T22:00:00,stl1,351848,2.512064e+00,3.531266e+00,-7.130517e-01
climatology,val,556,2025-07-09T16:00:00,2025-07-09T22:00:00,sd,351848,2.142992e-03,1.218052e-02,2.020671e-03
climatology,val,557,2025-07-09T17:00:00,2025-07-09T23:00:00,swvl1,351848,2.965879e-02,5.006898e-02,9.848679e-04
climatology,val,557,2025-07-09T17:00:00,2025-07-09T23:00:00,stl1,351848,2.512286e+00,3.523550e+00,-7.142788e-01
climatology,val,557,2025-07-09T17:00:00,2025-07-09T23:00:00,sd,351848,2.136559e-03,1.215657e-02,2.014568e-03
climatology,val,558,2025-07-09T18:00:00,2025-07-10T00:00:00,swvl1,351848,2.986736e-02,5.051650e-02,9.549504e-04
climatology,val,558,2025-07-09T18:00:00,2025-07-10T00:00:00,stl1,351848,2.537458e+00,3.559772e+00,-7.140058e-01
climatology,val,558,2025-07-09T18:00:00,2025-07-10T00:00:00,sd,351848,2.189786e-03,1.248056e-02,2.067770e-03
climatology,val,559,2025-07-09T19:00:00,2025-07-10T01:00:00,swvl1,351848,2.985781e-02,5.047963e-02,9.232086e-04
climatology,val,559,2025-07-09T19:00:00,2025-07-10T01:00:00,stl1,351848,2.529567e+00,3.545250e+00,-6.850538e-01
climatology,val,559,2025-07-09T19:00:00,2025-07-10T01:00:00,sd,351848,2.182983e-03,1.245818e-02,2.061439e-03
climatology,val,560,2025-07-09T20:00:00,2025-07-10T02:00:00,swvl1,351848,2.985681e-02,5.044743e-02,9.108924e-04
climatology,val,560,2025-07-09T20:00:00,2025-07-10T02:00:00,stl1,351848,2.519858e+00,3.531852e+00,-6.376813e-01
climatology,val,560,2025-07-09T20:00:00,2025-07-10T02:00:00,sd,351848,2.176642e-03,1.243660e-02,2.055645e-03
climatology,val,561,2025-07-09T21:00:00,2025-07-10T03:00:00,swvl1,351848,2.985561e-02,5.040723e-02,9.202501e-04
climatology,val,561,2025-07-09T21:00:00,2025-07-10T03:00:00,stl1,351848,2.521437e+00,3.555354e+00,-6.193292e-01
climatology,val,561,2025-07-09T21:00:00,2025-07-10T03:00:00,sd,351848,2.169455e-03,1.241060e-02,2.049112e-03
climatology,val,562,2025-07-09T22:00:00,2025-07-10T04:00:00,swvl1,351848,2.984982e-02,5.035818e-02,9.566499e-04
climatology,val,562,2025-07-09T22:00:00,2025-07-10T04:00:00,stl1,351848,2.530102e+00,3.573469e+00,-5.917127e-01
climatology,val,562,2025-07-09T22:00:00,2025-07-10T04:00:00,sd,351848,2.161695e-03,1.238185e-02,2.042085e-03
climatology,val,563,2025-07-09T23:00:00,2025-07-10T05:00:00,swvl1,351848,2.982547e-02,5.029173e-02,1.015709e-03
climatology,val,563,2025-07-09T23:00:00,2025-07-10T05:00:00,stl1,351848,2.579953e+00,3.647332e+00,-5.774956e-01
climatology,val,563,2025-07-09T23:00:00,2025-07-10T05:00:00,sd,351848,2.153176e-03,1.234975e-02,2.034199e-03
climatology,val,564,2025-07-10T00:00:00,2025-07-10T06:00:00,swvl1,351848,2.980173e-02,5.022379e-02,1.082308e-03
climatology,val,564,2025-07-10T00:00:00,2025-07-10T06:00:00,stl1,351848,2.610446e+00,3.665275e+00,-5.360581e-01
climatology,val,564,2025-07-10T00:00:00,2025-07-10T06:00:00,sd,351848,2.143588e-03,1.231261e-02,2.025254e-03
climatology,val,565,2025-07-10T01:00:00,2025-07-10T07:00:00,swvl1,351848,2.978903e-02,5.014916e-02,1.150269e-03
climatology,val,565,2025-07-10T01:00:00,2025-07-10T07:00:00,stl1,351848,2.625773e+00,3.671439e+00,-5.112322e-01
climatology,val,565,2025-07-10T01:00:00,2025-07-10T07:00:00,sd,351848,2.133611e-03,1.227209e-02,2.015936e-03
climatology,val,566,2025-07-10T02:00:00,2025-07-10T08:00:00,swvl1,351848,2.977716e-02,5.009710e-02,1.216038e-03
climatology,val,566,2025-07-10T02:00:00,2025-07-10T08:00:00,stl1,351848,2.661905e+00,3.705931e+00,-5.046861e-01
climatology,val,566,2025-07-10T02:00:00,2025-07-10T08:00:00,sd,351848,2.124063e-03,1.223137e-02,2.006991e-03
climatology,val,567,2025-07-10T03:00:00,2025-07-10T09:00:00,swvl1,351848,2.976753e-02,5.004743e-02,1.275764e-03
climatology,val,567,2025-07-10T03:00:00,2025-07-10T09:00:00,stl1,351848,2.708331e+00,3.739369e+00,-4.793851e-01
climatology,val,567,2025-07-10T03:00:00,2025-07-10T09:00:00,sd,351848,2.115287e-03,1.219147e-02,1.998731e-03
climatology,val,568,2025-07-10T04:00:00,2025-07-10T10:00:00,swvl1,351848,2.973011e-02,4.987570e-02,1.389724e-03
climatology,val,568,2025-07-10T04:00:00,2025-07-10T10:00:00,stl1,351848,2.751555e+00,3.779731e+00,-4.999292e-01
climatology,val,568,2025-07-10T04:00:00,2025-07-10T10:00:00,sd,351848,2.108225e-03,1.216427e-02,1.991479e-03
climatology,val,569,2025-07-10T05:00:00,2025-07-10T11:00:00,swvl1,351848,2.972066e-02,4.984356e-02,1.393241e-03
climatology,val,569,2025-07-10T05:00:00,2025-07-10T11:00:00,stl1,351848,2.783631e+00,3.795235e+00,-4.939566e-01
climatology,val,569,2025-07-10T05:00:00,2025-07-10T11:00:00,sd,351848,2.101967e-03,1.213196e-02,1.985482e-03
climatology,val,570,2025-07-10T06:00:00,2025-07-10T12:00:00,swvl1,351848,2.985759e-02,5.005012e-02,1.504043e-03
climatology,val,570,2025-07-10T06:00:00,2025-07-10T12:00:00,stl1,351848,2.815770e+00,3.815027e+00,-5.208400e-01
climatology,val,570,2025-07-10T06:00:00,2025-07-10T12:00:00,sd,351848,2.217245e-03,1.255391e-02,2.099111e-03
climatology,val,571,2025-07-10T07:00:00,2025-07-10T13:00:00,swvl1,351848,2.986193e-02,5.011220e-02,1.505439e-03
climatology,val,571,2025-07-10T07:00:00,2025-07-10T13:00:00,stl1,351848,2.802954e+00,3.792510e+00,-5.214149e-01
climatology,val,571,2025-07-10T07:00:00,2025-07-10T13:00:00,sd,351848,2.212580e-03,1.252812e-02,2.094315e-03
climatology,val,572,2025-07-10T08:00:00,2025-07-10T14:00:00,swvl1,351848,2.988992e-02,5.019079e-02,1.494865e-03
climatology,val,572,2025-07-10T08:00:00,2025-07-10T14:00:00,stl1,351848,2.799972e+00,3.763200e+00,-5.600264e-01
climatology,val,572,2025-07-10T08:00:00,2025-07-10T14:00:00,sd,351848,2.207654e-03,1.250170e-02,2.089085e-03
climatology,val,573,2025-07-10T09:00:00,2025-07-10T15:00:00,swvl1,351848,2.992193e-02,5.023651e-02,1.489423e-03
climatology,val,573,2025-07-10T09:00:00,2025-07-10T15:00:00,stl1,351848,2.740022e+00,3.693031e+00,-5.597726e-01
climatology,val,573,2025-07-10T09:00:00,2025-07-10T15:00:00,sd,351848,2.202516e-03,1.247406e-02,2.083271e-03
climatology,val,574,2025-07-10T10:00:00,2025-07-10T16:00:00,swvl1,351848,2.992562e-02,5.022753e-02,1.487418e-03
climatology,val,574,2025-07-10T10:00:00,2025-07-10T16:00:00,stl1,351848,2.729199e+00,3.671401e+00,-5.609261e-01
climatology,val,574,2025-07-10T10:00:00,2025-07-10T16:00:00,sd,351848,2.196795e-03,1.244509e-02,2.076634e-03
climatology,val,575,2025-07-10T11:00:00,2025-07-10T17:00:00,swvl1,351848,2.992392e-02,5.018949e-02,1.498025e-03
climatology,val,575,2025-07-10T11:00:00,2025-07-10T17:00:00,stl1,351848,2.707180e+00,3.615526e+00,-6.064300e-01
climatology,val,575,2025-07-10T11:00:00,2025-07-10T17:00:00,sd,351848,2.190428e-03,1.241410e-02,2.069067e-03
climatology,val,576,2025-07-10T12:00:00,2025-07-10T18:00:00,swvl1,351848,2.993045e-02,5.016151e-02,1.509460e-03
climatology,val,576,2025-07-10T12:00:00,2025-07-10T18:00:00,stl1,351848,2.718101e+00,3.629643e+00,-6.362399e-01
climatology,val,576,2025-07-10T12:00:00,2025-07-10T18:00:00,sd,351848,2.183871e-03,1.238199e-02,2.061122e-03
climatology,val,577,2025-07-10T13:00:00,2025-07-10T19:00:00,swvl1,351848,2.995349e-02,5.015601e-02,1.516662e-03
climatology,val,577,2025-07-10T13:00:00,2025-07-10T19:00:00,stl1,351848,2.695250e+00,3.602154e+00,-6.626071e-01
climatology,val,577,2025-07-10T13:00:00,2025-07-10T19:00:00,sd,351848,2.176965e-03,1.235015e-02,2.052730e-03
climatology,val,578,2025-07-10T14:00:00,2025-07-10T20:00:00,swvl1,351848,2.996548e-02,5.015390e-02,1.532374e-03
climatology,val,578,2025-07-10T14:00:00,2025-07-10T20:00:00,stl1,351848,2.629766e+00,3.515065e+00,-6.740664e-01
climatology,val,578,2025-07-10T14:00:00,2025-07-10T20:00:00,sd,351848,2.169849e-03,1.231858e-02,2.044040e-03
climatology,val,579,2025-07-10T15:00:00,2025-07-10T21:00:00,swvl1,351848,2.997741e-02,5.017068e-02,1.525710e-03
climatology,val,579,2025-07-10T15:00:00,2025-07-10T21:00:00,stl1,351848,2.617238e+00,3.501404e+00,-6.769516e-01
climatology,val,579,2025-07-10T15:00:00,2025-07-10T21:00:00,sd,351848,2.162955e-03,1.228950e-02,2.035419e-03
climatology,val,580,2025-07-10T16:00:00,2025-07-10T22:00:00,swvl1,351848,2.994016e-02,4.992881e-02,1.594792e-03
climatology,val,580,2025-07-10T16:00:00,2025-07-10T22:00:00,stl1,351848,2.572838e+00,3.459117e+00,-6.370644e-01
climatology,val,580,2025-07-10T16:00:00,2025-07-10T22:00:00,sd,351848,2.157697e-03,1.227294e-02,2.028746e-03
climatology,val,581,2025-07-10T17:00:00,2025-07-10T23:00:00,swvl1,351848,2.997218e-02,4.999026e-02,1.584621e-03
climatology,val,581,2025-07-10T17:00:00,2025-07-10T23:00:00,stl1,351848,2.545513e+00,3.417027e+00,-6.437089e-01
climatology,val,581,2025-07-10T17:00:00,2025-07-10T23:00:00,sd,351848,2.152119e-03,1.225295e-02,2.021698e-03
climatology,val,582,2025-07-10T18:00:00,2025-07-11T00:00:00,swvl1,351848,3.022765e-02,5.052093e-02,1.596870e-03
climatology,val,582,2025-07-10T18:00:00,2025-07-11T00:00:00,stl1,351848,2.561419e+00,3.437934e+00,-6.570422e-01
climatology,val,582,2025-07-10T18:00:00,2025-07-11T00:00:00,sd,351848,2.203552e-03,1.256586e-02,2.070843e-03
climatology,val,583,2025-07-10T19:00:00,2025-07-11T01:00:00,swvl1,351848,3.024770e-02,5.056142e-02,1.599424e-03
climatology,val,583,2025-07-10T19:00:00,2025-07-11T01:00:00,stl1,351848,2.544257e+00,3.417840e+00,-6.533197e-01
climatology,val,583,2025-07-10T19:00:00,2025-07-11T01:00:00,sd,351848,2.197138e-03,1.254535e-02,2.063845e-03
climatology,val,584,2025-07-10T20:00:00,2025-07-11T02:00:00,swvl1,351848,3.026066e-02,5.057444e-02,1.610846e-03
climatology,val,584,2025-07-10T20:00:00,2025-07-11T02:00:00,stl1,351848,2.542996e+00,3.435915e+00,-6.484562e-01
climatology,val,584,2025-07-10T20:00:00,2025-07-11T02:00:00,sd,351848,2.190884e-03,1.252406e-02,2.057473e-03
climatology,val,585,2025-07-10T21:00:00,2025-07-11T03:00:00,swvl1,351848,3.027407e-02,5.058349e-02,1.632192e-03
climatology,val,585,2025-07-10T21:00:00,2025-07-11T03:00:00,stl1,351848,2.523336e+00,3.432572e+00,-6.611068e-01
climatology,val,585,2025-07-10T21:00:00,2025-07-11T03:00:00,sd,351848,2.183724e-03,1.249826e-02,2.050324e-03
climatology,val,586,2025-07-10T22:00:00,2025-07-11T04:00:00,swvl1,351848,3.028705e-02,5.059424e-02,1.663421e-03
climatology,val,586,2025-07-10T22:00:00,2025-07-11T04:00:00,stl1,351848,2.521544e+00,3.430939e+00,-6.479058e-01
climatology,val,586,2025-07-10T22:00:00,2025-07-11T04:00:00,sd,351848,2.176061e-03,1.246987e-02,2.042663e-03
climatology,val,587,2025-07-10T23:00:00,2025-07-11T05:00:00,swvl1,351848,3.030476e-02,5.060229e-02,1.698063e-03
climatology,val,587,2025-07-10T23:00:00,2025-07-11T05:00:00,stl1,351848,2.555784e+00,3.490580e+00,-6.506090e-01
climatology,val,587,2025-07-10T23:00:00,2025-07-11T05:00:00,sd,351848,2.167672e-03,1.243812e-02,2.034206e-03
climatology,val,588,2025-07-11T00:00:00,2025-07-11T06:00:00,swvl1,351848,3.030748e-02,5.058510e-02,1.760201e-03
climatology,val,588,2025-07-11T00:00:00,2025-07-11T06:00:00,stl1,351848,2.595773e+00,3.539650e+00,-6.161863e-01
climatology,val,588,2025-07-11T00:00:00,2025-07-11T06:00:00,sd,351848,2.158269e-03,1.240124e-02,2.024846e-03
climatology,val,589,2025-07-11T01:00:00,2025-07-11T07:00:00,swvl1,351848,3.028891e-02,5.053454e-02,1.848459e-03
climatology,val,589,2025-07-11T01:00:00,2025-07-11T07:00:00,stl1,351848,2.597971e+00,3.545456e+00,-5.798736e-01
climatology,val,589,2025-07-11T01:00:00,2025-07-11T07:00:00,sd,351848,2.148408e-03,1.236078e-02,2.015332e-03
climatology,val,590,2025-07-11T02:00:00,2025-07-11T08:00:00,swvl1,351848,3.026226e-02,5.047370e-02,1.924644e-03
climatology,val,590,2025-07-11T02:00:00,2025-07-11T08:00:00,stl1,351848,2.650074e+00,3.614588e+00,-5.663792e-01
climatology,val,590,2025-07-11T02:00:00,2025-07-11T08:00:00,sd,351848,2.138948e-03,1.232008e-02,2.006334e-03
climatology,val,591,2025-07-11T03:00:00,2025-07-11T09:00:00,swvl1,351848,3.024027e-02,5.041809e-02,1.969133e-03
climatology,val,591,2025-07-11T03:00:00,2025-07-11T09:00:00,stl1,351848,2.681397e+00,3.657883e+00,-5.577785e-01
climatology,val,591,2025-07-11T03:00:00,2025-07-11T09:00:00,sd,351848,2.130184e-03,1.228017e-02,1.998006e-03
climatology,val,592,2025-07-11T04:00:00,2025-07-11T10:00:00,swvl1,351848,3.020610e-02,5.020617e-02,2.035735e-03
climatology,val,592,2025-07-11T04:00:00,2025-07-11T10:00:00,stl1,351848,2.735459e+00,3.727267e+00,-5.840120e-01
climatology,val,592,2025-07-11T04:00:00,2025-07-11T10:00:00,sd,351848,2.118967e-03,1.223418e-02,1.993684e-03
climatology,val,593,2025-07-11T05:00:00,2025-07-11T11:00:00,swvl1,351848,3.019405e-02,5.017937e-02,2.076106e-03
climatology,val,593,2025-07-11T05:00:00,2025-07-11T11:00:00,stl1,351848,2.777881e+00,3.768233e+00,-5.656292e-01
climatology,val,593,2025-07-11T05:00:00,2025-07-11T11:00:00,sd,351848,2.112151e-03,1.220012e-02,1.987063e-03
climatology,val,594,2025-07-11T06:00:00,2025-07-11T12:00:00,swvl1,351848,3.034004e-02,5.040361e-02,2.210624e-03
climatology,val,594,2025-07-11T06:00:00,2025-07-11T12:00:00,stl1,351848,2.834493e+00,3.836086e+00,-5.998085e-01
climatology,val,594,2025-07-11T06:00:00,2025-07-11T12:00:00,sd,351848,2.226829e-03,1.261791e-02,2.100246e-03
climatology,val,595,2025-07-11T07:00:00,2025-07-11T13:00:00,swvl1,351848,3.037120e-02,5.043887e-02,2.230086e-03
climatology,val,595,2025-07-11T07:00:00,2025-07-11T13:00:00,stl1,351848,2.827609e+00,3.820868e+00,-5.999342e-01
climatology,val,595,2025-07-11T07:00:00,2025-07-11T13:00:00,sd,351848,2.221526e-03,1.258885e-02,2.095132e-03
climatology,val,596,2025-07-11T08:00:00,2025-07-11T14:00:00,swvl1,351848,3.038923e-02,5.047014e-02,2.270852e-03
climatology,val,596,2025-07-11T08:00:00,2025-07-11T14:00:00,stl1,351848,2.815489e+00,3.785143e+00,-6.252086e-01
climatology,val,596,2025-07-11T08:00:00,2025-07-11T14:00:00,sd,351848,2.215970e-03,1.255912e-02,2.089733e-03
climatology,val,597,2025-07-11T09:00:00,2025-07-11T15:00:00,swvl1,351848,3.041788e-02,5.051891e-02,2.313796e-03
climatology,val,597,2025-07-11T09:00:00,2025-07-11T15:00:00,stl1,351848,2.766775e+00,3.721783e+00,-6.147710e-01
climatology,val,597,2025-07-11T09:00:00,2025-07-11T15:00:00,sd,351848,2.209946e-03,1.252735e-02,2.083877e-03
climatology,val,598,2025-07-11T10:00:00,2025-07-11T16:00:00,swvl1,351848,3.041296e-02,5.050500e-02,2.367216e-03
climatology,val,598,2025-07-11T10:00:00,2025-07-11T16:00:00,stl1,351848,2.734587e+00,3.660866e+00,-6.163077e-01
climatology,val,598,2025-07-11T10:00:00,2025-07-11T16:00:00,sd,351848,2.203368e-03,1.249399e-02,2.077306e-03
climatology,val,599,2025-07-11T11:00:00,2025-07-11T17:00:00,swvl1,351848,3.039667e-02,5.046433e-02,2.414469e-03
climatology,val,599,2025-07-11T11:00:00,2025-07-11T17:00:00,stl1,351848,2.711435e+00,3.611250e+00,-6.516413e-01
climatology,val,599,2025-07-11T11:00:00,2025-07-11T17:00:00,sd,351848,2.196050e-03,1.245807e-02,2.069862e-03
climatology,val,600,2025-07-11T12:00:00,2025-07-11T18:00:00,swvl1,351848,3.036678e-02,5.040397e-02,2.456418e-03
climatology,val,600,2025-07-11T12:00:00,2025-07-11T18:00:00,stl1,351848,2.698698e+00,3.590931e+00,-6.826454e-01
climatology,val,600,2025-07-11T12:00:00,2025-07-11T18:00:00,sd,351848,2.188591e-03,1.242111e-02,2.062120e-03
climatology,val,601,2025-07-11T13:00:00,2025-07-11T19:00:00,swvl1,351848,3.034050e-02,5.036499e-02,2.482196e-03
climatology,val,601,2025-07-11T13:00:00,2025-07-11T19:00:00,stl1,351848,2.700624e+00,3.585528e+00,-6.995735e-01
climatology,val,601,2025-07-11T13:00:00,2025-07-11T19:00:00,sd,351848,2.180826e-03,1.238422e-02,2.053823e-03
climatology,val,602,2025-07-11T14:00:00,2025-07-11T20:00:00,swvl1,351848,3.034085e-02,5.037335e-02,2.467993e-03
climatology,val,602,2025-07-11T14:00:00,2025-07-11T20:00:00,stl1,351848,2.663233e+00,3.506836e+00,-6.650954e-01
climatology,val,602,2025-07-11T14:00:00,2025-07-11T20:00:00,sd,351848,2.172992e-03,1.234781e-02,2.045129e-03
climatology,val,603,2025-07-11T15:00:00,2025-07-11T21:00:00,swvl1,351848,3.034894e-02,5.039720e-02,2.438664e-03
climatology,val,603,2025-07-11T15:00:00,2025-07-11T21:00:00,stl1,351848,2.679941e+00,3.522500e+00,-6.844606e-01
climatology,val,603,2025-07-11T15:00:00,2025-07-11T21:00:00,sd,351848,2.165353e-03,1.231425e-02,2.036295e-03
climatology,val,604,2025-07-11T16:00:00,2025-07-11T22:00:00,swvl1,351848,3.023632e-02,5.004274e-02,2.533415e-03
climatology,val,604,2025-07-11T16:00:00,2025-07-11T22:00:00,stl1,351848,2.647196e+00,3.482763e+00,-6.342613e-01
climatology,val,604,2025-07-11T16:00:00,2025-07-11T22:00:00,sd,351848,2.159368e-03,1.229376e-02,2.029351e-03
climatology,val,605,2025-07-11T17:00:00,2025-07-11T23:00:00,swvl1,351848,3.021978e-02,5.005073e-02,2.506870e-03
climatology,val,605,2025-07-11T17:00:00,2025-07-11T23:00:00,stl1,351848,2.623588e+00,3.460878e+00,-6.588484e-01
climatology,val,605,2025-07-11T17:00:00,2025-07-11T23:00:00,sd,351848,2.153345e-03,1.227128e-02,2.022060e-03
climatology,val,606,2025-07-11T18:00:00,2025-07-12T00:00:00,swvl1,351848,3.043861e-02,5.052502e-02,2.500667e-03
climatology,val,606,2025-07-11T18:00:00,2025-07-12T00:00:00,stl1,351848,2.625786e+00,3.469613e+00,-6.968160e-01
climatology,val,606,2025-07-11T18:00:00,2025-07-12T00:00:00,sd,351848,2.212009e-03,1.261437e-02,2.080230e-03
climatology,val,607,2025-07-11T19:00:00,2025-07-12T01:00:00,swvl1,351848,3.042224e-02,5.050918e-02,2.477387e-03
climatology,val,607,2025-07-11T19:00:00,2025-07-12T01:00:00,stl1,351848,2.593161e+00,3.435318e+00,-6.983297e-01
climatology,val,607,2025-07-11T19:00:00,2025-07-12T01:00:00,sd,351848,2.205591e-03,1.259419e-02,2.072891e-03
climatology,val,608,2025-07-11T20:00:00,2025-07-12T02:00:00,swvl1,351848,3.041642e-02,5.050231e-02,2.455140e-03
climatology,val,608,2025-07-11T20:00:00,2025-07-12T02:00:00,stl1,351848,2.545354e+00,3.396214e+00,-6.990451e-01
climatology,val,608,2025-07-11T20:00:00,2025-07-12T02:00:00,sd,351848,2.199494e-03,1.257375e-02,2.066148e-03
climatology,val,609,2025-07-11T21:00:00,2025-07-12T03:00:00,swvl1,351848,3.040780e-02,5.048982e-02,2.459082e-03
climatology,val,609,2025-07-11T21:00:00,2025-07-12T03:00:00,stl1,351848,2.527609e+00,3.403905e+00,-7.028219e-01
climatology,val,609,2025-07-11T21:00:00,2025-07-12T03:00:00,sd,351848,2.192412e-03,1.254822e-02,2.058640e-03
climatology,val,610,2025-07-11T22:00:00,2025-07-12T04:00:00,swvl1,351848,3.040600e-02,5.048415e-02,2.466559e-03
climatology,val,610,2025-07-11T22:00:00,2025-07-12T04:00:00,stl1,351848,2.558592e+00,3.444235e+00,-6.820126e-01
climatology,val,610,2025-07-11T22:00:00,2025-07-12T04:00:00,sd,351848,2.184753e-03,1.251949e-02,2.050764e-03
climatology,val,611,2025-07-11T23:00:00,2025-07-12T05:00:00,swvl1,351848,3.039260e-02,5.046781e-02,2.477965e-03
climatology,val,611,2025-07-11T23:00:00,2025-07-12T05:00:00,stl1,351848,2.662723e+00,3.598800e+00,-6.966102e-01
climatology,val,611,2025-07-11T23:00:00,2025-07-12T05:00:00,sd,351848,2.176244e-03,1.248719e-02,2.042148e-03
climatology,val,612,2025-07-12T00:00:00,2025-07-12T06:00:00,swvl1,351848,3.037429e-02,5.044567e-02,2.491765e-03
climatology,val,612,2025-07-12T00:00:00,2025-07-12T06:00:00,stl1,351848,2.708708e+00,3.656909e+00,-6.603499e-01
climatology,val,612,2025-07-12T00:00:00,2025-07-12T06:00:00,sd,351848,2.166737e-03,1.244984e-02,2.032570e-03
climatology,val,613,2025-07-12T01:00:00,2025-07-12T07:00:00,swvl1,351848,3.034066e-02,5.041587e-02,2.513328e-03
climatology,val,613,2025-07-12T01:00:00,2025-07-12T07:00:00,stl1,351848,2.741317e+00,3.711489e+00,-6.499187e-01
climatology,val,613,2025-07-12T01:00:00,2025-07-12T07:00:00,sd,351848,2.156826e-03,1.240895e-02,2.022573e-03
climatology,val,614,2025-07-12T02:00:00,2025-07-12T08:00:00,swvl1,351848,3.029248e-02,5.035810e-02,2.522902e-03
climatology,val,614,2025-07-12T02:00:00,2025-07-12T08:00:00,stl1,351848,2.776450e+00,3.782916e+00,-6.731064e-01
climatology,val,614,2025-07-12T02:00:00,2025-07-12T08:00:00,sd,351848,2.147374e-03,1.236798e-02,2.013043e-03
climatology,val,615,2025-07-12T03:00:00,2025-07-12T09:00:00,swvl1,351848,3.024331e-02,5.031610e-02,2.502456e-03
climatology,val,615,2025-07-12T03:00:00,2025-07-12T09:00:00,stl1,351848,2.799600e+00,3.827987e+00,-6.551364e-01
climatology,val,615,2025-07-12T03:00:00,2025-07-12T09:00:00,sd,351848,2.138700e-03,1.232801e-02,2.004297e-03
climatology,val,616,2025-07-12T04:00:00,2025-07-12T10:00:00,swvl1,351848,3.028151e-02,5.026344e-02,2.466343e-03
climatology,val,616,2025-07-12T04:00:00,2025-07-12T10:00:00,stl1,351848,2.818125e+00,3.859698e+00,-6.473964e-01
climatology,val,616,2025-07-12T04:00:00,2025-07-12T10:00:00,sd,351848,2.129437e-03,1.228577e-02,1.998182e-03
climatology,val,617,2025-07-12T05:00:00,2025-07-12T11:00:00,swvl1,351848,3.027693e-02,5.029770e-02,2.427606e-03
climatology,val,617,2025-07-12T05:00:00,2025-07-12T11:00:00,stl1,351848,2.822619e+00,3.855609e+00,-6.249687e-01
climatology,val,617,2025-07-12T05:00:00,2025-07-12T11:00:00,sd,351848,2.123308e-03,1.225348e-02,1.991845e-03
climatology,val,618,2025-07-12T06:00:00,2025-07-12T12:00:00,swvl1,351848,3.042860e-02,5.056710e-02,2.498669e-03
climatology,val,618,2025-07-12T06:00:00,2025-07-12T12:00:00,stl1,351848,2.846683e+00,3.891323e+00,-6.563266e-01
climatology,val,618,2025-07-12T06:00:00,2025-07-12T12:00:00,sd,351848,2.238593e-03,1.267149e-02,2.105377e-03
climatology,val,619,2025-07-12T07:00:00,2025-07-12T13:00:00,swvl1,351848,3.044423e-02,5.061764e-02,2.465023e-03
climatology,val,619,2025-07-12T07:00:00,2025-07-12T13:00:00,stl1,351848,2.828927e+00,3.874352e+00,-6.403419e-01
climatology,val,619,2025-07-12T07:00:00,2025-07-12T13:00:00,sd,351848,2.234024e-03,1.264531e-02,2.100724e-03
climatology,val,620,2025-07-12T08:00:00,2025-07-12T14:00:00,swvl1,351848,3.047961e-02,5.070704e-02,2.443963e-03
climatology,val,620,2025-07-12T08:00:00,2025-07-12T14:00:00,stl1,351848,2.847153e+00,3.888884e+00,-6.057272e-01
climatology,val,620,2025-07-12T08:00:00,2025-07-12T14:00:00,sd,351848,2.229314e-03,1.261849e-02,2.096006e-03
climatology,val,621,2025-07-12T09:00:00,2025-07-12T15:00:00,swvl1,351848,3.052430e-02,5.080737e-02,2.431067e-03
climatology,val,621,2025-07-12T09:00:00,2025-07-12T15:00:00,stl1,351848,2.797641e+00,3.798884e+00,-6.087915e-01
climatology,val,621,2025-07-12T09:00:00,2025-07-12T15:00:00,sd,351848,2.224268e-03,1.258985e-02,2.091120e-03
climatology,val,622,2025-07-12T10:00:00,2025-07-12T16:00:00,swvl1,351848,3.058527e-02,5.093616e-02,2.398170e-03
climatology,val,622,2025-07-12T10:00:00,2025-07-12T16:00:00,stl1,351848,2.796402e+00,3.796082e+00,-6.326522e-01
climatology,val,622,2025-07-12T10:00:00,2025-07-12T16:00:00,sd,351848,2.218601e-03,1.255951e-02,2.085575e-03
climatology,val,623,2025-07-12T11:00:00,2025-07-12T17:00:00,swvl1,351848,3.061670e-02,5.100156e-02,2.359604e-03
climatology,val,623,2025-07-12T11:00:00,2025-07-12T17:00:00,stl1,351848,2.753318e+00,3.724865e+00,-6.733458e-01
climatology,val,623,2025-07-12T11:00:00,2025-07-12T17:00:00,sd,351848,2.212114e-03,1.252682e-02,2.079178e-03
climatology,val,624,2025-07-12T12:00:00,2025-07-12T18:00:00,swvl1,351848,3.062650e-02,5.105258e-02,2.314542e-03
climatology,val,624,2025-07-12T12:00:00,2025-07-12T18:00:00,stl1,351848,2.734029e+00,3.690190e+00,-7.002464e-01
climatology,val,624,2025-07-12T12:00:00,2025-07-12T18:00:00,sd,351848,2.205519e-03,1.249352e-02,2.072622e-03
climatology,val,625,2025-07-12T13:00:00,2025-07-12T19:00:00,swvl1,351848,3.063670e-02,5.108206e-02,2.270018e-03
climatology,val,625,2025-07-12T13:00:00,2025-07-12T19:00:00,stl1,351848,2.726858e+00,3.669735e+00,-6.976954e-01
climatology,val,625,2025-07-12T13:00:00,2025-07-12T19:00:00,sd,351848,2.198517e-03,1.245997e-02,2.065699e-03
climatology,val,626,2025-07-12T14:00:00,2025-07-12T20:00:00,swvl1,351848,3.066386e-02,5.113853e-02,2.202295e-03
climatology,val,626,2025-07-12T14:00:00,2025-07-12T20:00:00,stl1,351848,2.688035e+00,3.622445e+00,-6.653775e-01
climatology,val,626,2025-07-12T14:00:00,2025-07-12T20:00:00,sd,351848,2.191197e-03,1.242609e-02,2.058503e-03
climatology,val,627,2025-07-12T15:00:00,2025-07-12T21:00:00,swvl1,351848,3.067764e-02,5.118947e-02,2.122173e-03
climatology,val,627,2025-07-12T15:00:00,2025-07-12T21:00:00,stl1,351848,2.690623e+00,3.624077e+00,-6.863189e-01
climatology,val,627,2025-07-12T15:00:00,2025-07-12T21:00:00,sd,351848,2.183888e-03,1.239422e-02,2.051296e-03
climatology,val,628,2025-07-12T16:00:00,2025-07-12T22:00:00,swvl1,351848,3.053851e-02,5.088469e-02,2.144562e-03
climatology,val,628,2025-07-12T16:00:00,2025-07-12T22:00:00,stl1,351848,2.670789e+00,3.591222e+00,-6.270301e-01
climatology,val,628,2025-07-12T16:00:00,2025-07-12T22:00:00,sd,351848,2.177587e-03,1.237202e-02,2.045444e-03
climatology,val,629,2025-07-12T17:00:00,2025-07-12T23:00:00,swvl1,351848,3.053010e-02,5.089418e-02,2.103226e-03
climatology,val,629,2025-07-12T17:00:00,2025-07-12T23:00:00,stl1,351848,2.641463e+00,3.544070e+00,-6.638312e-01
climatology,val,629,2025-07-12T17:00:00,2025-07-12T23:00:00,sd,351848,2.171607e-03,1.234888e-02,2.039424e-03
climatology,val,630,2025-07-12T18:00:00,2025-07-13T00:00:00,swvl1,351848,3.072921e-02,5.135636e-02,2.104419e-03
climatology,val,630,2025-07-12T18:00:00,2025-07-13T00:00:00,stl1,351848,2.654095e+00,3.558846e+00,-7.046026e-01
climatology,val,630,2025-07-12T18:00:00,2025-07-13T00:00:00,sd,351848,2.226252e-03,1.267254e-02,2.092566e-03
climatology,val,631,2025-07-12T19:00:00,2025-07-13T01:00:00,swvl1,351848,3.073173e-02,5.138546e-02,2.090135e-03
climatology,val,631,2025-07-12T19:00:00,2025-07-13T01:00:00,stl1,351848,2.618323e+00,3.505223e+00,-7.229856e-01
climatology,val,631,2025-07-12T19:00:00,2025-07-13T01:00:00,sd,351848,2.219932e-03,1.265133e-02,2.086133e-03
climatology,val,632,2025-07-12T20:00:00,2025-07-13T02:00:00,swvl1,351848,3.074366e-02,5.143804e-02,2.072217e-03
climatology,val,632,2025-07-12T20:00:00,2025-07-13T02:00:00,stl1,351848,2.614808e+00,3.499734e+00,-7.046145e-01
climatology,val,632,2025-07-12T20:00:00,2025-07-13T02:00:00,sd,351848,2.214032e-03,1.263072e-02,2.080095e-03
climatology,val,633,2025-07-12T21:00:00,2025-07-13T03:00:00,swvl1,351848,3.074848e-02,5.148334e-02,2.046009e-03
climatology,val,633,2025-07-12T21:00:00,2025-07-13T03:00:00,stl1,351848,2.619635e+00,3.504733e+00,-6.795107e-01
climatology,val,633,2025-07-12T21:00:00,2025-07-13T03:00:00,sd,351848,2.207094e-03,1.260527e-02,2.073075e-03
climatology,val,634,2025-07-12T22:00:00,2025-07-13T04:00:00,swvl1,351848,3.074253e-02,5.151678e-02,2.037562e-03
climatology,val,634,2025-07-12T22:00:00,2025-07-13T04:00:00,stl1,351848,2.638094e+00,3.532925e+00,-6.967702e-01
climatology,val,634,2025-07-12T22:00:00,2025-07-13T04:00:00,sd,351848,2.199534e-03,1.257689e-02,2.065479e-03
climatology,val,635,2025-07-12T23:00:00,2025-07-13T05:00:00,swvl1,351848,3.073598e-02,5.154525e-02,2.035644e-03
climatology,val,635,2025-07-12T23:00:00,2025-07-13T05:00:00,stl1,351848,2.693118e+00,3.609422e+00,-7.304278e-01
climatology,val,635,2025-07-12T23:00:00,2025-07-13T05:00:00,sd,351848,2.191153e-03,1.254494e-02,2.056986e-03
climatology,val,636,2025-07-13T00:00:00,2025-07-13T06:00:00,swvl1,351848,3.071220e-02,5.152175e-02,2.043875e-03
climatology,val,636,2025-07-13T00:00:00,2025-07-13T06:00:00,stl1,351848,2.736966e+00,3.670736e+00,-7.194120e-01
climatology,val,636,2025-07-13T00:00:00,2025-07-13T06:00:00,sd,351848,2.181561e-03,1.250762e-02,2.047330e-03
climatology,val,637,2025-07-13T01:00:00,2025-07-13T07:00:00,swvl1,351848,3.068962e-02,5.149702e-02,2.061425e-03
climatology,val,637,2025-07-13T01:00:00,2025-07-13T07:00:00,stl1,351848,2.749928e+00,3.712565e+00,-7.224243e-01
climatology,val,637,2025-07-13T01:00:00,2025-07-13T07:00:00,sd,351848,2.171538e-03,1.246691e-02,2.037303e-03
climatology,val,638,2025-07-13T02:00:00,2025-07-13T08:00:00,swvl1,351848,3.064957e-02,5.144880e-02,2.091988e-03
climatology,val,638,2025-07-13T02:00:00,2025-07-13T08:00:00,stl1,351848,2.786450e+00,3.778092e+00,-7.265752e-01
climatology,val,638,2025-07-13T02:00:00,2025-07-13T08:00:00,sd,351848,2.161892e-03,1.242599e-02,2.027696e-03
climatology,val,639,2025-07-13T03:00:00,2025-07-13T09:00:00,swvl1,351848,3.060572e-02,5.137363e-02,2.128984e-03
climatology,val,639,2025-07-13T03:00:00,2025-07-13T09:00:00,stl1,351848,2.808030e+00,3.812300e+00,-6.877883e-01
climatology,val,639,2025-07-13T03:00:00,2025-07-13T09:00:00,sd,351848,2.152950e-03,1.238589e-02,2.018795e-03
climatology,val,640,2025-07-13T04:00:00,2025-07-13T10:00:00,swvl1,351848,3.051338e-02,5.107485e-02,2.181076e-03
climatology,val,640,2025-07-13T04:00:00,2025-07-13T10:00:00,stl1,351848,2.832274e+00,3.837337e+00,-6.874030e-01
climatology,val,640,2025-07-13T04:00:00,2025-07-13T10:00:00,sd,351848,2.145563e-03,1.235791e-02,2.010635e-03
climatology,val,641,2025-07-13T05:00:00,2025-07-13T11:00:00,swvl1,351848,3.052078e-02,5.109710e-02,2.172892e-03
climatology,val,641,2025-07-13T05:00:00,2025-07-13T11:00:00,stl1,351848,2.808511e+00,3.820100e+00,-6.512178e-01
climatology,val,641,2025-07-13T05:00:00,2025-07-13T11:00:00,sd,351848,2.139421e-03,1.232590e-02,2.004273e-03
climatology,val,642,2025-07-13T06:00:00,2025-07-13T12:00:00,swvl1,351848,3.066195e-02,5.134411e-02,2.286037e-03
climatology,val,642,2025-07-13T06:00:00,2025-07-13T12:00:00,stl1,351848,2.809708e+00,3.837132e+00,-6.767269e-01
climatology,val,642,2025-07-13T06:00:00,2025-07-13T12:00:00,sd,351848,2.254844e-03,1.274225e-02,2.117885e-03
climatology,val,643,2025-07-13T07:00:00,2025-07-13T13:00:00,swvl1,351848,3.067411e-02,5.139124e-02,2.274214e-03
climatology,val,643,2025-07-13T07:00:00,2025-07-13T13:00:00,stl1,351848,2.779094e+00,3.810122e+00,-6.793916e-01
climatology,val,643,2025-07-13T07:00:00,2025-07-13T13:00:00,sd,351848,2.250295e-03,1.271613e-02,2.113261e-03
climatology,val,644,2025-07-13T08:00:00,2025-07-13T14:00:00,swvl1,351848,3.070609e-02,5.147485e-02,2.263352e-03
climatology,val,644,2025-07-13T08:00:00,2025-07-13T14:00:00,stl1,351848,2.741844e+00,3.775892e+00,-7.051868e-01
climatology,val,644,2025-07-13T08:00:00,2025-07-13T14:00:00,sd,351848,2.245629e-03,1.268939e-02,2.108538e-03
climatology,val,645,2025-07-13T09:00:00,2025-07-13T15:00:00,swvl1,351848,3.074077e-02,5.155489e-02,2.250871e-03
climatology,val,645,2025-07-13T09:00:00,2025-07-13T15:00:00,stl1,351848,2.699805e+00,3.720219e+00,-7.155109e-01
climatology,val,645,2025-07-13T09:00:00,2025-07-13T15:00:00,sd,351848,2.240609e-03,1.266084e-02,2.103534e-03
climatology,val,646,2025-07-13T10:00:00,2025-07-13T16:00:00,swvl1,351848,3.075927e-02,5.158012e-02,2.220582e-03
climatology,val,646,2025-07-13T10:00:00,2025-07-13T16:00:00,stl1,351848,2.693607e+00,3.715363e+00,-7.408162e-01
climatology,val,646,2025-07-13T10:00:00,2025-07-13T16:00:00,sd,351848,2.234879e-03,1.263035e-02,2.097888e-03
climatology,val,647,2025-07-13T11:00:00,2025-07-13T17:00:00,swvl1,351848,3.076271e-02,5.156053e-02,2.201048e-03
climatology,val,647,2025-07-13T11:00:00,2025-07-13T17:00:00,stl1,351848,2.653612e+00,3.675849e+00,-7.914858e-01
climatology,val,647,2025-07-13T11:00:00,2025-07-13T17:00:00,sd,351848,2.228502e-03,1.259775e-02,2.091569e-03
climatology,val,648,2025-07-13T12:00:00,2025-07-13T18:00:00,swvl1,351848,3.075804e-02,5.150961e-02,2.189493e-03
climatology,val,648,2025-07-13T12:00:00,2025-07-13T18:00:00,stl1,351848,2.653942e+00,3.656212e+00,-8.191891e-01
climatology,val,648,2025-07-13T12:00:00,2025-07-13T18:00:00,sd,351848,2.222010e-03,1.256454e-02,2.085185e-03
climatology,val,649,2025-07-13T13:00:00,2025-07-13T19:00:00,swvl1,351848,3.075167e-02,5.148350e-02,2.160889e-03
climatology,val,649,2025-07-13T13:00:00,2025-07-13T19:00:00,stl1,351848,2.648656e+00,3.638856e+00,-8.602456e-01
climatology,val,649,2025-07-13T13:00:00,2025-07-13T19:00:00,sd,351848,2.215231e-03,1.253154e-02,2.078381e-03
climatology,val,650,2025-07-13T14:00:00,2025-07-13T20:00:00,swvl1,351848,3.073747e-02,5.145663e-02,2.133654e-03
climatology,val,650,2025-07-13T14:00:00,2025-07-13T20:00:00,stl1,351848,2.604607e+00,3.580481e+00,-8.247418e-01
climatology,val,650,2025-07-13T14:00:00,2025-07-13T20:00:00,sd,351848,2.208230e-03,1.249829e-02,2.071138e-03
climatology,val,651,2025-07-13T15:00:00,2025-07-13T21:00:00,swvl1,351848,3.072147e-02,5.145376e-02,2.097114e-03
climatology,val,651,2025-07-13T15:00:00,2025-07-13T21:00:00,stl1,351848,2.588186e+00,3.555641e+00,-8.512451e-01
climatology,val,651,2025-07-13T15:00:00,2025-07-13T21:00:00,sd,351848,2.201236e-03,1.246680e-02,2.063835e-03
climatology,val,652,2025-07-13T16:00:00,2025-07-13T22:00:00,swvl1,351848,3.074980e-02,5.138850e-02,2.074495e-03
climatology,val,652,2025-07-13T16:00:00,2025-07-13T22:00:00,stl1,351848,2.534161e+00,3.477678e+00,-8.284129e-01
climatology,val,652,2025-07-13T16:00:00,2025-07-13T22:00:00,sd,351848,2.195797e-03,1.244849e-02,2.058474e-03
climatology,val,653,2025-07-13T17:00:00,2025-07-13T23:00:00,swvl1,351848,3.072292e-02,5.138629e-02,2.025741e-03
climatology,val,653,2025-07-13T17:00:00,2025-07-13T23:00:00,stl1,351848,2.517007e+00,3.454820e+00,-8.358134e-01
climatology,val,653,2025-07-13T17:00:00,2025-07-13T23:00:00,sd,351848,2.190176e-03,1.242590e-02,2.052640e-03
climatology,val,654,2025-07-13T18:00:00,2025-07-14T00:00:00,swvl1,351848,3.093780e-02,5.188489e-02,1.987780e-03
climatology,val,654,2025-07-13T18:00:00,2025-07-14T00:00:00,stl1,351848,2.546726e+00,3.487814e+00,-8.447989e-01
climatology,val,654,2025-07-13T18:00:00,2025-07-14T00:00:00,sd,351848,2.242421e-03,1.273922e-02,2.102642e-03
climatology,val,655,2025-07-13T19:00:00,2025-07-14T01:00:00,swvl1,351848,3.092104e-02,5.189858e-02,1.938132e-03
climatology,val,655,2025-07-13T19:00:00,2025-07-14T01:00:00,stl1,351848,2.545388e+00,3.473618e+00,-8.693317e-01
climatology,val,655,2025-07-13T19:00:00,2025-07-14T01:00:00,sd,351848,2.236334e-03,1.271811e-02,2.096511e-03
climatology,val,656,2025-07-13T20:00:00,2025-07-14T02:00:00,swvl1,351848,3.089018e-02,5.188686e-02,1.891695e-03
climatology,val,656,2025-07-13T20:00:00,2025-07-14T02:00:00,stl1,351848,2.540600e+00,3.444923e+00,-8.409834e-01
climatology,val,656,2025-07-13T20:00:00,2025-07-14T02:00:00,sd,351848,2.230607e-03,1.269752e-02,2.090753e-03
climatology,val,657,2025-07-13T21:00:00,2025-07-14T03:00:00,swvl1,351848,3.085139e-02,5.186652e-02,1.841991e-03
climatology,val,657,2025-07-13T21:00:00,2025-07-14T03:00:00,stl1,351848,2.552907e+00,3.454023e+00,-8.277907e-01
climatology,val,657,2025-07-13T21:00:00,2025-07-14T03:00:00,sd,351848,2.223904e-03,1.267239e-02,2.084079e-03
climatology,val,658,2025-07-13T22:00:00,2025-07-14T04:00:00,swvl1,351848,3.080861e-02,5.184865e-02,1.794882e-03
climatology,val,658,2025-07-13T22:00:00,2025-07-14T04:00:00,stl1,351848,2.582541e+00,3.491153e+00,-8.019370e-01
climatology,val,658,2025-07-13T22:00:00,2025-07-14T04:00:00,sd,351848,2.216590e-03,1.264437e-02,2.076906e-03
climatology,val,659,2025-07-13T23:00:00,2025-07-14T05:00:00,swvl1,351848,3.076615e-02,5.182204e-02,1.765940e-03
climatology,val,659,2025-07-13T23:00:00,2025-07-14T05:00:00,stl1,351848,2.644482e+00,3.554820e+00,-7.901327e-01
climatology,val,659,2025-07-13T23:00:00,2025-07-14T05:00:00,sd,351848,2.208415e-03,1.261291e-02,2.068894e-03
climatology,val,660,2025-07-14T00:00:00,2025-07-14T06:00:00,swvl1,351848,3.072297e-02,5.179501e-02,1.737031e-03
climatology,val,660,2025-07-14T00:00:00,2025-07-14T06:00:00,stl1,351848,2.663867e+00,3.587177e+00,-7.582052e-01
climatology,val,660,2025-07-14T00:00:00,2025-07-14T06:00:00,sd,351848,2.199087e-03,1.257625e-02,2.059739e-03
climatology,val,661,2025-07-14T01:00:00,2025-07-14T07:00:00,swvl1,351848,3.068836e-02,5.177233e-02,1.707193e-03
climatology,val,661,2025-07-14T01:00:00,2025-07-14T07:00:00,stl1,351848,2.660599e+00,3.599680e+00,-7.339347e-01
climatology,val,661,2025-07-14T01:00:00,2025-07-14T07:00:00,sd,351848,2.189318e-03,1.253620e-02,2.050230e-03
climatology,val,662,2025-07-14T02:00:00,2025-07-14T08:00:00,swvl1,351848,3.066146e-02,5.175263e-02,1.664505e-03
climatology,val,662,2025-07-14T02:00:00,2025-07-14T08:00:00,stl1,351848,2.694290e+00,3.645421e+00,-7.203255e-01
climatology,val,662,2025-07-14T02:00:00,2025-07-14T08:00:00,sd,351848,2.179929e-03,1.249605e-02,2.041103e-03
climatology,val,663,2025-07-14T03:00:00,2025-07-14T09:00:00,swvl1,351848,3.064236e-02,5.172311e-02,1.633676e-03
climatology,val,663,2025-07-14T03:00:00,2025-07-14T09:00:00,stl1,351848,2.717345e+00,3.672589e+00,-6.917832e-01
climatology,val,663,2025-07-14T03:00:00,2025-07-14T09:00:00,sd,351848,2.171236e-03,1.245660e-02,2.032693e-03
climatology,val,664,2025-07-14T04:00:00,2025-07-14T10:00:00,swvl1,351848,3.051097e-02,5.136483e-02,1.756195e-03
climatology,val,664,2025-07-14T04:00:00,2025-07-14T10:00:00,stl1,351848,2.725002e+00,3.680833e+00,-7.004971e-01
climatology,val,664,2025-07-14T04:00:00,2025-07-14T10:00:00,sd,351848,2.169174e-03,1.243694e-02,2.033077e-03
climatology,val,665,2025-07-14T05:00:00,2025-07-14T11:00:00,swvl1,351848,3.048066e-02,5.131281e-02,1.768604e-03
climatology,val,665,2025-07-14T05:00:00,2025-07-14T11:00:00,stl1,351848,2.719816e+00,3.672726e+00,-6.665555e-01
climatology,val,665,2025-07-14T05:00:00,2025-07-14T11:00:00,sd,351848,2.163051e-03,1.240354e-02,2.027926e-03
climatology,val,666,2025-07-14T06:00:00,2025-07-14T12:00:00,swvl1,351848,3.060509e-02,5.151404e-02,1.873943e-03
climatology,val,666,2025-07-14T06:00:00,2025-07-14T12:00:00,stl1,351848,2.743913e+00,3.710866e+00,-6.615214e-01
climatology,val,666,2025-07-14T06:00:00,2025-07-14T12:00:00,sd,351848,2.278656e-03,1.281736e-02,2.142389e-03
climatology,val,667,2025-07-14T07:00:00,2025-07-14T13:00:00,swvl1,351848,3.060221e-02,5.149447e-02,1.861162e-03
climatology,val,667,2025-07-14T07:00:00,2025-07-14T13:00:00,stl1,351848,2.751369e+00,3.701212e+00,-6.227465e-01
climatology,val,667,2025-07-14T07:00:00,2025-07-14T13:00:00,sd,351848,2.274129e-03,1.279039e-02,2.138417e-03
climatology,val,668,2025-07-14T08:00:00,2025-07-14T14:00:00,swvl1,351848,3.064098e-02,5.154758e-02,1.817863e-03
climatology,val,668,2025-07-14T08:00:00,2025-07-14T14:00:00,stl1,351848,2.759102e+00,3.681364e+00,-6.547548e-01
climatology,val,668,2025-07-14T08:00:00,2025-07-14T14:00:00,sd,351848,2.269444e-03,1.276301e-02,2.134161e-03
climatology,val,669,2025-07-14T09:00:00,2025-07-14T15:00:00,swvl1,351848,3.072434e-02,5.170601e-02,1.731514e-03
climatology,val,669,2025-07-14T09:00:00,2025-07-14T15:00:00,stl1,351848,2.665721e+00,3.604680e+00,-7.143705e-01
climatology,val,669,2025-07-14T09:00:00,2025-07-14T15:00:00,sd,351848,2.264427e-03,1.273430e-02,2.129151e-03
climatology,val,670,2025-07-14T10:00:00,2025-07-14T16:00:00,swvl1,351848,3.079570e-02,5.180779e-02,1.671987e-03
climatology,val,670,2025-07-14T10:00:00,2025-07-14T16:00:00,stl1,351848,2.656604e+00,3.587299e+00,-7.298444e-01
climatology,val,670,2025-07-14T10:00:00,2025-07-14T16:00:00,sd,351848,2.258730e-03,1.270369e-02,2.123305e-03
climatology,val,671,2025-07-14T11:00:00,2025-07-14T17:00:00,swvl1,351848,3.084150e-02,5.185108e-02,1.637619e-03
climatology,val,671,2025-07-14T11:00:00,2025-07-14T17:00:00,stl1,351848,2.655266e+00,3.593878e+00,-7.976788e-01
climatology,val,671,2025-07-14T11:00:00,2025-07-14T17:00:00,sd,351848,2.252269e-03,1.267054e-02,2.116543e-03
climatology,val,672,2025-07-14T12:00:00,2025-07-14T18:00:00,swvl1,351848,3.088021e-02,5.188335e-02,1.604371e-03
climatology,val,672,2025-07-14T12:00:00,2025-07-14T18:00:00,stl1,351848,2.652128e+00,3.578147e+00,-8.438390e-01
climatology,val,672,2025-07-14T12:00:00,2025-07-14T18:00:00,sd,351848,2.245622e-03,1.263606e-02,2.109496e-03
climatology,val,673,2025-07-14T13:00:00,2025-07-14T19:00:00,swvl1,351848,3.091335e-02,5.192461e-02,1.569985e-03
climatology,val,673,2025-07-14T13:00:00,2025-07-14T19:00:00,stl1,351848,2.647022e+00,3.556073e+00,-8.628567e-01
climatology,val,673,2025-07-14T13:00:00,2025-07-14T19:00:00,sd,351848,2.238503e-03,1.260141e-02,2.102042e-03
climatology,val,674,2025-07-14T14:00:00,2025-07-14T20:00:00,swvl1,351848,3.095087e-02,5.197724e-02,1.536462e-03
climatology,val,674,2025-07-14T14:00:00,2025-07-14T20:00:00,stl1,351848,2.618964e+00,3.501241e+00,-8.640254e-01
climatology,val,674,2025-07-14T14:00:00,2025-07-14T20:00:00,sd,351848,2.231105e-03,1.256666e-02,2.094279e-03
climatology,val,675,2025-07-14T15:00:00,2025-07-14T21:00:00,swvl1,351848,3.096508e-02,5.200958e-02,1.508976e-03
climatology,val,675,2025-07-14T15:00:00,2025-07-14T21:00:00,stl1,351848,2.594428e+00,3.467587e+00,-8.562952e-01
climatology,val,675,2025-07-14T15:00:00,2025-07-14T21:00:00,sd,351848,2.223853e-03,1.253435e-02,2.086566e-03
climatology,val,676,2025-07-14T16:00:00,2025-07-14T22:00:00,swvl1,351848,3.092979e-02,5.183157e-02,1.531105e-03
climatology,val,676,2025-07-14T16:00:00,2025-07-14T22:00:00,stl1,351848,2.516657e+00,3.373190e+00,-8.145935e-01
climatology,val,676,2025-07-14T16:00:00,2025-07-14T22:00:00,sd,351848,2.218090e-03,1.251404e-02,2.080605e-03
climatology,val,677,2025-07-14T17:00:00,2025-07-14T23:00:00,swvl1,351848,3.091571e-02,5.182103e-02,1.496874e-03
climatology,val,677,2025-07-14T17:00:00,2025-07-14T23:00:00,stl1,351848,2.494452e+00,3.348040e+00,-8.209441e-01
climatology,val,677,2025-07-14T17:00:00,2025-07-14T23:00:00,sd,351848,2.212121e-03,1.249040e-02,2.074482e-03
climatology,val,678,2025-07-14T18:00:00,2025-07-15T00:00:00,swvl1,351848,3.111859e-02,5.226854e-02,1.489256e-03
climatology,val,678,2025-07-14T18:00:00,2025-07-15T00:00:00,stl1,351848,2.509415e+00,3.371932e+00,-8.413587e-01
climatology,val,678,2025-07-14T18:00:00,2025-07-15T00:00:00,sd,351848,2.259402e-03,1.279173e-02,2.122404e-03
climatology,val,679,2025-07-14T19:00:00,2025-07-15T01:00:00,swvl1,351848,3.109629e-02,5.223841e-02,1.473546e-03
climatology,val,679,2025-07-14T19:00:00,2025-07-15T01:00:00,stl1,351848,2.492934e+00,3.351123e+00,-8.494490e-01
climatology,val,679,2025-07-14T19:00:00,2025-07-15T01:00:00,sd,351848,2.252947e-03,1.276989e-02,2.116225e-03
climatology,val,680,2025-07-14T20:00:00,2025-07-15T02:00:00,swvl1,351848,3.106484e-02,5.218582e-02,1.466925e-03
climatology,val,680,2025-07-14T20:00:00,2025-07-15T02:00:00,stl1,351848,2.461821e+00,3.323318e+00,-8.124758e-01
climatology,val,680,2025-07-14T20:00:00,2025-07-15T02:00:00,sd,351848,2.246785e-03,1.274847e-02,2.110474e-03
climatology,val,681,2025-07-14T21:00:00,2025-07-15T03:00:00,swvl1,351848,3.102641e-02,5.213742e-02,1.457016e-03
climatology,val,681,2025-07-14T21:00:00,2025-07-15T03:00:00,stl1,351848,2.471066e+00,3.332433e+00,-7.961098e-01
climatology,val,681,2025-07-14T21:00:00,2025-07-15T03:00:00,sd,351848,2.239645e-03,1.272267e-02,2.103830e-03
climatology,val,682,2025-07-14T22:00:00,2025-07-15T04:00:00,swvl1,351848,3.095714e-02,5.204360e-02,1.436273e-03
climatology,val,682,2025-07-14T22:00:00,2025-07-15T04:00:00,stl1,351848,2.451008e+00,3.313750e+00,-7.948265e-01
climatology,val,682,2025-07-14T22:00:00,2025-07-15T04:00:00,sd,351848,2.231824e-03,1.269400e-02,2.096616e-03
climatology,val,683,2025-07-14T23:00:00,2025-07-15T05:00:00,swvl1,351848,3.088231e-02,5.192616e-02,1.416191e-03
climatology,val,683,2025-07-14T23:00:00,2025-07-15T05:00:00,stl1,351848,2.555304e+00,3.444135e+00,-7.658728e-01
climatology,val,683,2025-07-14T23:00:00,2025-07-15T05:00:00,sd,351848,2.223102e-03,1.266173e-02,2.088548e-03
climatology,val,684,2025-07-15T00:00:00,2025-07-15T06:00:00,swvl1,351848,3.083118e-02,5.183225e-02,1.407226e-03
climatology,val,684,2025-07-15T00:00:00,2025-07-15T06:00:00,stl1,351848,2.575093e+00,3.474789e+00,-7.226327e-01
climatology,val,684,2025-07-15T00:00:00,2025-07-15T06:00:00,sd,351848,2.213302e-03,1.262441e-02,2.079361e-03
climatology,val,685,2025-07-15T01:00:00,2025-07-15T07:00:00,swvl1,351848,3.076610e-02,5.171702e-02,1.411206e-03
climatology,val,685,2025-07-15T01:00:00,2025-07-15T07:00:00,stl1,351848,2.603137e+00,3.520706e+00,-7.114223e-01
climatology,val,685,2025-07-15T01:00:00,2025-07-15T07:00:00,sd,351848,2.203126e-03,1.258377e-02,2.069800e-03
climatology,val,686,2025-07-15T02:00:00,2025-07-15T08:00:00,swvl1,351848,3.071337e-02,5.161491e-02,1.396711e-03
climatology,val,686,2025-07-15T02:00:00,2025-07-15T08:00:00,stl1,351848,2.629354e+00,3.553358e+00,-7.140853e-01
climatology,val,686,2025-07-15T02:00:00,2025-07-15T08:00:00,sd,351848,2.193432e-03,1.254324e-02,2.060607e-03
climatology,val,687,2025-07-15T03:00:00,2025-07-15T09:00:00,swvl1,351848,3.067863e-02,5.154385e-02,1.372323e-03
climatology,val,687,2025-07-15T03:00:00,2025-07-15T09:00:00,stl1,351848,2.652019e+00,3.582072e+00,-7.078035e-01
climatology,val,687,2025-07-15T03:00:00,2025-07-15T09:00:00,sd,351848,2.184515e-03,1.250363e-02,2.052111e-03
climatology,val,688,2025-07-15T04:00:00,2025-07-15T10:00:00,swvl1,351848,3.067216e-02,5.142174e-02,1.450217e-03
climatology,val,688,2025-07-15T04:00:00,2025-07-15T10:00:00,stl1,351848,2.722655e+00,3.659660e+00,-7.232267e-01
climatology,val,688,2025-07-15T04:00:00,2025-07-15T10:00:00,sd,351848,2.176582e-03,1.247445e-02,2.043170e-03
climatology,val,689,2025-07-15T05:00:00,2025-07-15T11:00:00,swvl1,351848,3.066143e-02,5.137300e-02,1.409970e-03
climatology,val,689,2025-07-15T05:00:00,2025-07-15T11:00:00,stl1,351848,2.738404e+00,3.658956e+00,-6.813739e-01
climatology,val,689,2025-07-15T05:00:00,2025-07-15T11:00:00,sd,351848,2.170327e-03,1.244238e-02,2.036963e-03
climatology,val,690,2025-07-15T06:00:00,2025-07-15T12:00:00,swvl1,351848,3.076933e-02,5.151891e-02,1.492106e-03
climatology,val,690,2025-07-15T06:00:00,2025-07-15T12:00:00,stl1,351848,2.762129e+00,3.692897e+00,-7.097251e-01
climatology,val,690,2025-07-15T06:00:00,2025-07-15T12:00:00,sd,351848,2.285918e-03,1.285639e-02,2.150666e-03
climatology,val,691,2025-07-15T07:00:00,2025-07-15T13:00:00,swvl1,351848,3.077180e-02,5.148861e-02,1.468332e-03
climatology,val,691,2025-07-15T07:00:00,2025-07-15T13:00:00,stl1,351848,2.729566e+00,3.670179e+00,-6.954412e-01
climatology,val,691,2025-07-15T07:00:00,2025-07-15T13:00:00,sd,351848,2.281292e-03,1.283009e-02,2.146075e-03
climatology,val,692,2025-07-15T08:00:00,2025-07-15T14:00:00,swvl1,351848,3.081061e-02,5.156847e-02,1.408365e-03
climatology,val,692,2025-07-15T08:00:00,2025-07-15T14:00:00,stl1,351848,2.721119e+00,3.656240e+00,-7.244889e-01
climatology,val,692,2025-07-15T08:00:00,2025-07-15T14:00:00,sd,351848,2.276488e-03,1.280325e-02,2.141284e-03
climatology,val,693,2025-07-15T09:00:00,2025-07-15T15:00:00,swvl1,351848,3.088067e-02,5.172580e-02,1.344471e-03
climatology,val,693,2025-07-15T09:00:00,2025-07-15T15:00:00,stl1,351848,2.678331e+00,3.611252e+00,-7.398243e-01
climatology,val,693,2025-07-15T09:00:00,2025-07-15T15:00:00,sd,351848,2.271240e-03,1.277454e-02,2.136112e-03
climatology,val,694,2025-07-15T10:00:00,2025-07-15T16:00:00,swvl1,351848,3.090474e-02,5.174114e-02,1.347085e-03
climatology,val,694,2025-07-15T10:00:00,2025-07-15T16:00:00,stl1,351848,2.669783e+00,3.600281e+00,-7.355576e-01
climatology,val,694,2025-07-15T10:00:00,2025-07-15T16:00:00,sd,351848,2.265311e-03,1.274377e-02,2.130163e-03
climatology,val,695,2025-07-15T11:00:00,2025-07-15T17:00:00,swvl1,351848,3.090209e-02,5.172068e-02,1.385240e-03
climatology,val,695,2025-07-15T11:00:00,2025-07-15T17:00:00,stl1,351848,2.660090e+00,3.574246e+00,-7.813933e-01
climatology,val,695,2025-07-15T11:00:00,2025-07-15T17:00:00,sd,351848,2.258579e-03,1.271051e-02,2.123330e-03
climatology,val,696,2025-07-15T12:00:00,2025-07-15T18:00:00,swvl1,351848,3.091042e-02,5.172425e-02,1.425854e-03
climatology,val,696,2025-07-15T12:00:00,2025-07-15T18:00:00,stl1,351848,2.674396e+00,3.578284e+00,-7.919370e-01
climatology,val,696,2025-07-15T12:00:00,2025-07-15T18:00:00,sd,351848,2.251609e-03,1.267622e-02,2.116180e-03
climatology,val,697,2025-07-15T13:00:00,2025-07-15T19:00:00,swvl1,351848,3.093876e-02,5.173825e-02,1.459878e-03
climatology,val,697,2025-07-15T13:00:00,2025-07-15T19:00:00,stl1,351848,2.681871e+00,3.568473e+00,-8.009845e-01
climatology,val,697,2025-07-15T13:00:00,2025-07-15T19:00:00,sd,351848,2.244085e-03,1.264132e-02,2.108572e-03
climatology,val,698,2025-07-15T14:00:00,2025-07-15T20:00:00,swvl1,351848,3.096461e-02,5.174914e-02,1.502919e-03
climatology,val,698,2025-07-15T14:00:00,2025-07-15T20:00:00,stl1,351848,2.655642e+00,3.526086e+00,-8.205746e-01
climatology,val,698,2025-07-15T14:00:00,2025-07-15T20:00:00,sd,351848,2.236255e-03,1.260589e-02,2.100793e-03
climatology,val,699,2025-07-15T15:00:00,2025-07-15T21:00:00,swvl1,351848,3.099878e-02,5.177057e-02,1.531202e-03
climatology,val,699,2025-07-15T15:00:00,2025-07-15T21:00:00,stl1,351848,2.642137e+00,3.497706e+00,-8.063144e-01
climatology,val,699,2025-07-15T15:00:00,2025-07-15T21:00:00,sd,351848,2.228540e-03,1.257249e-02,2.093090e-03
climatology,val,700,2025-07-15T16:00:00,2025-07-15T22:00:00,swvl1,351848,3.098196e-02,5.167372e-02,1.639783e-03
climatology,val,700,2025-07-15T16:00:00,2025-07-15T22:00:00,stl1,351848,2.580773e+00,3.428113e+00,-7.833951e-01
climatology,val,700,2025-07-15T16:00:00,2025-07-15T22:00:00,sd,351848,2.223094e-03,1.255297e-02,2.087701e-03
climatology,val,701,2025-07-15T17:00:00,2025-07-15T23:00:00,swvl1,351848,3.099466e-02,5.168401e-02,1.641942e-03
climatology,val,701,2025-07-15T17:00:00,2025-07-15T23:00:00,stl1,351848,2.567226e+00,3.406450e+00,-7.824169e-01
climatology,val,701,2025-07-15T17:00:00,2025-07-15T23:00:00,sd,351848,2.216911e-03,1.252872e-02,2.081568e-03
climatology,val,702,2025-07-15T18:00:00,2025-07-16T00:00:00,swvl1,351848,3.120757e-02,5.211937e-02,1.667188e-03
climatology,val,702,2025-07-15T18:00:00,2025-07-16T00:00:00,stl1,351848,2.582212e+00,3.423272e+00,-7.758524e-01
climatology,val,702,2025-07-15T18:00:00,2025-07-16T00:00:00,sd,351848,2.266072e-03,1.283662e-02,2.128114e-03
climatology,val,703,2025-07-15T19:00:00,2025-07-16T01:00:00,swvl1,351848,3.119622e-02,5.208833e-02,1.683060e-03
climatology,val,703,2025-07-15T19:00:00,2025-07-16T01:00:00,stl1,351848,2.555236e+00,3.382490e+00,-7.560983e-01
climatology,val,703,2025-07-15T19:00:00,2025-07-16T01:00:00,sd,351848,2.259539e-03,1.281446e-02,2.121768e-03
climatology,val,704,2025-07-15T20:00:00,2025-07-16T02:00:00,swvl1,351848,3.117465e-02,5.205080e-02,1.707728e-03
climatology,val,704,2025-07-15T20:00:00,2025-07-16T02:00:00,stl1,351848,2.530620e+00,3.359291e+00,-7.321282e-01
climatology,val,704,2025-07-15T20:00:00,2025-07-16T02:00:00,sd,351848,2.253391e-03,1.279313e-02,2.115944e-03
climatology,val,705,2025-07-15T21:00:00,2025-07-16T03:00:00,swvl1,351848,3.115323e-02,5.200290e-02,1.720500e-03
climatology,val,705,2025-07-15T21:00:00,2025-07-16T03:00:00,stl1,351848,2.518858e+00,3.346742e+00,-7.336844e-01
climatology,val,705,2025-07-15T21:00:00,2025-07-16T03:00:00,sd,351848,2.246328e-03,1.276757e-02,2.109305e-03
climatology,val,706,2025-07-15T22:00:00,2025-07-16T04:00:00,swvl1,351848,3.114028e-02,5.196560e-02,1.724407e-03
climatology,val,706,2025-07-15T22:00:00,2025-07-16T04:00:00,stl1,351848,2.538146e+00,3.368135e+00,-7.130989e-01
climatology,val,706,2025-07-15T22:00:00,2025-07-16T04:00:00,sd,351848,2.238694e-03,1.273951e-02,2.102187e-03
climatology,val,707,2025-07-15T23:00:00,2025-07-16T05:00:00,swvl1,351848,3.112225e-02,5.190828e-02,1.717716e-03
climatology,val,707,2025-07-15T23:00:00,2025-07-16T05:00:00,stl1,351848,2.596935e+00,3.429358e+00,-7.139305e-01
climatology,val,707,2025-07-15T23:00:00,2025-07-16T05:00:00,sd,351848,2.230250e-03,1.270816e-02,2.094329e-03
climatology,test,0,2024-07-16T00:00:00,2024-07-16T06:00:00,swvl1,351848,3.376992e-02,5.561257e-02,6.934694e-03
climatology,test,0,2024-07-16T00:00:00,2024-07-16T06:00:00,stl1,351848,3.218919e+00,4.262538e+00,-8.062484e-01
climatology,test,0,2024-07-16T00:00:00,2024-07-16T06:00:00,sd,351848,2.335897e-03,1.330206e-02,1.949565e-03
climatology,test,1,2024-07-16T01:00:00,2024-07-16T07:00:00,swvl1,351848,3.376957e-02,5.557470e-02,7.017522e-03
climatology,test,1,2024-07-16T01:00:00,2024-07-16T07:00:00,stl1,351848,3.231849e+00,4.288183e+00,-7.663776e-01
climatology,test,1,2024-07-16T01:00:00,2024-07-16T07:00:00,sd,351848,2.325410e-03,1.326167e-02,1.940019e-03
climatology,test,2,2024-07-16T02:00:00,2024-07-16T08:00:00,swvl1,351848,3.375611e-02,5.550902e-02,7.087199e-03
climatology,test,2,2024-07-16T02:00:00,2024-07-16T08:00:00,stl1,351848,3.236977e+00,4.294836e+00,-8.447376e-01
climatology,test,2,2024-07-16T02:00:00,2024-07-16T08:00:00,sd,351848,2.315367e-03,1.322135e-02,1.930856e-03
climatology,test,3,2024-07-16T03:00:00,2024-07-16T09:00:00,swvl1,351848,3.373698e-02,5.543729e-02,7.121964e-03
climatology,test,3,2024-07-16T03:00:00,2024-07-16T09:00:00,stl1,351848,3.254717e+00,4.316037e+00,-8.466402e-01
climatology,test,3,2024-07-16T03:00:00,2024-07-16T09:00:00,sd,351848,2.306045e-03,1.318170e-02,1.922365e-03
climatology,test,4,2024-07-16T04:00:00,2024-07-16T10:00:00,swvl1,351848,3.367467e-02,5.526054e-02,7.115407e-03
climatology,test,4,2024-07-16T04:00:00,2024-07-16T10:00:00,stl1,351848,3.261726e+00,4.298398e+00,-8.574782e-01
climatology,test,4,2024-07-16T04:00:00,2024-07-16T10:00:00,sd,351848,2.303298e-03,1.316980e-02,1.916412e-03
climatology,test,5,2024-07-16T05:00:00,2024-07-16T11:00:00,swvl1,351848,3.371543e-02,5.529824e-02,7.139804e-03
climatology,test,5,2024-07-16T05:00:00,2024-07-16T11:00:00,stl1,351848,3.262436e+00,4.284309e+00,-8.563666e-01
climatology,test,5,2024-07-16T05:00:00,2024-07-16T11:00:00,sd,351848,2.297030e-03,1.313822e-02,1.910518e-03
climatology,test,6,2024-07-16T06:00:00,2024-07-16T12:00:00,swvl1,351848,3.392143e-02,5.562454e-02,7.282804e-03
climatology,test,6,2024-07-16T06:00:00,2024-07-16T12:00:00,stl1,351848,3.278667e+00,4.303682e+00,-9.162305e-01
climatology,test,6,2024-07-16T06:00:00,2024-07-16T12:00:00,sd,351848,2.414128e-03,1.353922e-02,2.024461e-03
climatology,test,7,2024-07-16T07:00:00,2024-07-16T13:00:00,swvl1,351848,3.398258e-02,5.573706e-02,7.310503e-03
climatology,test,7,2024-07-16T07:00:00,2024-07-16T13:00:00,stl1,351848,3.262504e+00,4.277768e+00,-9.186611e-01
climatology,test,7,2024-07-16T07:00:00,2024-07-16T13:00:00,sd,351848,2.409047e-03,1.351138e-02,2.020031e-03
climatology,test,8,2024-07-16T08:00:00,2024-07-16T14:00:00,swvl1,351848,3.406523e-02,5.586321e-02,7.336310e-03
climatology,test,8,2024-07-16T08:00:00,2024-07-16T14:00:00,stl1,351848,3.208212e+00,4.191875e+00,-9.533451e-01
climatology,test,8,2024-07-16T08:00:00,2024-07-16T14:00:00,sd,351848,2.403678e-03,1.348224e-02,2.015410e-03
climatology,test,9,2024-07-16T09:00:00,2024-07-16T15:00:00,swvl1,351848,3.412046e-02,5.594347e-02,7.380485e-03
climatology,test,9,2024-07-16T09:00:00,2024-07-16T15:00:00,stl1,351848,3.190344e+00,4.186520e+00,-1.010807e+00
climatology,test,9,2024-07-16T09:00:00,2024-07-16T15:00:00,sd,351848,2.397435e-03,1.344960e-02,2.010377e-03
climatology,test,10,2024-07-16T10:00:00,2024-07-16T16:00:00,swvl1,351848,3.417045e-02,5.602235e-02,7.424388e-03
climatology,test,10,2024-07-16T10:00:00,2024-07-16T16:00:00,stl1,351848,3.202847e+00,4.206721e+00,-1.026652e+00
climatology,test,10,2024-07-16T10:00:00,2024-07-16T16:00:00,sd,351848,2.390359e-03,1.341472e-02,2.004687e-03
climatology,test,11,2024-07-16T11:00:00,2024-07-16T17:00:00,swvl1,351848,3.420944e-02,5.608708e-02,7.474572e-03
climatology,test,11,2024-07-16T11:00:00,2024-07-16T17:00:00,stl1,351848,3.137628e+00,4.141255e+00,-1.039568e+00
climatology,test,11,2024-07-16T11:00:00,2024-07-16T17:00:00,sd,351848,2.382355e-03,1.337701e-02,1.998282e-03
climatology,test,12,2024-07-16T12:00:00,2024-07-16T18:00:00,swvl1,351848,3.424658e-02,5.614362e-02,7.536108e-03
climatology,test,12,2024-07-16T12:00:00,2024-07-16T18:00:00,stl1,351848,3.125301e+00,4.147959e+00,-1.081315e+00
climatology,test,12,2024-07-16T12:00:00,2024-07-16T18:00:00,sd,351848,2.374079e-03,1.333814e-02,1.991706e-03
climatology,test,13,2024-07-16T13:00:00,2024-07-16T19:00:00,swvl1,351848,3.430467e-02,5.621605e-02,7.593436e-03
climatology,test,13,2024-07-16T13:00:00,2024-07-16T19:00:00,stl1,351848,3.115300e+00,4.165274e+00,-1.103522e+00
climatology,test,13,2024-07-16T13:00:00,2024-07-16T19:00:00,sd,351848,2.365320e-03,1.329881e-02,1.984607e-03
climatology,test,14,2024-07-16T14:00:00,2024-07-16T20:00:00,swvl1,351848,3.437721e-02,5.631363e-02,7.623589e-03
climatology,test,14,2024-07-16T14:00:00,2024-07-16T20:00:00,stl1,351848,3.079161e+00,4.125063e+00,-1.142759e+00
climatology,test,14,2024-07-16T14:00:00,2024-07-16T20:00:00,sd,351848,2.356407e-03,1.325965e-02,1.977033e-03
climatology,test,15,2024-07-16T15:00:00,2024-07-16T21:00:00,swvl1,351848,3.443089e-02,5.638099e-02,7.630529e-03
climatology,test,15,2024-07-16T15:00:00,2024-07-16T21:00:00,stl1,351848,3.060681e+00,4.110370e+00,-1.159767e+00
climatology,test,15,2024-07-16T15:00:00,2024-07-16T21:00:00,sd,351848,2.347793e-03,1.322313e-02,1.969350e-03
climatology,test,16,2024-07-16T16:00:00,2024-07-16T22:00:00,swvl1,351848,3.416006e-02,5.588770e-02,7.706057e-03
climatology,test,16,2024-07-16T16:00:00,2024-07-16T22:00:00,stl1,351848,2.979161e+00,4.011730e+00,-1.088711e+00
climatology,test,16,2024-07-16T16:00:00,2024-07-16T22:00:00,sd,351848,2.341345e-03,1.320055e-02,1.963910e-03
climatology,test,17,2024-07-16T17:00:00,2024-07-16T23:00:00,swvl1,351848,3.415144e-02,5.588124e-02,7.734286e-03
climatology,test,17,2024-07-16T17:00:00,2024-07-16T23:00:00,stl1,351848,2.984728e+00,4.011415e+00,-1.087695e+00
climatology,test,17,2024-07-16T17:00:00,2024-07-16T23:00:00,sd,351848,2.334380e-03,1.317340e-02,1.957899e-03
climatology,test,18,2024-07-16T18:00:00,2024-07-17T00:00:00,swvl1,351848,3.438619e-02,5.630719e-02,7.790372e-03
climatology,test,18,2024-07-16T18:00:00,2024-07-17T00:00:00,stl1,351848,3.041076e+00,4.068368e+00,-1.082505e+00
climatology,test,18,2024-07-16T18:00:00,2024-07-17T00:00:00,sd,351848,2.383448e-03,1.347133e-02,2.001978e-03
climatology,test,19,2024-07-16T19:00:00,2024-07-17T01:00:00,swvl1,351848,3.435981e-02,5.627782e-02,7.812401e-03
climatology,test,19,2024-07-16T19:00:00,2024-07-17T01:00:00,stl1,351848,3.045757e+00,4.054897e+00,-1.031308e+00
climatology,test,19,2024-07-16T19:00:00,2024-07-17T01:00:00,sd,351848,2.376298e-03,1.344712e-02,1.995770e-03
climatology,test,20,2024-07-16T20:00:00,2024-07-17T02:00:00,swvl1,351848,3.434186e-02,5.627915e-02,7.827583e-03
climatology,test,20,2024-07-16T20:00:00,2024-07-17T02:00:00,stl1,351848,3.059908e+00,4.086286e+00,-1.001927e+00
climatology,test,20,2024-07-16T20:00:00,2024-07-17T02:00:00,sd,351848,2.369649e-03,1.342396e-02,1.990071e-03
climatology,test,21,2024-07-16T21:00:00,2024-07-17T03:00:00,swvl1,351848,3.431558e-02,5.626708e-02,7.839441e-03
climatology,test,21,2024-07-16T21:00:00,2024-07-17T03:00:00,stl1,351848,3.056038e+00,4.067648e+00,-9.736099e-01
climatology,test,21,2024-07-16T21:00:00,2024-07-17T03:00:00,sd,351848,2.362134e-03,1.339709e-02,1.983452e-03
climatology,test,22,2024-07-16T22:00:00,2024-07-17T04:00:00,swvl1,351848,3.427844e-02,5.624379e-02,7.849756e-03
climatology,test,22,2024-07-16T22:00:00,2024-07-17T04:00:00,stl1,351848,3.053404e+00,4.042779e+00,-9.196002e-01
climatology,test,22,2024-07-16T22:00:00,2024-07-17T04:00:00,sd,351848,2.354065e-03,1.336802e-02,1.976280e-03
climatology,test,23,2024-07-16T23:00:00,2024-07-17T05:00:00,swvl1,351848,3.424644e-02,5.622446e-02,7.856598e-03
climatology,test,23,2024-07-16T23:00:00,2024-07-17T05:00:00,stl1,351848,3.116757e+00,4.106287e+00,-9.065443e-01
climatology,test,23,2024-07-16T23:00:00,2024-07-17T05:00:00,sd,351848,2.345142e-03,1.333578e-02,1.968239e-03
climatology,test,24,2024-07-17T00:00:00,2024-07-17T06:00:00,swvl1,351848,3.419978e-02,5.619424e-02,7.889587e-03
climatology,test,24,2024-07-17T00:00:00,2024-07-17T06:00:00,stl1,351848,3.124248e+00,4.114828e+00,-8.565731e-01
climatology,test,24,2024-07-17T00:00:00,2024-07-17T06:00:00,sd,351848,2.335107e-03,1.329865e-02,1.959057e-03
climatology,test,25,2024-07-17T01:00:00,2024-07-17T07:00:00,swvl1,351848,3.416266e-02,5.618863e-02,7.923984e-03
climatology,test,25,2024-07-17T01:00:00,2024-07-17T07:00:00,stl1,351848,3.116016e+00,4.106428e+00,-8.265838e-01
climatology,test,25,2024-07-17T01:00:00,2024-07-17T07:00:00,sd,351848,2.324718e-03,1.325852e-02,1.949431e-03
climatology,test,26,2024-07-17T02:00:00,2024-07-17T08:00:00,swvl1,351848,3.412690e-02,5.617091e-02,7.968049e-03
climatology,test,26,2024-07-17T02:00:00,2024-07-17T08:00:00,stl1,351848,3.121183e+00,4.122644e+00,-8.756192e-01
climatology,test,26,2024-07-17T02:00:00,2024-07-17T08:00:00,sd,351848,2.314758e-03,1.321851e-02,1.940169e-03
climatology,test,27,2024-07-17T03:00:00,2024-07-17T09:00:00,swvl1,351848,3.409004e-02,5.616220e-02,7.994538e-03
climatology,test,27,2024-07-17T03:00:00,2024-07-17T09:00:00,stl1,351848,3.154019e+00,4.173572e+00,-8.790959e-01
climatology,test,27,2024-07-17T03:00:00,2024-07-17T09:00:00,sd,351848,2.305534e-03,1.317924e-02,1.931600e-03
climatology,test,28,2024-07-17T04:00:00,2024-07-17T10:00:00,swvl1,351848,3.393668e-02,5.572996e-02,7.952170e-03
climatology,test,28,2024-07-17T04:00:00,2024-07-17T10:00:00,stl1,351848,3.148674e+00,4.159232e+00,-9.053371e-01
climatology,test,28,2024-07-17T04:00:00,2024-07-17T10:00:00,sd,351848,2.301860e-03,1.316657e-02,1.922857e-03
climatology,test,29,2024-07-17T05:00:00,2024-07-17T11:00:00,swvl1,351848,3.388643e-02,5.568467e-02,7.963628e-03
climatology,test,29,2024-07-17T05:00:00,2024-07-17T11:00:00,stl1,351848,3.152552e+00,4.143046e+00,-8.908377e-01
climatology,test,29,2024-07-17T05:00:00,2024-07-17T11:00:00,sd,351848,2.296515e-03,1.313770e-02,1.915226e-03
climatology,test,30,2024-07-17T06:00:00,2024-07-17T12:00:00,swvl1,351848,3.399708e-02,5.591460e-02,8.064957e-03
climatology,test,30,2024-07-17T06:00:00,2024-07-17T12:00:00,stl1,351848,3.187131e+00,4.187937e+00,-9.388174e-01
climatology,test,30,2024-07-17T06:00:00,2024-07-17T12:00:00,sd,351848,2.414459e-03,1.354144e-02,2.027860e-03
climatology,test,31,2024-07-17T07:00:00,2024-07-17T13:00:00,swvl1,351848,3.399978e-02,5.597781e-02,8.026383e-03
climatology,test,31,2024-07-17T07:00:00,2024-07-17T13:00:00,stl1,351848,3.181510e+00,4.179479e+00,-9.534327e-01
climatology,test,31,2024-07-17T07:00:00,2024-07-17T13:00:00,sd,351848,2.410161e-03,1.351634e-02,2.022336e-03
climatology,test,32,2024-07-17T08:00:00,2024-07-17T14:00:00,swvl1,351848,3.400971e-02,5.605341e-02,8.001442e-03
climatology,test,32,2024-07-17T08:00:00,2024-07-17T14:00:00,stl1,351848,3.184187e+00,4.190739e+00,-1.012467e+00
climatology,test,32,2024-07-17T08:00:00,2024-07-17T14:00:00,sd,351848,2.405571e-03,1.349082e-02,2.016636e-03
climatology,test,33,2024-07-17T09:00:00,2024-07-17T15:00:00,swvl1,351848,3.401841e-02,5.613290e-02,7.991344e-03
climatology,test,33,2024-07-17T09:00:00,2024-07-17T15:00:00,stl1,351848,3.169260e+00,4.181064e+00,-1.074101e+00
climatology,test,33,2024-07-17T09:00:00,2024-07-17T15:00:00,sd,351848,2.399969e-03,1.346223e-02,2.010634e-03
climatology,test,34,2024-07-17T10:00:00,2024-07-17T16:00:00,swvl1,351848,3.403882e-02,5.623240e-02,7.986450e-03
climatology,test,34,2024-07-17T10:00:00,2024-07-17T16:00:00,stl1,351848,3.174960e+00,4.207850e+00,-1.103603e+00
climatology,test,34,2024-07-17T10:00:00,2024-07-17T16:00:00,sd,351848,2.393793e-03,1.343291e-02,2.003621e-03
climatology,test,35,2024-07-17T11:00:00,2024-07-17T17:00:00,swvl1,351848,3.405123e-02,5.629701e-02,7.994938e-03
climatology,test,35,2024-07-17T11:00:00,2024-07-17T17:00:00,stl1,351848,3.145284e+00,4.181178e+00,-1.148172e+00
climatology,test,35,2024-07-17T11:00:00,2024-07-17T17:00:00,sd,351848,2.386700e-03,1.340092e-02,1.995844e-03
climatology,test,36,2024-07-17T12:00:00,2024-07-17T18:00:00,swvl1,351848,3.404611e-02,5.630090e-02,8.025818e-03
climatology,test,36,2024-07-17T12:00:00,2024-07-17T18:00:00,stl1,351848,3.133493e+00,4.200874e+00,-1.171638e+00
climatology,test,36,2024-07-17T12:00:00,2024-07-17T18:00:00,sd,351848,2.379326e-03,1.336804e-02,1.987812e-03
climatology,test,37,2024-07-17T13:00:00,2024-07-17T19:00:00,swvl1,351848,3.403676e-02,5.627826e-02,8.050931e-03
climatology,test,37,2024-07-17T13:00:00,2024-07-17T19:00:00,stl1,351848,3.137994e+00,4.229321e+00,-1.206474e+00
climatology,test,37,2024-07-17T13:00:00,2024-07-17T19:00:00,sd,351848,2.371442e-03,1.333424e-02,1.979392e-03
climatology,test,38,2024-07-17T14:00:00,2024-07-17T20:00:00,swvl1,351848,3.403716e-02,5.628311e-02,8.048058e-03
climatology,test,38,2024-07-17T14:00:00,2024-07-17T20:00:00,stl1,351848,3.099757e+00,4.197886e+00,-1.213742e+00
climatology,test,38,2024-07-17T14:00:00,2024-07-17T20:00:00,sd,351848,2.363196e-03,1.329923e-02,1.970796e-03
climatology,test,39,2024-07-17T15:00:00,2024-07-17T21:00:00,swvl1,351848,3.403274e-02,5.627193e-02,8.013918e-03
climatology,test,39,2024-07-17T15:00:00,2024-07-17T21:00:00,stl1,351848,3.080259e+00,4.197602e+00,-1.237257e+00
climatology,test,39,2024-07-17T15:00:00,2024-07-17T21:00:00,sd,351848,2.355034e-03,1.326563e-02,1.962399e-03
climatology,test,40,2024-07-17T16:00:00,2024-07-17T22:00:00,swvl1,351848,3.387485e-02,5.581921e-02,8.031392e-03
climatology,test,40,2024-07-17T16:00:00,2024-07-17T22:00:00,stl1,351848,2.979902e+00,4.097347e+00,-1.171682e+00
climatology,test,40,2024-07-17T16:00:00,2024-07-17T22:00:00,sd,351848,2.349218e-03,1.324747e-02,1.956535e-03
climatology,test,41,2024-07-17T17:00:00,2024-07-17T23:00:00,swvl1,351848,3.384891e-02,5.575546e-02,8.006700e-03
climatology,test,41,2024-07-17T17:00:00,2024-07-17T23:00:00,stl1,351848,2.956603e+00,4.071034e+00,-1.161622e+00
climatology,test,41,2024-07-17T17:00:00,2024-07-17T23:00:00,sd,351848,2.342731e-03,1.322338e-02,1.949824e-03
climatology,test,42,2024-07-17T18:00:00,2024-07-18T00:00:00,swvl1,351848,3.406456e-02,5.614707e-02,8.007936e-03
climatology,test,42,2024-07-17T18:00:00,2024-07-18T00:00:00,stl1,351848,3.010982e+00,4.129205e+00,-1.157115e+00
climatology,test,42,2024-07-17T18:00:00,2024-07-18T00:00:00,sd,351848,2.393993e-03,1.353182e-02,1.995048e-03
climatology,test,43,2024-07-17T19:00:00,2024-07-18T01:00:00,swvl1,351848,3.403089e-02,5.609818e-02,7.979352e-03
climatology,test,43,2024-07-17T19:00:00,2024-07-18T01:00:00,stl1,351848,2.986201e+00,4.080792e+00,-1.117447e+00
climatology,test,43,2024-07-17T19:00:00,2024-07-18T01:00:00,sd,351848,2.387275e-03,1.351067e-02,1.988199e-03
climatology,test,44,2024-07-17T20:00:00,2024-07-18T02:00:00,swvl1,351848,3.399762e-02,5.604799e-02,7.952454e-03
climatology,test,44,2024-07-17T20:00:00,2024-07-18T02:00:00,stl1,351848,2.985078e+00,4.075007e+00,-1.080853e+00
climatology,test,44,2024-07-17T20:00:00,2024-07-18T02:00:00,sd,351848,2.381045e-03,1.349071e-02,1.981808e-03
climatology,test,45,2024-07-17T21:00:00,2024-07-18T03:00:00,swvl1,351848,3.396314e-02,5.600174e-02,7.936229e-03
climatology,test,45,2024-07-17T21:00:00,2024-07-18T03:00:00,stl1,351848,2.960956e+00,4.036023e+00,-1.044778e+00
climatology,test,45,2024-07-17T21:00:00,2024-07-18T03:00:00,sd,351848,2.373992e-03,1.346723e-02,1.974509e-03
climatology,test,46,2024-07-17T22:00:00,2024-07-18T04:00:00,swvl1,351848,3.392824e-02,5.596359e-02,7.928123e-03
climatology,test,46,2024-07-17T22:00:00,2024-07-18T04:00:00,stl1,351848,2.962528e+00,3.998860e+00,-9.742696e-01
climatology,test,46,2024-07-17T22:00:00,2024-07-18T04:00:00,sd,351848,2.366410e-03,1.344128e-02,1.966672e-03
climatology,test,47,2024-07-17T23:00:00,2024-07-18T05:00:00,swvl1,351848,3.388821e-02,5.591529e-02,7.937439e-03
climatology,test,47,2024-07-17T23:00:00,2024-07-18T05:00:00,stl1,351848,3.009271e+00,4.009847e+00,-9.479829e-01
climatology,test,47,2024-07-17T23:00:00,2024-07-18T05:00:00,sd,351848,2.357987e-03,1.341213e-02,1.958004e-03
climatology,test,48,2024-07-18T00:00:00,2024-07-18T06:00:00,swvl1,351848,3.384547e-02,5.587177e-02,7.957466e-03
climatology,test,48,2024-07-18T00:00:00,2024-07-18T06:00:00,stl1,351848,3.026024e+00,4.016136e+00,-8.999097e-01
climatology,test,48,2024-07-18T00:00:00,2024-07-18T06:00:00,sd,351848,2.348443e-03,1.337800e-02,1.948333e-03
climatology,test,49,2024-07-18T01:00:00,2024-07-18T07:00:00,swvl1,351848,3.379759e-02,5.581430e-02,7.969550e-03
climatology,test,49,2024-07-18T01:00:00,2024-07-18T07:00:00,stl1,351848,3.019535e+00,3.998193e+00,-8.559961e-01
climatology,test,49,2024-07-18T01:00:00,2024-07-18T07:00:00,sd,351848,2.338568e-03,1.334090e-02,1.938325e-03
climatology,test,50,2024-07-18T02:00:00,2024-07-18T08:00:00,swvl1,351848,3.373476e-02,5.573577e-02,7.957972e-03
climatology,test,50,2024-07-18T02:00:00,2024-07-18T08:00:00,stl1,351848,3.031700e+00,4.019286e+00,-9.068631e-01
climatology,test,50,2024-07-18T02:00:00,2024-07-18T08:00:00,sd,351848,2.329047e-03,1.330342e-02,1.928757e-03
climatology,test,51,2024-07-18T03:00:00,2024-07-18T09:00:00,swvl1,351848,3.369071e-02,5.567722e-02,7.928919e-03
climatology,test,51,2024-07-18T03:00:00,2024-07-18T09:00:00,stl1,351848,3.064381e+00,4.058916e+00,-9.087925e-01
climatology,test,51,2024-07-18T03:00:00,2024-07-18T09:00:00,sd,351848,2.320209e-03,1.326642e-02,1.919904e-03
climatology,test,52,2024-07-18T04:00:00,2024-07-18T10:00:00,swvl1,351848,3.354284e-02,5.535414e-02,7.848086e-03
climatology,test,52,2024-07-18T04:00:00,2024-07-18T10:00:00,stl1,351848,3.065086e+00,4.047962e+00,-9.207286e-01
climatology,test,52,2024-07-18T04:00:00,2024-07-18T10:00:00,sd,351848,2.314786e-03,1.324989e-02,1.913287e-03
climatology,test,53,2024-07-18T05:00:00,2024-07-18T11:00:00,swvl1,351848,3.350567e-02,5.528540e-02,7.796573e-03
climatology,test,53,2024-07-18T05:00:00,2024-07-18T11:00:00,stl1,351848,3.078083e+00,4.040563e+00,-9.071400e-01
climatology,test,53,2024-07-18T05:00:00,2024-07-18T11:00:00,sd,351848,2.308109e-03,1.321921e-02,1.907583e-03
climatology,test,54,2024-07-18T06:00:00,2024-07-18T12:00:00,swvl1,351848,3.359734e-02,5.543425e-02,7.882635e-03
climatology,test,54,2024-07-18T06:00:00,2024-07-18T12:00:00,stl1,351848,3.117322e+00,4.084250e+00,-9.504870e-01
climatology,test,54,2024-07-18T06:00:00,2024-07-18T12:00:00,sd,351848,2.424984e-03,1.361934e-02,2.021544e-03
climatology,test,55,2024-07-18T07:00:00,2024-07-18T13:00:00,swvl1,351848,3.355993e-02,5.537759e-02,7.876168e-03
climatology,test,55,2024-07-18T07:00:00,2024-07-18T13:00:00,stl1,351848,3.090559e+00,4.050959e+00,-9.630970e-01
climatology,test,55,2024-07-18T07:00:00,2024-07-18T13:00:00,sd,351848,2.419984e-03,1.359278e-02,2.017099e-03
climatology,test,56,2024-07-18T08:00:00,2024-07-18T14:00:00,swvl1,351848,3.352927e-02,5.532396e-02,7.901801e-03
climatology,test,56,2024-07-18T08:00:00,2024-07-18T14:00:00,stl1,351848,3.083021e+00,4.058039e+00,-1.051956e+00
climatology,test,56,2024-07-18T08:00:00,2024-07-18T14:00:00,sd,351848,2.414820e-03,1.356519e-02,2.012333e-03
climatology,test,57,2024-07-18T09:00:00,2024-07-18T15:00:00,swvl1,351848,3.351361e-02,5.530619e-02,7.938635e-03
climatology,test,57,2024-07-18T09:00:00,2024-07-18T15:00:00,stl1,351848,3.068644e+00,4.052827e+00,-1.098145e+00
climatology,test,57,2024-07-18T09:00:00,2024-07-18T15:00:00,sd,351848,2.408918e-03,1.353448e-02,2.006728e-03
climatology,test,58,2024-07-18T10:00:00,2024-07-18T16:00:00,swvl1,351848,3.351919e-02,5.534343e-02,7.966031e-03
climatology,test,58,2024-07-18T10:00:00,2024-07-18T16:00:00,stl1,351848,3.065237e+00,4.069931e+00,-1.154217e+00
climatology,test,58,2024-07-18T10:00:00,2024-07-18T16:00:00,sd,351848,2.402192e-03,1.350167e-02,2.000297e-03
climatology,test,59,2024-07-18T11:00:00,2024-07-18T17:00:00,swvl1,351848,3.352998e-02,5.538196e-02,8.017184e-03
climatology,test,59,2024-07-18T11:00:00,2024-07-18T17:00:00,stl1,351848,3.063640e+00,4.098759e+00,-1.211027e+00
climatology,test,59,2024-07-18T11:00:00,2024-07-18T17:00:00,sd,351848,2.394566e-03,1.346608e-02,1.992975e-03
climatology,test,60,2024-07-18T12:00:00,2024-07-18T18:00:00,swvl1,351848,3.354299e-02,5.542639e-02,8.074480e-03
climatology,test,60,2024-07-18T12:00:00,2024-07-18T18:00:00,stl1,351848,3.079767e+00,4.146393e+00,-1.250481e+00
climatology,test,60,2024-07-18T12:00:00,2024-07-18T18:00:00,sd,351848,2.386782e-03,1.342978e-02,1.985424e-03
climatology,test,61,2024-07-18T13:00:00,2024-07-18T19:00:00,swvl1,351848,3.358381e-02,5.550650e-02,8.130846e-03
climatology,test,61,2024-07-18T13:00:00,2024-07-18T19:00:00,stl1,351848,3.077137e+00,4.173551e+00,-1.288944e+00
climatology,test,61,2024-07-18T13:00:00,2024-07-18T19:00:00,sd,351848,2.378609e-03,1.339350e-02,1.977413e-03
climatology,test,62,2024-07-18T14:00:00,2024-07-18T20:00:00,swvl1,351848,3.361602e-02,5.557663e-02,8.190342e-03
climatology,test,62,2024-07-18T14:00:00,2024-07-18T20:00:00,stl1,351848,3.056433e+00,4.164313e+00,-1.302574e+00
climatology,test,62,2024-07-18T14:00:00,2024-07-18T20:00:00,sd,351848,2.370199e-03,1.335691e-02,1.969173e-03
climatology,test,63,2024-07-18T15:00:00,2024-07-18T21:00:00,swvl1,351848,3.363586e-02,5.561253e-02,8.236125e-03
climatology,test,63,2024-07-18T15:00:00,2024-07-18T21:00:00,stl1,351848,3.073439e+00,4.194826e+00,-1.315755e+00
climatology,test,63,2024-07-18T15:00:00,2024-07-18T21:00:00,sd,351848,2.361892e-03,1.332195e-02,1.961104e-03
climatology,test,64,2024-07-18T16:00:00,2024-07-18T22:00:00,swvl1,351848,3.346453e-02,5.523580e-02,8.352056e-03
climatology,test,64,2024-07-18T16:00:00,2024-07-18T22:00:00,stl1,351848,2.969013e+00,4.081448e+00,-1.209078e+00
climatology,test,64,2024-07-18T16:00:00,2024-07-18T22:00:00,sd,351848,2.355493e-03,1.329964e-02,1.955303e-03
climatology,test,65,2024-07-18T17:00:00,2024-07-18T23:00:00,swvl1,351848,3.345014e-02,5.522023e-02,8.378662e-03
climatology,test,65,2024-07-18T17:00:00,2024-07-18T23:00:00,stl1,351848,2.945977e+00,4.058775e+00,-1.217642e+00
climatology,test,65,2024-07-18T17:00:00,2024-07-18T23:00:00,sd,351848,2.348769e-03,1.327377e-02,1.949012e-03
climatology,test,66,2024-07-18T18:00:00,2024-07-19T00:00:00,swvl1,351848,3.366877e-02,5.563769e-02,8.400634e-03
climatology,test,66,2024-07-18T18:00:00,2024-07-19T00:00:00,stl1,351848,2.969815e+00,4.091819e+00,-1.218479e+00
climatology,test,66,2024-07-18T18:00:00,2024-07-19T00:00:00,sd,351848,2.399180e-03,1.357564e-02,1.993990e-03
climatology,test,67,2024-07-18T19:00:00,2024-07-19T01:00:00,swvl1,351848,3.365158e-02,5.561598e-02,8.398913e-03
climatology,test,67,2024-07-18T19:00:00,2024-07-19T01:00:00,stl1,351848,2.933437e+00,4.033352e+00,-1.187754e+00
climatology,test,67,2024-07-18T19:00:00,2024-07-19T01:00:00,sd,351848,2.392195e-03,1.355241e-02,1.987468e-03
climatology,test,68,2024-07-18T20:00:00,2024-07-19T02:00:00,swvl1,351848,3.363576e-02,5.559554e-02,8.402562e-03
climatology,test,68,2024-07-18T20:00:00,2024-07-19T02:00:00,stl1,351848,2.878917e+00,3.954904e+00,-1.126509e+00
climatology,test,68,2024-07-18T20:00:00,2024-07-19T02:00:00,sd,351848,2.385694e-03,1.353009e-02,1.981421e-03
climatology,test,69,2024-07-18T21:00:00,2024-07-19T03:00:00,swvl1,351848,3.363119e-02,5.557861e-02,8.406669e-03
climatology,test,69,2024-07-18T21:00:00,2024-07-19T03:00:00,stl1,351848,2.831626e+00,3.879992e+00,-1.095300e+00
climatology,test,69,2024-07-18T21:00:00,2024-07-19T03:00:00,sd,351848,2.378297e-03,1.350398e-02,1.974466e-03
climatology,test,70,2024-07-18T22:00:00,2024-07-19T04:00:00,swvl1,351848,3.363034e-02,5.557733e-02,8.409698e-03
climatology,test,70,2024-07-18T22:00:00,2024-07-19T04:00:00,stl1,351848,2.831578e+00,3.830280e+00,-1.027687e+00
climatology,test,70,2024-07-18T22:00:00,2024-07-19T04:00:00,sd,351848,2.370312e-03,1.347544e-02,1.966956e-03
climatology,test,71,2024-07-18T23:00:00,2024-07-19T05:00:00,swvl1,351848,3.362148e-02,5.557087e-02,8.411115e-03
climatology,test,71,2024-07-18T23:00:00,2024-07-19T05:00:00,stl1,351848,2.860600e+00,3.847786e+00,-1.000944e+00
climatology,test,71,2024-07-18T23:00:00,2024-07-19T05:00:00,sd,351848,2.361493e-03,1.344383e-02,1.958625e-03
climatology,test,72,2024-07-19T00:00:00,2024-07-19T06:00:00,swvl1,351848,3.360534e-02,5.554905e-02,8.406720e-03
climatology,test,72,2024-07-19T00:00:00,2024-07-19T06:00:00,stl1,351848,2.863602e+00,3.831853e+00,-9.284721e-01
climatology,test,72,2024-07-19T00:00:00,2024-07-19T06:00:00,sd,351848,2.351615e-03,1.340763e-02,1.949163e-03
climatology,test,73,2024-07-19T01:00:00,2024-07-19T07:00:00,swvl1,351848,3.356945e-02,5.549167e-02,8.387653e-03
climatology,test,73,2024-07-19T01:00:00,2024-07-19T07:00:00,stl1,351848,2.852104e+00,3.816881e+00,-8.852228e-01
climatology,test,73,2024-07-19T01:00:00,2024-07-19T07:00:00,sd,351848,2.341352e-03,1.336834e-02,1.939318e-03
climatology,test,74,2024-07-19T02:00:00,2024-07-19T08:00:00,swvl1,351848,3.353909e-02,5.544124e-02,8.347339e-03
climatology,test,74,2024-07-19T02:00:00,2024-07-19T08:00:00,stl1,351848,2.890133e+00,3.869296e+00,-9.081318e-01
climatology,test,74,2024-07-19T02:00:00,2024-07-19T08:00:00,sd,351848,2.331477e-03,1.332897e-02,1.929953e-03
climatology,test,75,2024-07-19T03:00:00,2024-07-19T09:00:00,swvl1,351848,3.351077e-02,5.538958e-02,8.300728e-03
climatology,test,75,2024-07-19T03:00:00,2024-07-19T09:00:00,stl1,351848,2.904583e+00,3.879245e+00,-8.966973e-01
climatology,test,75,2024-07-19T03:00:00,2024-07-19T09:00:00,sd,351848,2.322322e-03,1.329018e-02,1.921351e-03
climatology,test,76,2024-07-19T04:00:00,2024-07-19T10:00:00,swvl1,351848,3.325358e-02,5.486552e-02,8.258012e-03
climatology,test,76,2024-07-19T04:00:00,2024-07-19T10:00:00,stl1,351848,2.958360e+00,3.912921e+00,-8.839353e-01
climatology,test,76,2024-07-19T04:00:00,2024-07-19T10:00:00,sd,351848,2.317547e-03,1.327527e-02,1.912696e-03
climatology,test,77,2024-07-19T05:00:00,2024-07-19T11:00:00,swvl1,351848,3.320395e-02,5.478913e-02,8.254313e-03
climatology,test,77,2024-07-19T05:00:00,2024-07-19T11:00:00,stl1,351848,2.970070e+00,3.906756e+00,-8.946063e-01
climatology,test,77,2024-07-19T05:00:00,2024-07-19T11:00:00,sd,351848,2.311383e-03,1.324467e-02,1.906388e-03
climatology,test,78,2024-07-19T06:00:00,2024-07-19T12:00:00,swvl1,351848,3.333538e-02,5.503571e-02,8.373934e-03
climatology,test,78,2024-07-19T06:00:00,2024-07-19T12:00:00,stl1,351848,3.015350e+00,3.956436e+00,-9.431637e-01
climatology,test,78,2024-07-19T06:00:00,2024-07-19T12:00:00,sd,351848,2.428459e-03,1.364401e-02,2.020034e-03
climatology,test,79,2024-07-19T07:00:00,2024-07-19T13:00:00,swvl1,351848,3.333025e-02,5.504001e-02,8.370774e-03
climatology,test,79,2024-07-19T07:00:00,2024-07-19T13:00:00,stl1,351848,2.982421e+00,3.911727e+00,-9.591762e-01
climatology,test,79,2024-07-19T07:00:00,2024-07-19T13:00:00,sd,351848,2.423474e-03,1.361672e-02,2.015346e-03
climatology,test,80,2024-07-19T08:00:00,2024-07-19T14:00:00,swvl1,351848,3.336126e-02,5.510397e-02,8.383079e-03
climatology,test,80,2024-07-19T08:00:00,2024-07-19T14:00:00,stl1,351848,2.993888e+00,3.918603e+00,-1.002154e+00
climatology,test,80,2024-07-19T08:00:00,2024-07-19T14:00:00,sd,351848,2.418195e-03,1.358811e-02,2.010387e-03
climatology,test,81,2024-07-19T09:00:00,2024-07-19T15:00:00,swvl1,351848,3.342499e-02,5.524680e-02,8.404517e-03
climatology,test,81,2024-07-19T09:00:00,2024-07-19T15:00:00,stl1,351848,2.975103e+00,3.888457e+00,-1.025374e+00
climatology,test,81,2024-07-19T09:00:00,2024-07-19T15:00:00,sd,351848,2.412317e-03,1.355663e-02,2.005006e-03
climatology,test,82,2024-07-19T10:00:00,2024-07-19T16:00:00,swvl1,351848,3.347299e-02,5.534575e-02,8.456190e-03
climatology,test,82,2024-07-19T10:00:00,2024-07-19T16:00:00,stl1,351848,2.995128e+00,3.936998e+00,-1.061281e+00
climatology,test,82,2024-07-19T10:00:00,2024-07-19T16:00:00,sd,351848,2.405681e-03,1.352311e-02,1.998852e-03
climatology,test,83,2024-07-19T11:00:00,2024-07-19T17:00:00,swvl1,351848,3.350382e-02,5.541069e-02,8.528122e-03
climatology,test,83,2024-07-19T11:00:00,2024-07-19T17:00:00,stl1,351848,2.993051e+00,3.956634e+00,-1.121124e+00
climatology,test,83,2024-07-19T11:00:00,2024-07-19T17:00:00,sd,351848,2.398189e-03,1.348700e-02,1.991915e-03
climatology,test,84,2024-07-19T12:00:00,2024-07-19T18:00:00,swvl1,351848,3.352404e-02,5.544042e-02,8.610588e-03
climatology,test,84,2024-07-19T12:00:00,2024-07-19T18:00:00,stl1,351848,3.003266e+00,3.992954e+00,-1.166361e+00
climatology,test,84,2024-07-19T12:00:00,2024-07-19T18:00:00,sd,351848,2.390438e-03,1.344967e-02,1.984782e-03
climatology,test,85,2024-07-19T13:00:00,2024-07-19T19:00:00,swvl1,351848,3.355309e-02,5.546858e-02,8.674465e-03
climatology,test,85,2024-07-19T13:00:00,2024-07-19T19:00:00,stl1,351848,3.013909e+00,4.032771e+00,-1.197825e+00
climatology,test,85,2024-07-19T13:00:00,2024-07-19T19:00:00,sd,351848,2.382171e-03,1.341207e-02,1.977188e-03
climatology,test,86,2024-07-19T14:00:00,2024-07-19T20:00:00,swvl1,351848,3.358793e-02,5.551603e-02,8.722911e-03
climatology,test,86,2024-07-19T14:00:00,2024-07-19T20:00:00,stl1,351848,3.010112e+00,4.045208e+00,-1.228312e+00
climatology,test,86,2024-07-19T14:00:00,2024-07-19T20:00:00,sd,351848,2.373598e-03,1.337411e-02,1.969271e-03
climatology,test,87,2024-07-19T15:00:00,2024-07-19T21:00:00,swvl1,351848,3.360891e-02,5.554515e-02,8.751054e-03
climatology,test,87,2024-07-19T15:00:00,2024-07-19T21:00:00,stl1,351848,3.003719e+00,4.054962e+00,-1.238850e+00
climatology,test,87,2024-07-19T15:00:00,2024-07-19T21:00:00,sd,351848,2.365139e-03,1.333809e-02,1.961422e-03
climatology,test,88,2024-07-19T16:00:00,2024-07-19T22:00:00,swvl1,351848,3.341703e-02,5.514157e-02,8.647811e-03
climatology,test,88,2024-07-19T16:00:00,2024-07-19T22:00:00,stl1,351848,2.950873e+00,3.986053e+00,-1.145866e+00
climatology,test,88,2024-07-19T16:00:00,2024-07-19T22:00:00,sd,351848,2.358568e-03,1.331417e-02,1.955625e-03
climatology,test,89,2024-07-19T17:00:00,2024-07-19T23:00:00,swvl1,351848,3.340692e-02,5.512003e-02,8.625166e-03
climatology,test,89,2024-07-19T17:00:00,2024-07-19T23:00:00,stl1,351848,2.918178e+00,3.949845e+00,-1.159210e+00
climatology,test,89,2024-07-19T17:00:00,2024-07-19T23:00:00,sd,351848,2.351713e-03,1.328720e-02,1.949378e-03
climatology,test,90,2024-07-19T18:00:00,2024-07-20T00:00:00,swvl1,351848,3.362800e-02,5.555294e-02,8.610089e-03
climatology,test,90,2024-07-19T18:00:00,2024-07-20T00:00:00,stl1,351848,2.908786e+00,3.949032e+00,-1.169920e+00
climatology,test,90,2024-07-19T18:00:00,2024-07-20T00:00:00,sd,351848,2.402497e-03,1.359337e-02,1.994852e-03
climatology,test,91,2024-07-19T19:00:00,2024-07-20T01:00:00,swvl1,351848,3.362232e-02,5.555043e-02,8.575875e-03
climatology,test,91,2024-07-19T19:00:00,2024-07-20T01:00:00,stl1,351848,2.858837e+00,3.887895e+00,-1.158002e+00
climatology,test,91,2024-07-19T19:00:00,2024-07-20T01:00:00,sd,351848,2.395526e-03,1.356956e-02,1.988385e-03
climatology,test,92,2024-07-19T20:00:00,2024-07-20T02:00:00,swvl1,351848,3.362084e-02,5.556615e-02,8.548563e-03
climatology,test,92,2024-07-19T20:00:00,2024-07-20T02:00:00,stl1,351848,2.789570e+00,3.796753e+00,-1.063732e+00
climatology,test,92,2024-07-19T20:00:00,2024-07-20T02:00:00,sd,351848,2.388959e-03,1.354670e-02,1.982524e-03
climatology,test,93,2024-07-19T21:00:00,2024-07-20T03:00:00,swvl1,351848,3.362032e-02,5.557846e-02,8.531527e-03
climatology,test,93,2024-07-19T21:00:00,2024-07-20T03:00:00,stl1,351848,2.762522e+00,3.740249e+00,-1.016292e+00
climatology,test,93,2024-07-19T21:00:00,2024-07-20T03:00:00,sd,351848,2.381407e-03,1.351983e-02,1.975783e-03
climatology,test,94,2024-07-19T22:00:00,2024-07-20T04:00:00,swvl1,351848,3.360769e-02,5.556607e-02,8.534704e-03
climatology,test,94,2024-07-19T22:00:00,2024-07-20T04:00:00,stl1,351848,2.740163e+00,3.690124e+00,-9.567562e-01
climatology,test,94,2024-07-19T22:00:00,2024-07-20T04:00:00,sd,351848,2.373294e-03,1.349074e-02,1.968363e-03
climatology,test,95,2024-07-19T23:00:00,2024-07-20T05:00:00,swvl1,351848,3.358661e-02,5.554821e-02,8.552494e-03
climatology,test,95,2024-07-19T23:00:00,2024-07-20T05:00:00,stl1,351848,2.779893e+00,3.718144e+00,-9.047476e-01
climatology,test,95,2024-07-19T23:00:00,2024-07-20T05:00:00,sd,351848,2.364307e-03,1.345847e-02,1.960072e-03
climatology,test,96,2024-07-20T00:00:00,2024-07-20T06:00:00,swvl1,351848,3.355885e-02,5.551843e-02,8.574209e-03
climatology,test,96,2024-07-20T00:00:00,2024-07-20T06:00:00,stl1,351848,2.789340e+00,3.730793e+00,-8.464695e-01
climatology,test,96,2024-07-20T00:00:00,2024-07-20T06:00:00,sd,351848,2.354209e-03,1.342143e-02,1.950701e-03
climatology,test,97,2024-07-20T01:00:00,2024-07-20T07:00:00,swvl1,351848,3.353314e-02,5.548822e-02,8.572057e-03
climatology,test,97,2024-07-20T01:00:00,2024-07-20T07:00:00,stl1,351848,2.797930e+00,3.744417e+00,-8.016699e-01
climatology,test,97,2024-07-20T01:00:00,2024-07-20T07:00:00,sd,351848,2.343740e-03,1.338147e-02,1.941009e-03
climatology,test,98,2024-07-20T02:00:00,2024-07-20T08:00:00,swvl1,351848,3.349608e-02,5.544823e-02,8.545501e-03
climatology,test,98,2024-07-20T02:00:00,2024-07-20T08:00:00,stl1,351848,2.830871e+00,3.779123e+00,-8.128192e-01
climatology,test,98,2024-07-20T02:00:00,2024-07-20T08:00:00,sd,351848,2.333696e-03,1.334166e-02,1.931796e-03
climatology,test,99,2024-07-20T03:00:00,2024-07-20T09:00:00,swvl1,351848,3.347530e-02,5.543955e-02,8.499318e-03
climatology,test,99,2024-07-20T03:00:00,2024-07-20T09:00:00,stl1,351848,2.866099e+00,3.819066e+00,-8.090640e-01
climatology,test,99,2024-07-20T03:00:00,2024-07-20T09:00:00,sd,351848,2.324439e-03,1.330294e-02,1.923261e-03
climatology,test,100,2024-07-20T04:00:00,2024-07-20T10:00:00,swvl1,351848,3.334880e-02,5.515486e-02,8.298054e-03
climatology,test,100,2024-07-20T04:00:00,2024-07-20T10:00:00,stl1,351848,2.926038e+00,3.874796e+00,-7.874922e-01
climatology,test,100,2024-07-20T04:00:00,2024-07-20T10:00:00,sd,351848,2.320157e-03,1.328920e-02,1.916702e-03
climatology,test,101,2024-07-20T05:00:00,2024-07-20T11:00:00,swvl1,351848,3.334810e-02,5.516555e-02,8.226400e-03
climatology,test,101,2024-07-20T05:00:00,2024-07-20T11:00:00,stl1,351848,2.956928e+00,3.902485e+00,-7.892898e-01
climatology,test,101,2024-07-20T05:00:00,2024-07-20T11:00:00,sd,351848,2.313668e-03,1.325802e-02,1.910778e-03
climatology,test,102,2024-07-20T06:00:00,2024-07-20T12:00:00,swvl1,351848,3.355776e-02,5.553524e-02,8.265392e-03
climatology,test,102,2024-07-20T06:00:00,2024-07-20T12:00:00,stl1,351848,3.010886e+00,3.975833e+00,-8.549256e-01
climatology,test,102,2024-07-20T06:00:00,2024-07-20T12:00:00,sd,351848,2.430570e-03,1.365736e-02,2.024589e-03
climatology,test,103,2024-07-20T07:00:00,2024-07-20T13:00:00,swvl1,351848,3.358940e-02,5.561122e-02,8.206957e-03
climatology,test,103,2024-07-20T07:00:00,2024-07-20T13:00:00,stl1,351848,3.004084e+00,3.962364e+00,-8.647747e-01
climatology,test,103,2024-07-20T07:00:00,2024-07-20T13:00:00,sd,351848,2.425583e-03,1.363074e-02,2.020011e-03
climatology,test,104,2024-07-20T08:00:00,2024-07-20T14:00:00,swvl1,351848,3.363372e-02,5.572237e-02,8.171148e-03
climatology,test,104,2024-07-20T08:00:00,2024-07-20T14:00:00,stl1,351848,2.994143e+00,3.962216e+00,-8.856638e-01
climatology,test,104,2024-07-20T08:00:00,2024-07-20T14:00:00,sd,351848,2.420334e-03,1.360277e-02,2.015247e-03
climatology,test,105,2024-07-20T09:00:00,2024-07-20T15:00:00,swvl1,351848,3.367526e-02,5.579479e-02,8.159591e-03
climatology,test,105,2024-07-20T09:00:00,2024-07-20T15:00:00,stl1,351848,2.993237e+00,3.966374e+00,-9.287926e-01
climatology,test,105,2024-07-20T09:00:00,2024-07-20T15:00:00,sd,351848,2.414472e-03,1.357188e-02,2.009950e-03
climatology,test,106,2024-07-20T10:00:00,2024-07-20T16:00:00,swvl1,351848,3.371715e-02,5.584497e-02,8.162245e-03
climatology,test,106,2024-07-20T10:00:00,2024-07-20T16:00:00,stl1,351848,2.994173e+00,3.970630e+00,-9.685823e-01
climatology,test,106,2024-07-20T10:00:00,2024-07-20T16:00:00,sd,351848,2.407778e-03,1.353871e-02,2.003958e-03
climatology,test,107,2024-07-20T11:00:00,2024-07-20T17:00:00,swvl1,351848,3.375097e-02,5.588806e-02,8.185040e-03
climatology,test,107,2024-07-20T11:00:00,2024-07-20T17:00:00,stl1,351848,2.983269e+00,3.978405e+00,-1.021384e+00
climatology,test,107,2024-07-20T11:00:00,2024-07-20T17:00:00,sd,351848,2.400136e-03,1.350267e-02,1.997202e-03
climatology,test,108,2024-07-20T12:00:00,2024-07-20T18:00:00,swvl1,351848,3.377816e-02,5.593730e-02,8.202996e-03
climatology,test,108,2024-07-20T12:00:00,2024-07-20T18:00:00,stl1,351848,3.001778e+00,4.014100e+00,-1.107188e+00
climatology,test,108,2024-07-20T12:00:00,2024-07-20T18:00:00,sd,351848,2.392247e-03,1.346553e-02,1.990227e-03
climatology,test,109,2024-07-20T13:00:00,2024-07-20T19:00:00,swvl1,351848,3.380730e-02,5.599985e-02,8.219088e-03
climatology,test,109,2024-07-20T13:00:00,2024-07-20T19:00:00,stl1,351848,3.007150e+00,4.037513e+00,-1.142169e+00
climatology,test,109,2024-07-20T13:00:00,2024-07-20T19:00:00,sd,351848,2.383863e-03,1.342770e-02,1.982748e-03
climatology,test,110,2024-07-20T14:00:00,2024-07-20T20:00:00,swvl1,351848,3.384868e-02,5.609813e-02,8.212921e-03
climatology,test,110,2024-07-20T14:00:00,2024-07-20T20:00:00,stl1,351848,3.012451e+00,4.050713e+00,-1.156101e+00
climatology,test,110,2024-07-20T14:00:00,2024-07-20T20:00:00,sd,351848,2.375213e-03,1.338957e-02,1.974874e-03
climatology,test,111,2024-07-20T15:00:00,2024-07-20T21:00:00,swvl1,351848,3.387245e-02,5.617646e-02,8.203754e-03
climatology,test,111,2024-07-20T15:00:00,2024-07-20T21:00:00,stl1,351848,3.001070e+00,4.050635e+00,-1.168194e+00
climatology,test,111,2024-07-20T15:00:00,2024-07-20T21:00:00,sd,351848,2.366754e-03,1.335361e-02,1.966943e-03
climatology,test,112,2024-07-20T16:00:00,2024-07-20T22:00:00,swvl1,351848,3.376437e-02,5.592327e-02,8.130016e-03
climatology,test,112,2024-07-20T16:00:00,2024-07-20T22:00:00,stl1,351848,2.919536e+00,3.979130e+00,-1.124654e+00
climatology,test,112,2024-07-20T16:00:00,2024-07-20T22:00:00,sd,351848,2.360355e-03,1.333102e-02,1.961156e-03
climatology,test,113,2024-07-20T17:00:00,2024-07-20T23:00:00,swvl1,351848,3.375081e-02,5.594744e-02,8.115455e-03
climatology,test,113,2024-07-20T17:00:00,2024-07-20T23:00:00,stl1,351848,2.871099e+00,3.939499e+00,-1.149422e+00
climatology,test,113,2024-07-20T17:00:00,2024-07-20T23:00:00,sd,351848,2.353546e-03,1.330440e-02,1.954827e-03
climatology,test,114,2024-07-20T18:00:00,2024-07-21T00:00:00,swvl1,351848,3.395732e-02,5.639920e-02,8.139110e-03
climatology,test,114,2024-07-20T18:00:00,2024-07-21T00:00:00,stl1,351848,2.869831e+00,3.943677e+00,-1.178065e+00
climatology,test,114,2024-07-20T18:00:00,2024-07-21T00:00:00,sd,351848,2.404310e-03,1.361152e-02,2.000383e-03
climatology,test,115,2024-07-20T19:00:00,2024-07-21T01:00:00,swvl1,351848,3.393501e-02,5.639773e-02,8.153055e-03
climatology,test,115,2024-07-20T19:00:00,2024-07-21T01:00:00,stl1,351848,2.820749e+00,3.884676e+00,-1.175855e+00
climatology,test,115,2024-07-20T19:00:00,2024-07-21T01:00:00,sd,351848,2.397285e-03,1.358778e-02,1.993960e-03
climatology,test,116,2024-07-20T20:00:00,2024-07-21T02:00:00,swvl1,351848,3.390817e-02,5.639443e-02,8.173508e-03
climatology,test,116,2024-07-20T20:00:00,2024-07-21T02:00:00,stl1,351848,2.796575e+00,3.843426e+00,-1.099836e+00
climatology,test,116,2024-07-20T20:00:00,2024-07-21T02:00:00,sd,351848,2.390689e-03,1.356496e-02,1.988082e-03
climatology,test,117,2024-07-20T21:00:00,2024-07-21T03:00:00,swvl1,351848,3.389113e-02,5.639550e-02,8.175711e-03
climatology,test,117,2024-07-20T21:00:00,2024-07-21T03:00:00,stl1,351848,2.766565e+00,3.784444e+00,-1.058018e+00
climatology,test,117,2024-07-20T21:00:00,2024-07-21T03:00:00,sd,351848,2.383150e-03,1.353834e-02,1.981403e-03
climatology,test,118,2024-07-20T22:00:00,2024-07-21T04:00:00,swvl1,351848,3.386915e-02,5.640268e-02,8.191544e-03
climatology,test,118,2024-07-20T22:00:00,2024-07-21T04:00:00,stl1,351848,2.736669e+00,3.716857e+00,-1.014429e+00
climatology,test,118,2024-07-20T22:00:00,2024-07-21T04:00:00,sd,351848,2.375054e-03,1.350945e-02,1.974047e-03
climatology,test,119,2024-07-20T23:00:00,2024-07-21T05:00:00,swvl1,351848,3.385034e-02,5.640689e-02,8.213120e-03
climatology,test,119,2024-07-20T23:00:00,2024-07-21T05:00:00,stl1,351848,2.783408e+00,3.755719e+00,-1.006311e+00
climatology,test,119,2024-07-20T23:00:00,2024-07-21T05:00:00,sd,351848,2.366182e-03,1.347775e-02,1.965713e-03
climatology,test,120,2024-07-21T00:00:00,2024-07-21T06:00:00,swvl1,351848,3.384186e-02,5.641861e-02,8.227943e-03
climatology,test,120,2024-07-21T00:00:00,2024-07-21T06:00:00,stl1,351848,2.774756e+00,3.741163e+00,-9.632948e-01
climatology,test,120,2024-07-21T00:00:00,2024-07-21T06:00:00,sd,351848,2.356331e-03,1.344199e-02,1.956058e-03
climatology,test,121,2024-07-21T01:00:00,2024-07-21T07:00:00,swvl1,351848,3.383017e-02,5.643285e-02,8.244598e-03
climatology,test,121,2024-07-21T01:00:00,2024-07-21T07:00:00,stl1,351848,2.770572e+00,3.746926e+00,-9.287333e-01
climatology,test,121,2024-07-21T01:00:00,2024-07-21T07:00:00,sd,351848,2.346216e-03,1.340396e-02,1.945870e-03
climatology,test,122,2024-07-21T02:00:00,2024-07-21T08:00:00,swvl1,351848,3.380434e-02,5.642041e-02,8.258363e-03
climatology,test,122,2024-07-21T02:00:00,2024-07-21T08:00:00,stl1,351848,2.802162e+00,3.788263e+00,-9.395216e-01
climatology,test,122,2024-07-21T02:00:00,2024-07-21T08:00:00,sd,351848,2.336572e-03,1.336617e-02,1.936052e-03
climatology,test,123,2024-07-21T03:00:00,2024-07-21T09:00:00,swvl1,351848,3.376950e-02,5.638734e-02,8.259896e-03
climatology,test,123,2024-07-21T03:00:00,2024-07-21T09:00:00,stl1,351848,2.823635e+00,3.802420e+00,-9.282741e-01
climatology,test,123,2024-07-21T03:00:00,2024-07-21T09:00:00,sd,351848,2.327697e-03,1.332920e-02,1.926891e-03
climatology,test,124,2024-07-21T04:00:00,2024-07-21T10:00:00,swvl1,351848,3.363203e-02,5.614821e-02,8.116783e-03
climatology,test,124,2024-07-21T04:00:00,2024-07-21T10:00:00,stl1,351848,2.870355e+00,3.841418e+00,-9.343836e-01
climatology,test,124,2024-07-21T04:00:00,2024-07-21T10:00:00,sd,351848,2.322521e-03,1.331213e-02,1.917981e-03
climatology,test,125,2024-07-21T05:00:00,2024-07-21T11:00:00,swvl1,351848,3.362165e-02,5.615908e-02,8.113228e-03
climatology,test,125,2024-07-21T05:00:00,2024-07-21T11:00:00,stl1,351848,2.885025e+00,3.842055e+00,-9.173497e-01
climatology,test,125,2024-07-21T05:00:00,2024-07-21T11:00:00,sd,351848,2.316170e-03,1.328091e-02,1.911425e-03
climatology,test,126,2024-07-21T06:00:00,2024-07-21T12:00:00,swvl1,351848,3.381447e-02,5.649561e-02,8.218134e-03
climatology,test,126,2024-07-21T06:00:00,2024-07-21T12:00:00,stl1,351848,2.934472e+00,3.903679e+00,-9.647293e-01
climatology,test,126,2024-07-21T06:00:00,2024-07-21T12:00:00,sd,351848,2.432977e-03,1.367874e-02,2.024789e-03
climatology,test,127,2024-07-21T07:00:00,2024-07-21T13:00:00,swvl1,351848,3.383130e-02,5.653644e-02,8.219925e-03
climatology,test,127,2024-07-21T07:00:00,2024-07-21T13:00:00,stl1,351848,2.932538e+00,3.928326e+00,-9.965726e-01
climatology,test,127,2024-07-21T07:00:00,2024-07-21T13:00:00,sd,351848,2.427909e-03,1.365122e-02,2.019822e-03
climatology,test,128,2024-07-21T08:00:00,2024-07-21T14:00:00,swvl1,351848,3.386633e-02,5.662553e-02,8.227078e-03
climatology,test,128,2024-07-21T08:00:00,2024-07-21T14:00:00,stl1,351848,2.977492e+00,3.980495e+00,-1.024592e+00
climatology,test,128,2024-07-21T08:00:00,2024-07-21T14:00:00,sd,351848,2.422509e-03,1.362226e-02,2.014646e-03
climatology,test,129,2024-07-21T09:00:00,2024-07-21T15:00:00,swvl1,351848,3.390943e-02,5.671964e-02,8.246799e-03
climatology,test,129,2024-07-21T09:00:00,2024-07-21T15:00:00,stl1,351848,2.968670e+00,3.955255e+00,-1.071276e+00
climatology,test,129,2024-07-21T09:00:00,2024-07-21T15:00:00,sd,351848,2.416545e-03,1.359088e-02,2.009068e-03
climatology,test,130,2024-07-21T10:00:00,2024-07-21T16:00:00,swvl1,351848,3.396150e-02,5.681844e-02,8.253971e-03
climatology,test,130,2024-07-21T10:00:00,2024-07-21T16:00:00,stl1,351848,2.993998e+00,3.984944e+00,-1.102021e+00
climatology,test,130,2024-07-21T10:00:00,2024-07-21T16:00:00,sd,351848,2.409534e-03,1.355645e-02,2.002912e-03
climatology,test,131,2024-07-21T11:00:00,2024-07-21T17:00:00,swvl1,351848,3.399455e-02,5.686771e-02,8.280820e-03
climatology,test,131,2024-07-21T11:00:00,2024-07-21T17:00:00,stl1,351848,3.001238e+00,3.995316e+00,-1.147245e+00
climatology,test,131,2024-07-21T11:00:00,2024-07-21T17:00:00,sd,351848,2.401468e-03,1.351863e-02,1.996143e-03
climatology,test,132,2024-07-21T12:00:00,2024-07-21T18:00:00,swvl1,351848,3.403182e-02,5.691693e-02,8.301886e-03
climatology,test,132,2024-07-21T12:00:00,2024-07-21T18:00:00,stl1,351848,3.017131e+00,4.023708e+00,-1.187519e+00
climatology,test,132,2024-07-21T12:00:00,2024-07-21T18:00:00,sd,351848,2.393018e-03,1.347899e-02,1.989324e-03
climatology,test,133,2024-07-21T13:00:00,2024-07-21T19:00:00,swvl1,351848,3.407254e-02,5.698314e-02,8.327589e-03
climatology,test,133,2024-07-21T13:00:00,2024-07-21T19:00:00,stl1,351848,3.026020e+00,4.047967e+00,-1.214088e+00
climatology,test,133,2024-07-21T13:00:00,2024-07-21T19:00:00,sd,351848,2.383972e-03,1.343838e-02,1.981945e-03
climatology,test,134,2024-07-21T14:00:00,2024-07-21T20:00:00,swvl1,351848,3.410962e-02,5.703788e-02,8.362528e-03
climatology,test,134,2024-07-21T14:00:00,2024-07-21T20:00:00,stl1,351848,3.005130e+00,4.040053e+00,-1.247824e+00
climatology,test,134,2024-07-21T14:00:00,2024-07-21T20:00:00,sd,351848,2.374603e-03,1.339762e-02,1.974007e-03
climatology,test,135,2024-07-21T15:00:00,2024-07-21T21:00:00,swvl1,351848,3.415125e-02,5.710922e-02,8.390845e-03
climatology,test,135,2024-07-21T15:00:00,2024-07-21T21:00:00,stl1,351848,2.998185e+00,4.048886e+00,-1.277081e+00
climatology,test,135,2024-07-21T15:00:00,2024-07-21T21:00:00,sd,351848,2.365406e-03,1.335909e-02,1.965828e-03
climatology,test,136,2024-07-21T16:00:00,2024-07-21T22:00:00,swvl1,351848,3.401395e-02,5.682864e-02,8.378495e-03
climatology,test,136,2024-07-21T16:00:00,2024-07-21T22:00:00,stl1,351848,2.942655e+00,4.008316e+00,-1.209818e+00
climatology,test,136,2024-07-21T16:00:00,2024-07-21T22:00:00,sd,351848,2.358559e-03,1.333523e-02,1.960815e-03
climatology,test,137,2024-07-21T17:00:00,2024-07-21T23:00:00,swvl1,351848,3.403729e-02,5.685414e-02,8.379896e-03
climatology,test,137,2024-07-21T17:00:00,2024-07-21T23:00:00,stl1,351848,2.903577e+00,3.973604e+00,-1.233825e+00
climatology,test,137,2024-07-21T17:00:00,2024-07-21T23:00:00,sd,351848,2.350836e-03,1.330579e-02,1.954185e-03
climatology,test,138,2024-07-21T18:00:00,2024-07-22T00:00:00,swvl1,351848,3.427829e-02,5.732901e-02,8.402345e-03
climatology,test,138,2024-07-21T18:00:00,2024-07-22T00:00:00,stl1,351848,2.910200e+00,4.007070e+00,-1.254545e+00
climatology,test,138,2024-07-21T18:00:00,2024-07-22T00:00:00,sd,351848,2.403256e-03,1.362164e-02,2.001811e-03
climatology,test,139,2024-07-21T19:00:00,2024-07-22T01:00:00,swvl1,351848,3.428567e-02,5.733324e-02,8.414954e-03
climatology,test,139,2024-07-21T19:00:00,2024-07-22T01:00:00,stl1,351848,2.864623e+00,3.956319e+00,-1.245201e+00
climatology,test,139,2024-07-21T19:00:00,2024-07-22T01:00:00,sd,351848,2.395314e-03,1.359492e-02,1.994527e-03
climatology,test,140,2024-07-21T20:00:00,2024-07-22T02:00:00,swvl1,351848,3.431190e-02,5.735777e-02,8.426214e-03
climatology,test,140,2024-07-21T20:00:00,2024-07-22T02:00:00,stl1,351848,2.806941e+00,3.919944e+00,-1.223406e+00
climatology,test,140,2024-07-21T20:00:00,2024-07-22T02:00:00,sd,351848,2.387930e-03,1.356920e-02,1.987706e-03
climatology,test,141,2024-07-21T21:00:00,2024-07-22T03:00:00,swvl1,351848,3.434373e-02,5.740643e-02,8.434734e-03
climatology,test,141,2024-07-21T21:00:00,2024-07-22T03:00:00,stl1,351848,2.764480e+00,3.855816e+00,-1.166818e+00
climatology,test,141,2024-07-21T21:00:00,2024-07-22T03:00:00,sd,351848,2.378966e-03,1.353647e-02,1.980843e-03
climatology,test,142,2024-07-21T22:00:00,2024-07-22T04:00:00,swvl1,351848,3.436024e-02,5.744921e-02,8.453726e-03
climatology,test,142,2024-07-21T22:00:00,2024-07-22T04:00:00,stl1,351848,2.741181e+00,3.807069e+00,-1.134365e+00
climatology,test,142,2024-07-21T22:00:00,2024-07-22T04:00:00,sd,351848,2.370246e-03,1.350480e-02,1.972672e-03
climatology,test,143,2024-07-21T23:00:00,2024-07-22T05:00:00,swvl1,351848,3.437175e-02,5.747689e-02,8.474891e-03
climatology,test,143,2024-07-21T23:00:00,2024-07-22T05:00:00,stl1,351848,2.785488e+00,3.830898e+00,-1.110876e+00
climatology,test,143,2024-07-21T23:00:00,2024-07-22T05:00:00,sd,351848,2.360747e-03,1.347030e-02,1.963785e-03
climatology,test,144,2024-07-22T00:00:00,2024-07-22T06:00:00,swvl1,351848,3.436082e-02,5.748026e-02,8.516674e-03
climatology,test,144,2024-07-22T00:00:00,2024-07-22T06:00:00,stl1,351848,2.797878e+00,3.844254e+00,-1.051623e+00
climatology,test,144,2024-07-22T00:00:00,2024-07-22T06:00:00,sd,351848,2.350191e-03,1.343106e-02,1.953945e-03
climatology,test,145,2024-07-22T01:00:00,2024-07-22T07:00:00,swvl1,351848,3.434376e-02,5.747777e-02,8.555968e-03
climatology,test,145,2024-07-22T01:00:00,2024-07-22T07:00:00,stl1,351848,2.807873e+00,3.863253e+00,-1.018216e+00
climatology,test,145,2024-07-22T01:00:00,2024-07-22T07:00:00,sd,351848,2.339344e-03,1.338887e-02,1.943844e-03
climatology,test,146,2024-07-22T02:00:00,2024-07-22T08:00:00,swvl1,351848,3.433889e-02,5.747774e-02,8.581022e-03
climatology,test,146,2024-07-22T02:00:00,2024-07-22T08:00:00,stl1,351848,2.839569e+00,3.897165e+00,-9.949814e-01
climatology,test,146,2024-07-22T02:00:00,2024-07-22T08:00:00,sd,351848,2.328948e-03,1.334668e-02,1.934246e-03
climatology,test,147,2024-07-22T03:00:00,2024-07-22T09:00:00,swvl1,351848,3.433173e-02,5.749187e-02,8.600266e-03
climatology,test,147,2024-07-22T03:00:00,2024-07-22T09:00:00,stl1,351848,2.871712e+00,3.923349e+00,-1.022726e+00
climatology,test,147,2024-07-22T03:00:00,2024-07-22T09:00:00,sd,351848,2.319374e-03,1.330590e-02,1.925344e-03
climatology,test,148,2024-07-22T04:00:00,2024-07-22T10:00:00,swvl1,351848,3.427482e-02,5.728706e-02,8.530950e-03
climatology,test,148,2024-07-22T04:00:00,2024-07-22T10:00:00,stl1,351848,2.903386e+00,3.976140e+00,-1.011442e+00
climatology,test,148,2024-07-22T04:00:00,2024-07-22T10:00:00,sd,351848,2.313870e-03,1.328633e-02,1.918326e-03
climatology,test,149,2024-07-22T05:00:00,2024-07-22T11:00:00,swvl1,351848,3.427729e-02,5.730575e-02,8.538822e-03
climatology,test,149,2024-07-22T05:00:00,2024-07-22T11:00:00,stl1,351848,2.932439e+00,3.992638e+00,-1.026740e+00
climatology,test,149,2024-07-22T05:00:00,2024-07-22T11:00:00,sd,351848,2.307170e-03,1.325300e-02,1.912231e-03
climatology,test,150,2024-07-22T06:00:00,2024-07-22T12:00:00,swvl1,351848,3.446323e-02,5.762332e-02,8.658045e-03
climatology,test,150,2024-07-22T06:00:00,2024-07-22T12:00:00,stl1,351848,2.992891e+00,4.060064e+00,-1.073296e+00
climatology,test,150,2024-07-22T06:00:00,2024-07-22T12:00:00,sd,351848,2.423489e-03,1.364976e-02,2.026056e-03
climatology,test,151,2024-07-22T07:00:00,2024-07-22T13:00:00,swvl1,351848,3.451235e-02,5.773963e-02,8.647886e-03
climatology,test,151,2024-07-22T07:00:00,2024-07-22T13:00:00,stl1,351848,2.978286e+00,4.044022e+00,-1.095813e+00
climatology,test,151,2024-07-22T07:00:00,2024-07-22T13:00:00,sd,351848,2.418213e-03,1.362086e-02,2.021537e-03
climatology,test,152,2024-07-22T08:00:00,2024-07-22T14:00:00,swvl1,351848,3.457442e-02,5.786749e-02,8.646049e-03
climatology,test,152,2024-07-22T08:00:00,2024-07-22T14:00:00,stl1,351848,2.970181e+00,4.028751e+00,-1.129693e+00
climatology,test,152,2024-07-22T08:00:00,2024-07-22T14:00:00,sd,351848,2.412632e-03,1.359067e-02,2.016979e-03
climatology,test,153,2024-07-22T09:00:00,2024-07-22T15:00:00,swvl1,351848,3.463317e-02,5.797526e-02,8.675288e-03
climatology,test,153,2024-07-22T09:00:00,2024-07-22T15:00:00,stl1,351848,2.972339e+00,4.034856e+00,-1.198876e+00
climatology,test,153,2024-07-22T09:00:00,2024-07-22T15:00:00,sd,351848,2.406376e-03,1.355780e-02,2.012115e-03
climatology,test,154,2024-07-22T10:00:00,2024-07-22T16:00:00,swvl1,351848,3.469996e-02,5.808812e-02,8.696241e-03
climatology,test,154,2024-07-22T10:00:00,2024-07-22T16:00:00,stl1,351848,2.955504e+00,4.019172e+00,-1.258814e+00
climatology,test,154,2024-07-22T10:00:00,2024-07-22T16:00:00,sd,351848,2.399333e-03,1.352290e-02,2.006748e-03
climatology,test,155,2024-07-22T11:00:00,2024-07-22T17:00:00,swvl1,351848,3.474454e-02,5.815285e-02,8.744292e-03
climatology,test,155,2024-07-22T11:00:00,2024-07-22T17:00:00,stl1,351848,2.953353e+00,4.025703e+00,-1.333257e+00
climatology,test,155,2024-07-22T11:00:00,2024-07-22T17:00:00,sd,351848,2.391329e-03,1.348502e-02,2.000632e-03
climatology,test,156,2024-07-22T12:00:00,2024-07-22T18:00:00,swvl1,351848,3.478458e-02,5.821754e-02,8.795572e-03
climatology,test,156,2024-07-22T12:00:00,2024-07-22T18:00:00,stl1,351848,2.982097e+00,4.076980e+00,-1.382851e+00
climatology,test,156,2024-07-22T12:00:00,2024-07-22T18:00:00,sd,351848,2.383108e-03,1.344603e-02,1.994291e-03
climatology,test,157,2024-07-22T13:00:00,2024-07-22T19:00:00,swvl1,351848,3.480998e-02,5.824516e-02,8.854428e-03
climatology,test,157,2024-07-22T13:00:00,2024-07-22T19:00:00,stl1,351848,2.969204e+00,4.077291e+00,-1.404434e+00
climatology,test,157,2024-07-22T13:00:00,2024-07-22T19:00:00,sd,351848,2.374419e-03,1.340638e-02,1.987468e-03
climatology,test,158,2024-07-22T14:00:00,2024-07-22T20:00:00,swvl1,351848,3.485141e-02,5.829151e-02,8.888758e-03
climatology,test,158,2024-07-22T14:00:00,2024-07-22T20:00:00,stl1,351848,2.947932e+00,4.067974e+00,-1.426528e+00
climatology,test,158,2024-07-22T14:00:00,2024-07-22T20:00:00,sd,351848,2.365567e-03,1.336678e-02,1.980155e-03
climatology,test,159,2024-07-22T15:00:00,2024-07-22T21:00:00,swvl1,351848,3.487975e-02,5.833584e-02,8.889971e-03
climatology,test,159,2024-07-22T15:00:00,2024-07-22T21:00:00,stl1,351848,2.945571e+00,4.070664e+00,-1.424896e+00
climatology,test,159,2024-07-22T15:00:00,2024-07-22T21:00:00,sd,351848,2.357046e-03,1.333007e-02,1.972629e-03
climatology,test,160,2024-07-22T16:00:00,2024-07-22T22:00:00,swvl1,351848,3.465602e-02,5.788246e-02,8.808368e-03
climatology,test,160,2024-07-22T16:00:00,2024-07-22T22:00:00,stl1,351848,2.825348e+00,3.960220e+00,-1.384775e+00
climatology,test,160,2024-07-22T16:00:00,2024-07-22T22:00:00,sd,351848,2.350713e-03,1.330724e-02,1.966973e-03
climatology,test,161,2024-07-22T17:00:00,2024-07-22T23:00:00,swvl1,351848,3.464713e-02,5.786472e-02,8.788965e-03
climatology,test,161,2024-07-22T17:00:00,2024-07-22T23:00:00,stl1,351848,2.795261e+00,3.934012e+00,-1.379629e+00
climatology,test,161,2024-07-22T17:00:00,2024-07-22T23:00:00,sd,351848,2.343905e-03,1.328024e-02,1.960854e-03
climatology,test,162,2024-07-22T18:00:00,2024-07-23T00:00:00,swvl1,351848,3.485347e-02,5.830301e-02,8.787570e-03
climatology,test,162,2024-07-22T18:00:00,2024-07-23T00:00:00,stl1,351848,2.790310e+00,3.946337e+00,-1.388151e+00
climatology,test,162,2024-07-22T18:00:00,2024-07-23T00:00:00,sd,351848,2.398232e-03,1.360314e-02,2.010486e-03
climatology,test,163,2024-07-22T19:00:00,2024-07-23T01:00:00,swvl1,351848,3.482201e-02,5.827256e-02,8.798165e-03
climatology,test,163,2024-07-22T19:00:00,2024-07-23T01:00:00,stl1,351848,2.751102e+00,3.893291e+00,-1.349152e+00
climatology,test,163,2024-07-22T19:00:00,2024-07-23T01:00:00,sd,351848,2.391144e-03,1.357866e-02,2.004133e-03
climatology,test,164,2024-07-22T20:00:00,2024-07-23T02:00:00,swvl1,351848,3.478571e-02,5.824769e-02,8.801742e-03
climatology,test,164,2024-07-22T20:00:00,2024-07-23T02:00:00,stl1,351848,2.677772e+00,3.812047e+00,-1.294782e+00
climatology,test,164,2024-07-22T20:00:00,2024-07-23T02:00:00,sd,351848,2.384493e-03,1.355505e-02,1.998311e-03
climatology,test,165,2024-07-22T21:00:00,2024-07-23T03:00:00,swvl1,351848,3.475484e-02,5.823130e-02,8.800992e-03
climatology,test,165,2024-07-22T21:00:00,2024-07-23T03:00:00,stl1,351848,2.668925e+00,3.789692e+00,-1.254476e+00
climatology,test,165,2024-07-22T21:00:00,2024-07-23T03:00:00,sd,351848,2.376924e-03,1.352744e-02,1.991624e-03
climatology,test,166,2024-07-22T22:00:00,2024-07-23T04:00:00,swvl1,351848,3.472849e-02,5.822947e-02,8.799463e-03
climatology,test,166,2024-07-22T22:00:00,2024-07-23T04:00:00,stl1,351848,2.662259e+00,3.753779e+00,-1.210716e+00
climatology,test,166,2024-07-22T22:00:00,2024-07-23T04:00:00,sd,351848,2.368714e-03,1.349717e-02,1.984285e-03
climatology,test,167,2024-07-22T23:00:00,2024-07-23T05:00:00,swvl1,351848,3.470792e-02,5.823416e-02,8.775050e-03
climatology,test,167,2024-07-22T23:00:00,2024-07-23T05:00:00,stl1,351848,2.739578e+00,3.837378e+00,-1.184811e+00
climatology,test,167,2024-07-22T23:00:00,2024-07-23T05:00:00,sd,351848,2.359622e-03,1.346363e-02,1.976087e-03
climatology,test,168,2024-07-23T00:00:00,2024-07-23T06:00:00,swvl1,351848,3.468132e-02,5.823684e-02,8.764004e-03
climatology,test,168,2024-07-23T00:00:00,2024-07-23T06:00:00,stl1,351848,2.742941e+00,3.838067e+00,-1.147664e+00
climatology,test,168,2024-07-23T00:00:00,2024-07-23T06:00:00,sd,351848,2.349321e-03,1.342497e-02,1.966714e-03
climatology,test,169,2024-07-23T01:00:00,2024-07-23T07:00:00,swvl1,351848,3.465694e-02,5.825253e-02,8.754167e-03
climatology,test,169,2024-07-23T01:00:00,2024-07-23T07:00:00,stl1,351848,2.760668e+00,3.858222e+00,-1.123463e+00
climatology,test,169,2024-07-23T01:00:00,2024-07-23T07:00:00,sd,351848,2.338663e-03,1.338339e-02,1.956843e-03
climatology,test,170,2024-07-23T02:00:00,2024-07-23T08:00:00,swvl1,351848,3.465080e-02,5.828040e-02,8.726892e-03
climatology,test,170,2024-07-23T02:00:00,2024-07-23T08:00:00,stl1,351848,2.800554e+00,3.901849e+00,-1.146754e+00
climatology,test,170,2024-07-23T02:00:00,2024-07-23T08:00:00,sd,351848,2.328501e-03,1.334191e-02,1.947295e-03
climatology,test,171,2024-07-23T03:00:00,2024-07-23T09:00:00,swvl1,351848,3.464251e-02,5.829272e-02,8.704264e-03
climatology,test,171,2024-07-23T03:00:00,2024-07-23T09:00:00,stl1,351848,2.827743e+00,3.933766e+00,-1.144725e+00
climatology,test,171,2024-07-23T03:00:00,2024-07-23T09:00:00,sd,351848,2.319222e-03,1.330141e-02,1.938458e-03
climatology,test,172,2024-07-23T04:00:00,2024-07-23T10:00:00,swvl1,351848,3.457446e-02,5.805582e-02,8.543670e-03
climatology,test,172,2024-07-23T04:00:00,2024-07-23T10:00:00,stl1,351848,2.879910e+00,3.981702e+00,-1.153102e+00
climatology,test,172,2024-07-23T04:00:00,2024-07-23T10:00:00,sd,351848,2.313031e-03,1.327854e-02,1.929279e-03
climatology,test,173,2024-07-23T05:00:00,2024-07-23T11:00:00,swvl1,351848,3.457140e-02,5.805073e-02,8.507649e-03
climatology,test,173,2024-07-23T05:00:00,2024-07-23T11:00:00,stl1,351848,2.886640e+00,3.979201e+00,-1.173190e+00
climatology,test,173,2024-07-23T05:00:00,2024-07-23T11:00:00,sd,351848,2.306272e-03,1.324413e-02,1.923205e-03
climatology,test,174,2024-07-23T06:00:00,2024-07-23T12:00:00,swvl1,351848,3.472152e-02,5.830141e-02,8.584360e-03
climatology,test,174,2024-07-23T06:00:00,2024-07-23T12:00:00,stl1,351848,2.908372e+00,4.009653e+00,-1.236718e+00
climatology,test,174,2024-07-23T06:00:00,2024-07-23T12:00:00,sd,351848,2.422301e-03,1.363933e-02,2.037016e-03
climatology,test,175,2024-07-23T07:00:00,2024-07-23T13:00:00,swvl1,351848,3.474105e-02,5.834912e-02,8.522566e-03
climatology,test,175,2024-07-23T07:00:00,2024-07-23T13:00:00,stl1,351848,2.888169e+00,3.995986e+00,-1.271957e+00
climatology,test,175,2024-07-23T07:00:00,2024-07-23T13:00:00,sd,351848,2.416789e-03,1.360886e-02,2.032451e-03
climatology,test,176,2024-07-23T08:00:00,2024-07-23T14:00:00,swvl1,351848,3.480470e-02,5.848033e-02,8.449053e-03
climatology,test,176,2024-07-23T08:00:00,2024-07-23T14:00:00,stl1,351848,2.865298e+00,3.969538e+00,-1.328874e+00
climatology,test,176,2024-07-23T08:00:00,2024-07-23T14:00:00,sd,351848,2.410954e-03,1.357721e-02,2.027595e-03
climatology,test,177,2024-07-23T09:00:00,2024-07-23T15:00:00,swvl1,351848,3.488716e-02,5.863454e-02,8.385409e-03
climatology,test,177,2024-07-23T09:00:00,2024-07-23T15:00:00,stl1,351848,2.852396e+00,3.948007e+00,-1.378889e+00
climatology,test,177,2024-07-23T09:00:00,2024-07-23T15:00:00,sd,351848,2.404522e-03,1.354305e-02,2.022500e-03
climatology,test,178,2024-07-23T10:00:00,2024-07-23T16:00:00,swvl1,351848,3.495700e-02,5.878581e-02,8.326035e-03
climatology,test,178,2024-07-23T10:00:00,2024-07-23T16:00:00,stl1,351848,2.865475e+00,3.954967e+00,-1.402891e+00
climatology,test,178,2024-07-23T10:00:00,2024-07-23T16:00:00,sd,351848,2.397228e-03,1.350677e-02,2.016801e-03
climatology,test,179,2024-07-23T11:00:00,2024-07-23T17:00:00,swvl1,351848,3.500888e-02,5.889593e-02,8.264484e-03
climatology,test,179,2024-07-23T11:00:00,2024-07-23T17:00:00,stl1,351848,2.815158e+00,3.887677e+00,-1.416194e+00
climatology,test,179,2024-07-23T11:00:00,2024-07-23T17:00:00,sd,351848,2.388938e-03,1.346752e-02,2.010417e-03
climatology,test,180,2024-07-23T12:00:00,2024-07-23T18:00:00,swvl1,351848,3.503307e-02,5.896036e-02,8.214730e-03
climatology,test,180,2024-07-23T12:00:00,2024-07-23T18:00:00,stl1,351848,2.808017e+00,3.885013e+00,-1.440828e+00
climatology,test,180,2024-07-23T12:00:00,2024-07-23T18:00:00,sd,351848,2.380348e-03,1.342683e-02,2.003844e-03
climatology,test,181,2024-07-23T13:00:00,2024-07-23T19:00:00,swvl1,351848,3.504543e-02,5.897753e-02,8.181862e-03
climatology,test,181,2024-07-23T13:00:00,2024-07-23T19:00:00,stl1,351848,2.809143e+00,3.898077e+00,-1.463942e+00
climatology,test,181,2024-07-23T13:00:00,2024-07-23T19:00:00,sd,351848,2.371281e-03,1.338589e-02,1.996638e-03
climatology,test,182,2024-07-23T14:00:00,2024-07-23T20:00:00,swvl1,351848,3.506672e-02,5.901215e-02,8.133884e-03
climatology,test,182,2024-07-23T14:00:00,2024-07-23T20:00:00,stl1,351848,2.764551e+00,3.839045e+00,-1.462466e+00
climatology,test,182,2024-07-23T14:00:00,2024-07-23T20:00:00,sd,351848,2.362047e-03,1.334546e-02,1.988736e-03
climatology,test,183,2024-07-23T15:00:00,2024-07-23T21:00:00,swvl1,351848,3.509736e-02,5.906318e-02,8.069331e-03
climatology,test,183,2024-07-23T15:00:00,2024-07-23T21:00:00,stl1,351848,2.757842e+00,3.837402e+00,-1.470033e+00
climatology,test,183,2024-07-23T15:00:00,2024-07-23T21:00:00,sd,351848,2.353190e-03,1.330824e-02,1.980548e-03
climatology,test,184,2024-07-23T16:00:00,2024-07-23T22:00:00,swvl1,351848,3.488872e-02,5.862648e-02,7.991452e-03
climatology,test,184,2024-07-23T16:00:00,2024-07-23T22:00:00,stl1,351848,2.648182e+00,3.711080e+00,-1.408949e+00
climatology,test,184,2024-07-23T16:00:00,2024-07-23T22:00:00,sd,351848,2.346472e-03,1.328550e-02,1.974397e-03
climatology,test,185,2024-07-23T17:00:00,2024-07-23T23:00:00,swvl1,351848,3.489500e-02,5.861783e-02,7.952886e-03
climatology,test,185,2024-07-23T17:00:00,2024-07-23T23:00:00,stl1,351848,2.611559e+00,3.673542e+00,-1.399834e+00
climatology,test,185,2024-07-23T17:00:00,2024-07-23T23:00:00,sd,351848,2.339439e-03,1.325875e-02,1.967677e-03
climatology,test,186,2024-07-23T18:00:00,2024-07-24T00:00:00,swvl1,351848,3.512629e-02,5.905584e-02,7.949270e-03
climatology,test,186,2024-07-23T18:00:00,2024-07-24T00:00:00,stl1,351848,2.615339e+00,3.685955e+00,-1.377348e+00
climatology,test,186,2024-07-23T18:00:00,2024-07-24T00:00:00,sd,351848,2.393261e-03,1.357606e-02,2.016728e-03
climatology,test,187,2024-07-23T19:00:00,2024-07-24T01:00:00,swvl1,351848,3.512664e-02,5.904437e-02,7.927475e-03
climatology,test,187,2024-07-23T19:00:00,2024-07-24T01:00:00,stl1,351848,2.588819e+00,3.646775e+00,-1.313218e+00
climatology,test,187,2024-07-23T19:00:00,2024-07-24T01:00:00,sd,351848,2.385898e-03,1.355153e-02,2.009864e-03
climatology,test,188,2024-07-23T20:00:00,2024-07-24T02:00:00,swvl1,351848,3.514371e-02,5.906554e-02,7.891463e-03
climatology,test,188,2024-07-23T20:00:00,2024-07-24T02:00:00,stl1,351848,2.567342e+00,3.610470e+00,-1.248915e+00
climatology,test,188,2024-07-23T20:00:00,2024-07-24T02:00:00,sd,351848,2.379037e-03,1.352803e-02,2.003495e-03
climatology,test,189,2024-07-23T21:00:00,2024-07-24T03:00:00,swvl1,351848,3.517797e-02,5.913567e-02,7.837438e-03
climatology,test,189,2024-07-23T21:00:00,2024-07-24T03:00:00,stl1,351848,2.543763e+00,3.561128e+00,-1.189709e+00
climatology,test,189,2024-07-23T21:00:00,2024-07-24T03:00:00,sd,351848,2.371298e-03,1.350047e-02,1.996149e-03
climatology,test,190,2024-07-23T22:00:00,2024-07-24T04:00:00,swvl1,351848,3.521076e-02,5.922948e-02,7.777401e-03
climatology,test,190,2024-07-23T22:00:00,2024-07-24T04:00:00,stl1,351848,2.543811e+00,3.545613e+00,-1.159705e+00
climatology,test,190,2024-07-23T22:00:00,2024-07-24T04:00:00,sd,351848,2.362986e-03,1.347043e-02,1.988126e-03
climatology,test,191,2024-07-23T23:00:00,2024-07-24T05:00:00,swvl1,351848,3.523270e-02,5.932397e-02,7.713027e-03
climatology,test,191,2024-07-23T23:00:00,2024-07-24T05:00:00,stl1,351848,2.639294e+00,3.646944e+00,-1.142696e+00
climatology,test,191,2024-07-23T23:00:00,2024-07-24T05:00:00,sd,351848,2.353811e-03,1.343721e-02,1.979346e-03
climatology,test,192,2024-07-24T00:00:00,2024-07-24T06:00:00,swvl1,351848,3.524090e-02,5.940777e-02,7.687522e-03
climatology,test,192,2024-07-24T00:00:00,2024-07-24T06:00:00,stl1,351848,2.668191e+00,3.695239e+00,-1.106392e+00
climatology,test,192,2024-07-24T00:00:00,2024-07-24T06:00:00,sd,351848,2.343514e-03,1.339921e-02,1.969604e-03
climatology,test,193,2024-07-24T01:00:00,2024-07-24T07:00:00,swvl1,351848,3.523530e-02,5.944170e-02,7.669732e-03
climatology,test,193,2024-07-24T01:00:00,2024-07-24T07:00:00,stl1,351848,2.684496e+00,3.717534e+00,-1.067121e+00
climatology,test,193,2024-07-24T01:00:00,2024-07-24T07:00:00,sd,351848,2.332958e-03,1.335812e-02,1.959549e-03
climatology,test,194,2024-07-24T02:00:00,2024-07-24T08:00:00,swvl1,351848,3.525214e-02,5.947891e-02,7.657573e-03
climatology,test,194,2024-07-24T02:00:00,2024-07-24T08:00:00,stl1,351848,2.723759e+00,3.754894e+00,-1.049756e+00
climatology,test,194,2024-07-24T02:00:00,2024-07-24T08:00:00,sd,351848,2.322921e-03,1.331704e-02,1.949839e-03
climatology,test,195,2024-07-24T03:00:00,2024-07-24T09:00:00,swvl1,351848,3.526639e-02,5.952658e-02,7.644384e-03
climatology,test,195,2024-07-24T03:00:00,2024-07-24T09:00:00,stl1,351848,2.751435e+00,3.775226e+00,-1.024115e+00
climatology,test,195,2024-07-24T03:00:00,2024-07-24T09:00:00,sd,351848,2.313544e-03,1.327645e-02,1.940861e-03
climatology,test,196,2024-07-24T04:00:00,2024-07-24T10:00:00,swvl1,351848,3.516765e-02,5.930384e-02,7.527676e-03
climatology,test,196,2024-07-24T04:00:00,2024-07-24T10:00:00,stl1,351848,2.773468e+00,3.785115e+00,-1.030788e+00
climatology,test,196,2024-07-24T04:00:00,2024-07-24T10:00:00,sd,351848,2.308149e-03,1.325600e-02,1.930666e-03
climatology,test,197,2024-07-24T05:00:00,2024-07-24T11:00:00,swvl1,351848,3.516746e-02,5.926593e-02,7.483556e-03
climatology,test,197,2024-07-24T05:00:00,2024-07-24T11:00:00,stl1,351848,2.783433e+00,3.786212e+00,-1.026438e+00
climatology,test,197,2024-07-24T05:00:00,2024-07-24T11:00:00,sd,351848,2.301318e-03,1.322201e-02,1.923933e-03
climatology,test,198,2024-07-24T06:00:00,2024-07-24T12:00:00,swvl1,351848,3.534305e-02,5.949735e-02,7.550284e-03
climatology,test,198,2024-07-24T06:00:00,2024-07-24T12:00:00,stl1,351848,2.818524e+00,3.826828e+00,-1.067717e+00
climatology,test,198,2024-07-24T06:00:00,2024-07-24T12:00:00,sd,351848,2.417170e-03,1.361787e-02,2.037149e-03
climatology,test,199,2024-07-24T07:00:00,2024-07-24T13:00:00,swvl1,351848,3.534905e-02,5.946871e-02,7.500651e-03
climatology,test,199,2024-07-24T07:00:00,2024-07-24T13:00:00,stl1,351848,2.798170e+00,3.799221e+00,-1.080262e+00
climatology,test,199,2024-07-24T07:00:00,2024-07-24T13:00:00,sd,351848,2.411839e-03,1.358875e-02,2.032050e-03
climatology,test,200,2024-07-24T08:00:00,2024-07-24T14:00:00,swvl1,351848,3.537687e-02,5.947455e-02,7.460361e-03
climatology,test,200,2024-07-24T08:00:00,2024-07-24T14:00:00,stl1,351848,2.793629e+00,3.773011e+00,-1.107390e+00
climatology,test,200,2024-07-24T08:00:00,2024-07-24T14:00:00,sd,351848,2.406178e-03,1.355820e-02,2.026724e-03
climatology,test,201,2024-07-24T09:00:00,2024-07-24T15:00:00,swvl1,351848,3.543925e-02,5.956094e-02,7.413193e-03
climatology,test,201,2024-07-24T09:00:00,2024-07-24T15:00:00,stl1,351848,2.810247e+00,3.769043e+00,-1.160024e+00
climatology,test,201,2024-07-24T09:00:00,2024-07-24T15:00:00,sd,351848,2.399975e-03,1.352526e-02,2.021138e-03
climatology,test,202,2024-07-24T10:00:00,2024-07-24T16:00:00,swvl1,351848,3.549700e-02,5.964972e-02,7.385509e-03
climatology,test,202,2024-07-24T10:00:00,2024-07-24T16:00:00,stl1,351848,2.797845e+00,3.750244e+00,-1.181728e+00
climatology,test,202,2024-07-24T10:00:00,2024-07-24T16:00:00,sd,351848,2.393096e-03,1.349070e-02,2.014935e-03
climatology,test,203,2024-07-24T11:00:00,2024-07-24T17:00:00,swvl1,351848,3.555572e-02,5.975587e-02,7.362947e-03
climatology,test,203,2024-07-24T11:00:00,2024-07-24T17:00:00,stl1,351848,2.757648e+00,3.698094e+00,-1.217284e+00
climatology,test,203,2024-07-24T11:00:00,2024-07-24T17:00:00,sd,351848,2.385360e-03,1.345363e-02,2.007971e-03
climatology,test,204,2024-07-24T12:00:00,2024-07-24T18:00:00,swvl1,351848,3.560148e-02,5.984072e-02,7.357920e-03
climatology,test,204,2024-07-24T12:00:00,2024-07-24T18:00:00,stl1,351848,2.755221e+00,3.703549e+00,-1.243319e+00
climatology,test,204,2024-07-24T12:00:00,2024-07-24T18:00:00,sd,351848,2.377407e-03,1.341559e-02,2.000790e-03
climatology,test,205,2024-07-24T13:00:00,2024-07-24T19:00:00,swvl1,351848,3.564984e-02,5.994794e-02,7.347721e-03
climatology,test,205,2024-07-24T13:00:00,2024-07-24T19:00:00,stl1,351848,2.756048e+00,3.710953e+00,-1.271399e+00
climatology,test,205,2024-07-24T13:00:00,2024-07-24T19:00:00,sd,351848,2.368992e-03,1.337763e-02,1.993028e-03
climatology,test,206,2024-07-24T14:00:00,2024-07-24T20:00:00,swvl1,351848,3.569355e-02,6.005105e-02,7.351312e-03
climatology,test,206,2024-07-24T14:00:00,2024-07-24T20:00:00,stl1,351848,2.733084e+00,3.682644e+00,-1.277298e+00
climatology,test,206,2024-07-24T14:00:00,2024-07-24T20:00:00,sd,351848,2.360379e-03,1.334021e-02,1.984708e-03
climatology,test,207,2024-07-24T15:00:00,2024-07-24T21:00:00,swvl1,351848,3.571695e-02,6.010085e-02,7.350795e-03
climatology,test,207,2024-07-24T15:00:00,2024-07-24T21:00:00,stl1,351848,2.739809e+00,3.704442e+00,-1.314610e+00
climatology,test,207,2024-07-24T15:00:00,2024-07-24T21:00:00,sd,351848,2.352193e-03,1.330592e-02,1.976204e-03
climatology,test,208,2024-07-24T16:00:00,2024-07-24T22:00:00,swvl1,351848,3.545798e-02,5.961607e-02,7.284260e-03
climatology,test,208,2024-07-24T16:00:00,2024-07-24T22:00:00,stl1,351848,2.681743e+00,3.632484e+00,-1.224984e+00
climatology,test,208,2024-07-24T16:00:00,2024-07-24T22:00:00,sd,351848,2.346456e-03,1.328737e-02,1.970492e-03
climatology,test,209,2024-07-24T17:00:00,2024-07-24T23:00:00,swvl1,351848,3.547302e-02,5.964628e-02,7.286927e-03
climatology,test,209,2024-07-24T17:00:00,2024-07-24T23:00:00,stl1,351848,2.662141e+00,3.617593e+00,-1.226351e+00
climatology,test,209,2024-07-24T17:00:00,2024-07-24T23:00:00,sd,351848,2.339836e-03,1.326270e-02,1.963296e-03
climatology,test,210,2024-07-24T18:00:00,2024-07-25T00:00:00,swvl1,351848,3.574620e-02,6.017720e-02,7.302556e-03
climatology,test,210,2024-07-24T18:00:00,2024-07-25T00:00:00,stl1,351848,2.698143e+00,3.665384e+00,-1.233613e+00
climatology,test,210,2024-07-24T18:00:00,2024-07-25T00:00:00,sd,351848,2.394551e-03,1.358625e-02,2.013313e-03
climatology,test,211,2024-07-24T19:00:00,2024-07-25T01:00:00,swvl1,351848,3.573827e-02,6.017764e-02,7.303765e-03
climatology,test,211,2024-07-24T19:00:00,2024-07-25T01:00:00,stl1,351848,2.677931e+00,3.640009e+00,-1.199128e+00
climatology,test,211,2024-07-24T19:00:00,2024-07-25T01:00:00,sd,351848,2.387828e-03,1.356521e-02,2.005519e-03
climatology,test,212,2024-07-24T20:00:00,2024-07-25T02:00:00,swvl1,351848,3.572096e-02,6.017957e-02,7.312058e-03
climatology,test,212,2024-07-24T20:00:00,2024-07-25T02:00:00,stl1,351848,2.663766e+00,3.633000e+00,-1.147115e+00
climatology,test,212,2024-07-24T20:00:00,2024-07-25T02:00:00,sd,351848,2.381370e-03,1.354496e-02,1.998254e-03
climatology,test,213,2024-07-24T21:00:00,2024-07-25T03:00:00,swvl1,351848,3.571215e-02,6.021162e-02,7.316358e-03
climatology,test,213,2024-07-24T21:00:00,2024-07-25T03:00:00,stl1,351848,2.629396e+00,3.599197e+00,-1.093736e+00
climatology,test,213,2024-07-24T21:00:00,2024-07-25T03:00:00,sd,351848,2.373872e-03,1.352042e-02,1.990041e-03
climatology,test,214,2024-07-24T22:00:00,2024-07-25T04:00:00,swvl1,351848,3.569706e-02,6.021520e-02,7.329299e-03
climatology,test,214,2024-07-24T22:00:00,2024-07-25T04:00:00,stl1,351848,2.636653e+00,3.606534e+00,-1.053663e+00
climatology,test,214,2024-07-24T22:00:00,2024-07-25T04:00:00,sd,351848,2.365662e-03,1.349272e-02,1.981271e-03
climatology,test,215,2024-07-24T23:00:00,2024-07-25T05:00:00,swvl1,351848,3.568512e-02,6.020073e-02,7.355854e-03
climatology,test,215,2024-07-24T23:00:00,2024-07-25T05:00:00,stl1,351848,2.736126e+00,3.727586e+00,-1.019860e+00
climatology,test,215,2024-07-24T23:00:00,2024-07-25T05:00:00,sd,351848,2.356676e-03,1.346183e-02,1.971730e-03
climatology,test,216,2024-07-25T00:00:00,2024-07-25T06:00:00,swvl1,351848,3.566061e-02,6.016443e-02,7.403765e-03
climatology,test,216,2024-07-25T00:00:00,2024-07-25T06:00:00,stl1,351848,2.749702e+00,3.747739e+00,-9.620703e-01
climatology,test,216,2024-07-25T00:00:00,2024-07-25T06:00:00,sd,351848,2.346659e-03,1.342555e-02,1.961166e-03
climatology,test,217,2024-07-25T01:00:00,2024-07-25T07:00:00,swvl1,351848,3.563612e-02,6.011546e-02,7.457383e-03
climatology,test,217,2024-07-25T01:00:00,2024-07-25T07:00:00,stl1,351848,2.771758e+00,3.782974e+00,-9.374117e-01
climatology,test,217,2024-07-25T01:00:00,2024-07-25T07:00:00,sd,351848,2.336207e-03,1.338511e-02,1.950296e-03
climatology,test,218,2024-07-25T02:00:00,2024-07-25T08:00:00,swvl1,351848,3.562574e-02,6.006957e-02,7.503837e-03
climatology,test,218,2024-07-25T02:00:00,2024-07-25T08:00:00,stl1,351848,2.816628e+00,3.842824e+00,-9.505333e-01
climatology,test,218,2024-07-25T02:00:00,2024-07-25T08:00:00,sd,351848,2.326183e-03,1.334467e-02,1.939906e-03
climatology,test,219,2024-07-25T03:00:00,2024-07-25T09:00:00,swvl1,351848,3.560956e-02,6.001048e-02,7.542329e-03
climatology,test,219,2024-07-25T03:00:00,2024-07-25T09:00:00,stl1,351848,2.876471e+00,3.900811e+00,-9.459313e-01
climatology,test,219,2024-07-25T03:00:00,2024-07-25T09:00:00,sd,351848,2.316851e-03,1.330484e-02,1.930243e-03
climatology,test,220,2024-07-25T04:00:00,2024-07-25T10:00:00,swvl1,351848,3.548432e-02,5.970203e-02,7.426114e-03
climatology,test,220,2024-07-25T04:00:00,2024-07-25T10:00:00,stl1,351848,2.896608e+00,3.916767e+00,-9.432664e-01
climatology,test,220,2024-07-25T04:00:00,2024-07-25T10:00:00,sd,351848,2.309104e-03,1.327463e-02,1.922471e-03
climatology,test,221,2024-07-25T05:00:00,2024-07-25T11:00:00,swvl1,351848,3.545125e-02,5.962816e-02,7.434640e-03
climatology,test,221,2024-07-25T05:00:00,2024-07-25T11:00:00,stl1,351848,2.906734e+00,3.922058e+00,-9.676890e-01
climatology,test,221,2024-07-25T05:00:00,2024-07-25T11:00:00,sd,351848,2.302152e-03,1.324106e-02,1.915454e-03
climatology,test,222,2024-07-25T06:00:00,2024-07-25T12:00:00,swvl1,351848,3.557837e-02,5.978296e-02,7.549833e-03
climatology,test,222,2024-07-25T06:00:00,2024-07-25T12:00:00,stl1,351848,2.922893e+00,3.938077e+00,-1.026285e+00
climatology,test,222,2024-07-25T06:00:00,2024-07-25T12:00:00,sd,351848,2.417919e-03,1.363652e-02,2.028189e-03
climatology,test,223,2024-07-25T07:00:00,2024-07-25T13:00:00,swvl1,351848,3.556184e-02,5.970802e-02,7.544300e-03
climatology,test,223,2024-07-25T07:00:00,2024-07-25T13:00:00,stl1,351848,2.889032e+00,3.899880e+00,-1.042407e+00
climatology,test,223,2024-07-25T07:00:00,2024-07-25T13:00:00,sd,351848,2.412664e-03,1.360807e-02,2.022388e-03
climatology,test,224,2024-07-25T08:00:00,2024-07-25T14:00:00,swvl1,351848,3.556429e-02,5.967666e-02,7.536223e-03
climatology,test,224,2024-07-25T08:00:00,2024-07-25T14:00:00,stl1,351848,2.866233e+00,3.860105e+00,-1.056432e+00
climatology,test,224,2024-07-25T08:00:00,2024-07-25T14:00:00,sd,351848,2.407353e-03,1.357922e-02,2.016228e-03
climatology,test,225,2024-07-25T09:00:00,2024-07-25T15:00:00,swvl1,351848,3.558751e-02,5.971440e-02,7.522742e-03
climatology,test,225,2024-07-25T09:00:00,2024-07-25T15:00:00,stl1,351848,2.875990e+00,3.840761e+00,-1.118547e+00
climatology,test,225,2024-07-25T09:00:00,2024-07-25T15:00:00,sd,351848,2.401959e-03,1.354993e-02,2.009316e-03
climatology,test,226,2024-07-25T10:00:00,2024-07-25T16:00:00,swvl1,351848,3.560153e-02,5.972260e-02,7.506573e-03
climatology,test,226,2024-07-25T10:00:00,2024-07-25T16:00:00,stl1,351848,2.874421e+00,3.822660e+00,-1.130352e+00
climatology,test,226,2024-07-25T10:00:00,2024-07-25T16:00:00,sd,351848,2.395976e-03,1.351971e-02,2.001659e-03
climatology,test,227,2024-07-25T11:00:00,2024-07-25T17:00:00,swvl1,351848,3.558045e-02,5.967446e-02,7.508472e-03
climatology,test,227,2024-07-25T11:00:00,2024-07-25T17:00:00,stl1,351848,2.839249e+00,3.764833e+00,-1.158016e+00
climatology,test,227,2024-07-25T11:00:00,2024-07-25T17:00:00,sd,351848,2.389256e-03,1.348772e-02,1.993291e-03
climatology,test,228,2024-07-25T12:00:00,2024-07-25T18:00:00,swvl1,351848,3.555274e-02,5.962615e-02,7.489958e-03
climatology,test,228,2024-07-25T12:00:00,2024-07-25T18:00:00,stl1,351848,2.839956e+00,3.780769e+00,-1.160511e+00
climatology,test,228,2024-07-25T12:00:00,2024-07-25T18:00:00,sd,351848,2.382184e-03,1.345440e-02,1.984840e-03
climatology,test,229,2024-07-25T13:00:00,2024-07-25T19:00:00,swvl1,351848,3.552139e-02,5.956529e-02,7.470671e-03
climatology,test,229,2024-07-25T13:00:00,2024-07-25T19:00:00,stl1,351848,2.828657e+00,3.771718e+00,-1.168297e+00
climatology,test,229,2024-07-25T13:00:00,2024-07-25T19:00:00,sd,351848,2.374761e-03,1.342097e-02,1.975991e-03
climatology,test,230,2024-07-25T14:00:00,2024-07-25T20:00:00,swvl1,351848,3.551161e-02,5.953702e-02,7.430985e-03
climatology,test,230,2024-07-25T14:00:00,2024-07-25T20:00:00,stl1,351848,2.782694e+00,3.730041e+00,-1.166682e+00
climatology,test,230,2024-07-25T14:00:00,2024-07-25T20:00:00,sd,351848,2.367074e-03,1.338708e-02,1.966910e-03
climatology,test,231,2024-07-25T15:00:00,2024-07-25T21:00:00,swvl1,351848,3.549926e-02,5.949297e-02,7.392316e-03
climatology,test,231,2024-07-25T15:00:00,2024-07-25T21:00:00,stl1,351848,2.763359e+00,3.719562e+00,-1.168163e+00
climatology,test,231,2024-07-25T15:00:00,2024-07-25T21:00:00,sd,351848,2.359598e-03,1.335526e-02,1.957969e-03
climatology,test,232,2024-07-25T16:00:00,2024-07-25T22:00:00,swvl1,351848,3.524237e-02,5.900434e-02,7.142740e-03
climatology,test,232,2024-07-25T16:00:00,2024-07-25T22:00:00,stl1,351848,2.718177e+00,3.664807e+00,-1.120698e+00
climatology,test,232,2024-07-25T16:00:00,2024-07-25T22:00:00,sd,351848,2.354074e-03,1.333702e-02,1.952365e-03
climatology,test,233,2024-07-25T17:00:00,2024-07-25T23:00:00,swvl1,351848,3.523892e-02,5.897531e-02,7.073182e-03
climatology,test,233,2024-07-25T17:00:00,2024-07-25T23:00:00,stl1,351848,2.681662e+00,3.631270e+00,-1.073606e+00
climatology,test,233,2024-07-25T17:00:00,2024-07-25T23:00:00,sd,351848,2.348218e-03,1.331469e-02,1.945301e-03
climatology,test,234,2024-07-25T18:00:00,2024-07-26T00:00:00,swvl1,351848,3.549237e-02,5.943163e-02,7.021690e-03
climatology,test,234,2024-07-25T18:00:00,2024-07-26T00:00:00,stl1,351848,2.709331e+00,3.681885e+00,-1.055463e+00
climatology,test,234,2024-07-25T18:00:00,2024-07-26T00:00:00,sd,351848,2.399600e-03,1.363234e-02,2.003846e-03
climatology,test,235,2024-07-25T19:00:00,2024-07-26T01:00:00,swvl1,351848,3.549394e-02,5.939799e-02,6.941929e-03
climatology,test,235,2024-07-25T19:00:00,2024-07-26T01:00:00,stl1,351848,2.676796e+00,3.648365e+00,-1.023807e+00
climatology,test,235,2024-07-25T19:00:00,2024-07-26T01:00:00,sd,351848,2.393280e-03,1.361189e-02,1.996366e-03
climatology,test,236,2024-07-25T20:00:00,2024-07-26T02:00:00,swvl1,351848,3.550881e-02,5.938622e-02,6.869467e-03
climatology,test,236,2024-07-25T20:00:00,2024-07-26T02:00:00,stl1,351848,2.682858e+00,3.674658e+00,-9.876815e-01
climatology,test,236,2024-07-25T20:00:00,2024-07-26T02:00:00,sd,351848,2.387413e-03,1.359202e-02,1.989330e-03
climatology,test,237,2024-07-25T21:00:00,2024-07-26T03:00:00,swvl1,351848,3.553049e-02,5.939499e-02,6.819799e-03
climatology,test,237,2024-07-25T21:00:00,2024-07-26T03:00:00,stl1,351848,2.674841e+00,3.684963e+00,-9.501620e-01
climatology,test,237,2024-07-25T21:00:00,2024-07-26T03:00:00,sd,351848,2.378148e-03,1.355121e-02,1.983940e-03
climatology,test,238,2024-07-25T22:00:00,2024-07-26T04:00:00,swvl1,351848,3.555623e-02,5.941454e-02,6.788254e-03
climatology,test,238,2024-07-25T22:00:00,2024-07-26T04:00:00,stl1,351848,2.688024e+00,3.715516e+00,-9.131737e-01
climatology,test,238,2024-07-25T22:00:00,2024-07-26T04:00:00,sd,351848,2.370474e-03,1.352259e-02,1.975587e-03
climatology,test,239,2024-07-25T23:00:00,2024-07-26T05:00:00,swvl1,351848,3.557609e-02,5.943013e-02,6.762449e-03
climatology,test,239,2024-07-25T23:00:00,2024-07-26T05:00:00,stl1,351848,2.761017e+00,3.815704e+00,-9.201662e-01
climatology,test,239,2024-07-25T23:00:00,2024-07-26T05:00:00,sd,351848,2.361860e-03,1.349074e-02,1.966224e-03
climatology,test,240,2024-07-26T00:00:00,2024-07-26T06:00:00,swvl1,351848,3.560607e-02,5.944715e-02,6.736223e-03
climatology,test,240,2024-07-26T00:00:00,2024-07-26T06:00:00,stl1,351848,2.786003e+00,3.861612e+00,-8.427625e-01
climatology,test,240,2024-07-26T00:00:00,2024-07-26T06:00:00,sd,351848,2.352108e-03,1.345446e-02,1.955486e-03
climatology,test,241,2024-07-26T01:00:00,2024-07-26T07:00:00,swvl1,351848,3.561885e-02,5.943701e-02,6.732788e-03
climatology,test,241,2024-07-26T01:00:00,2024-07-26T07:00:00,stl1,351848,2.779733e+00,3.873606e+00,-8.545074e-01
climatology,test,241,2024-07-26T01:00:00,2024-07-26T07:00:00,sd,351848,2.341986e-03,1.341504e-02,1.944363e-03
climatology,test,242,2024-07-26T02:00:00,2024-07-26T08:00:00,swvl1,351848,3.562813e-02,5.943243e-02,6.744321e-03
climatology,test,242,2024-07-26T02:00:00,2024-07-26T08:00:00,stl1,351848,2.833596e+00,3.941622e+00,-8.893479e-01
climatology,test,242,2024-07-26T02:00:00,2024-07-26T08:00:00,sd,351848,2.332270e-03,1.337575e-02,1.933779e-03
climatology,test,243,2024-07-26T03:00:00,2024-07-26T09:00:00,swvl1,351848,3.563601e-02,5.945843e-02,6.744078e-03
climatology,test,243,2024-07-26T03:00:00,2024-07-26T09:00:00,stl1,351848,2.877116e+00,3.987236e+00,-9.008103e-01
climatology,test,243,2024-07-26T03:00:00,2024-07-26T09:00:00,sd,351848,2.323678e-03,1.333890e-02,1.923650e-03
climatology,test,244,2024-07-26T04:00:00,2024-07-26T10:00:00,swvl1,351848,3.554862e-02,5.918638e-02,6.786004e-03
climatology,test,244,2024-07-26T04:00:00,2024-07-26T10:00:00,stl1,351848,2.925016e+00,4.042517e+00,-9.095136e-01
climatology,test,244,2024-07-26T04:00:00,2024-07-26T10:00:00,sd,351848,2.319836e-03,1.332316e-02,1.931364e-03
climatology,test,245,2024-07-26T05:00:00,2024-07-26T11:00:00,swvl1,351848,3.555002e-02,5.919352e-02,6.789511e-03
climatology,test,245,2024-07-26T05:00:00,2024-07-26T11:00:00,stl1,351848,2.956096e+00,4.056978e+00,-9.223928e-01
climatology,test,245,2024-07-26T05:00:00,2024-07-26T11:00:00,sd,351848,2.313465e-03,1.329020e-02,1.924287e-03
climatology,test,246,2024-07-26T06:00:00,2024-07-26T12:00:00,swvl1,351848,3.570502e-02,5.944383e-02,6.902415e-03
climatology,test,246,2024-07-26T06:00:00,2024-07-26T12:00:00,stl1,351848,2.987727e+00,4.087998e+00,-9.613919e-01
climatology,test,246,2024-07-26T06:00:00,2024-07-26T12:00:00,sd,351848,2.429936e-03,1.368615e-02,2.037067e-03
climatology,test,247,2024-07-26T07:00:00,2024-07-26T13:00:00,swvl1,351848,3.573504e-02,5.952953e-02,6.874213e-03
climatology,test,247,2024-07-26T07:00:00,2024-07-26T13:00:00,stl1,351848,2.954229e+00,4.040249e+00,-1.000434e+00
climatology,test,247,2024-07-26T07:00:00,2024-07-26T13:00:00,sd,351848,2.425015e-03,1.365819e-02,2.031574e-03
climatology,test,248,2024-07-26T08:00:00,2024-07-26T14:00:00,swvl1,351848,3.579180e-02,5.963950e-02,6.823271e-03
climatology,test,248,2024-07-26T08:00:00,2024-07-26T14:00:00,stl1,351848,2.929808e+00,3.977936e+00,-1.057680e+00
climatology,test,248,2024-07-26T08:00:00,2024-07-26T14:00:00,sd,351848,2.419976e-03,1.362999e-02,2.025901e-03
climatology,test,249,2024-07-26T09:00:00,2024-07-26T15:00:00,swvl1,351848,3.584255e-02,5.973189e-02,6.786610e-03
climatology,test,249,2024-07-26T09:00:00,2024-07-26T15:00:00,stl1,351848,2.937502e+00,3.960420e+00,-1.123385e+00
climatology,test,249,2024-07-26T09:00:00,2024-07-26T15:00:00,sd,351848,2.414866e-03,1.360354e-02,2.019248e-03
climatology,test,250,2024-07-26T10:00:00,2024-07-26T16:00:00,swvl1,351848,3.588174e-02,5.977324e-02,6.765280e-03
climatology,test,250,2024-07-26T10:00:00,2024-07-26T16:00:00,stl1,351848,2.923446e+00,3.926951e+00,-1.140124e+00
climatology,test,250,2024-07-26T10:00:00,2024-07-26T16:00:00,sd,351848,2.409114e-03,1.357582e-02,2.011835e-03
climatology,test,251,2024-07-26T11:00:00,2024-07-26T17:00:00,swvl1,351848,3.589549e-02,5.977414e-02,6.768471e-03
climatology,test,251,2024-07-26T11:00:00,2024-07-26T17:00:00,stl1,351848,2.895465e+00,3.884167e+00,-1.177783e+00
climatology,test,251,2024-07-26T11:00:00,2024-07-26T17:00:00,sd,351848,2.402618e-03,1.354624e-02,2.003601e-03
climatology,test,252,2024-07-26T12:00:00,2024-07-26T18:00:00,swvl1,351848,3.589107e-02,5.973528e-02,6.777531e-03
climatology,test,252,2024-07-26T12:00:00,2024-07-26T18:00:00,stl1,351848,2.880376e+00,3.857771e+00,-1.196837e+00
climatology,test,252,2024-07-26T12:00:00,2024-07-26T18:00:00,sd,351848,2.395840e-03,1.351587e-02,1.995164e-03
climatology,test,253,2024-07-26T13:00:00,2024-07-26T19:00:00,swvl1,351848,3.588979e-02,5.971292e-02,6.786571e-03
climatology,test,253,2024-07-26T13:00:00,2024-07-26T19:00:00,stl1,351848,2.861439e+00,3.833957e+00,-1.213117e+00
climatology,test,253,2024-07-26T13:00:00,2024-07-26T19:00:00,sd,351848,2.388687e-03,1.348597e-02,1.986236e-03
climatology,test,254,2024-07-26T14:00:00,2024-07-26T20:00:00,swvl1,351848,3.589916e-02,5.971601e-02,6.774397e-03
climatology,test,254,2024-07-26T14:00:00,2024-07-26T20:00:00,stl1,351848,2.802592e+00,3.756533e+00,-1.216648e+00
climatology,test,254,2024-07-26T14:00:00,2024-07-26T20:00:00,sd,351848,2.381243e-03,1.345610e-02,1.976933e-03
climatology,test,255,2024-07-26T15:00:00,2024-07-26T21:00:00,swvl1,351848,3.590644e-02,5.971015e-02,6.749710e-03
climatology,test,255,2024-07-26T15:00:00,2024-07-26T21:00:00,stl1,351848,2.796346e+00,3.745463e+00,-1.207859e+00
climatology,test,255,2024-07-26T15:00:00,2024-07-26T21:00:00,sd,351848,2.373893e-03,1.342813e-02,1.967770e-03
climatology,test,256,2024-07-26T16:00:00,2024-07-26T22:00:00,swvl1,351848,3.561951e-02,5.918082e-02,6.654811e-03
climatology,test,256,2024-07-26T16:00:00,2024-07-26T22:00:00,stl1,351848,2.705877e+00,3.662839e+00,-1.164970e+00
climatology,test,256,2024-07-26T16:00:00,2024-07-26T22:00:00,sd,351848,2.368439e-03,1.341249e-02,1.961361e-03
climatology,test,257,2024-07-26T17:00:00,2024-07-26T23:00:00,swvl1,351848,3.560402e-02,5.914790e-02,6.628928e-03
climatology,test,257,2024-07-26T17:00:00,2024-07-26T23:00:00,stl1,351848,2.673939e+00,3.620128e+00,-1.122571e+00
climatology,test,257,2024-07-26T17:00:00,2024-07-26T23:00:00,sd,351848,2.362472e-03,1.339312e-02,1.954031e-03
climatology,test,258,2024-07-26T18:00:00,2024-07-27T00:00:00,swvl1,351848,3.584538e-02,5.960337e-02,6.621131e-03
climatology,test,258,2024-07-26T18:00:00,2024-07-27T00:00:00,stl1,351848,2.686137e+00,3.649960e+00,-1.107233e+00
climatology,test,258,2024-07-26T18:00:00,2024-07-27T00:00:00,sd,351848,2.412329e-03,1.371833e-02,2.010780e-03
climatology,test,259,2024-07-26T19:00:00,2024-07-27T01:00:00,swvl1,351848,3.585986e-02,5.962224e-02,6.586607e-03
climatology,test,259,2024-07-26T19:00:00,2024-07-27T01:00:00,stl1,351848,2.638413e+00,3.610399e+00,-1.080907e+00
climatology,test,259,2024-07-26T19:00:00,2024-07-27T01:00:00,sd,351848,2.405896e-03,1.370088e-02,2.003375e-03
climatology,test,260,2024-07-26T20:00:00,2024-07-27T02:00:00,swvl1,351848,3.588548e-02,5.965767e-02,6.568018e-03
climatology,test,260,2024-07-26T20:00:00,2024-07-27T02:00:00,stl1,351848,2.669940e+00,3.661905e+00,-1.035070e+00
climatology,test,260,2024-07-26T20:00:00,2024-07-27T02:00:00,sd,351848,2.399741e-03,1.368382e-02,1.996453e-03
climatology,test,261,2024-07-26T21:00:00,2024-07-27T03:00:00,swvl1,351848,3.592799e-02,5.972186e-02,6.564860e-03
climatology,test,261,2024-07-26T21:00:00,2024-07-27T03:00:00,stl1,351848,2.675810e+00,3.702647e+00,-1.014326e+00
climatology,test,261,2024-07-26T21:00:00,2024-07-27T03:00:00,sd,351848,2.392514e-03,1.366202e-02,1.988707e-03
climatology,test,262,2024-07-26T22:00:00,2024-07-27T04:00:00,swvl1,351848,3.597626e-02,5.979098e-02,6.564307e-03
climatology,test,262,2024-07-26T22:00:00,2024-07-27T04:00:00,stl1,351848,2.675145e+00,3.712373e+00,-9.460276e-01
climatology,test,262,2024-07-26T22:00:00,2024-07-27T04:00:00,sd,351848,2.380523e-03,1.360215e-02,1.984845e-03
climatology,test,263,2024-07-26T23:00:00,2024-07-27T05:00:00,swvl1,351848,3.602304e-02,5.987447e-02,6.568819e-03
climatology,test,263,2024-07-26T23:00:00,2024-07-27T05:00:00,stl1,351848,2.739172e+00,3.804519e+00,-9.538094e-01
climatology,test,263,2024-07-26T23:00:00,2024-07-27T05:00:00,sd,351848,2.371632e-03,1.357223e-02,1.975846e-03
climatology,test,264,2024-07-27T00:00:00,2024-07-27T06:00:00,swvl1,351848,3.603622e-02,5.989232e-02,6.589099e-03
climatology,test,264,2024-07-27T00:00:00,2024-07-27T06:00:00,stl1,351848,2.752431e+00,3.845506e+00,-9.262249e-01
climatology,test,264,2024-07-27T00:00:00,2024-07-27T06:00:00,sd,351848,2.361527e-03,1.353663e-02,1.965705e-03
climatology,test,265,2024-07-27T01:00:00,2024-07-27T07:00:00,swvl1,351848,3.605166e-02,5.991779e-02,6.611545e-03
climatology,test,265,2024-07-27T01:00:00,2024-07-27T07:00:00,stl1,351848,2.784363e+00,3.908877e+00,-9.361316e-01
climatology,test,265,2024-07-27T01:00:00,2024-07-27T07:00:00,sd,351848,2.350878e-03,1.349725e-02,1.955051e-03
climatology,test,266,2024-07-27T02:00:00,2024-07-27T08:00:00,swvl1,351848,3.603843e-02,5.989845e-02,6.628025e-03
climatology,test,266,2024-07-27T02:00:00,2024-07-27T08:00:00,stl1,351848,2.842167e+00,3.996315e+00,-9.484118e-01
climatology,test,266,2024-07-27T02:00:00,2024-07-27T08:00:00,sd,351848,2.340594e-03,1.345799e-02,1.944610e-03
climatology,test,267,2024-07-27T03:00:00,2024-07-27T09:00:00,swvl1,351848,3.601066e-02,5.986188e-02,6.631470e-03
climatology,test,267,2024-07-27T03:00:00,2024-07-27T09:00:00,stl1,351848,2.889747e+00,4.052776e+00,-9.434228e-01
climatology,test,267,2024-07-27T03:00:00,2024-07-27T09:00:00,sd,351848,2.330954e-03,1.341972e-02,1.934833e-03
climatology,test,268,2024-07-27T04:00:00,2024-07-27T10:00:00,swvl1,351848,3.589537e-02,5.962689e-02,6.575293e-03
climatology,test,268,2024-07-27T04:00:00,2024-07-27T10:00:00,stl1,351848,2.919879e+00,4.067789e+00,-9.634290e-01
climatology,test,268,2024-07-27T04:00:00,2024-07-27T10:00:00,sd,351848,2.323096e-03,1.338792e-02,1.926280e-03
climatology,test,269,2024-07-27T05:00:00,2024-07-27T11:00:00,swvl1,351848,3.588073e-02,5.961141e-02,6.564465e-03
climatology,test,269,2024-07-27T05:00:00,2024-07-27T11:00:00,stl1,351848,2.926010e+00,4.065540e+00,-9.803215e-01
climatology,test,269,2024-07-27T05:00:00,2024-07-27T11:00:00,sd,351848,2.315786e-03,1.335441e-02,1.918940e-03
climatology,test,270,2024-07-27T06:00:00,2024-07-27T12:00:00,swvl1,351848,3.600520e-02,5.981202e-02,6.660302e-03
climatology,test,270,2024-07-27T06:00:00,2024-07-27T12:00:00,stl1,351848,2.972297e+00,4.118048e+00,-1.026726e+00
climatology,test,270,2024-07-27T06:00:00,2024-07-27T12:00:00,sd,351848,2.431641e-03,1.374802e-02,2.031384e-03
climatology,test,271,2024-07-27T07:00:00,2024-07-27T13:00:00,swvl1,351848,3.600039e-02,5.979606e-02,6.633808e-03
climatology,test,271,2024-07-27T07:00:00,2024-07-27T13:00:00,stl1,351848,2.953569e+00,4.099342e+00,-1.051159e+00
climatology,test,271,2024-07-27T07:00:00,2024-07-27T13:00:00,sd,351848,2.425705e-03,1.371932e-02,2.025407e-03
climatology,test,272,2024-07-27T08:00:00,2024-07-27T14:00:00,swvl1,351848,3.599638e-02,5.979609e-02,6.574172e-03
climatology,test,272,2024-07-27T08:00:00,2024-07-27T14:00:00,stl1,351848,2.919458e+00,4.051615e+00,-1.086955e+00
climatology,test,272,2024-07-27T08:00:00,2024-07-27T14:00:00,sd,351848,2.419571e-03,1.368954e-02,2.019304e-03
climatology,test,273,2024-07-27T09:00:00,2024-07-27T15:00:00,swvl1,351848,3.597991e-02,5.975968e-02,6.537890e-03
climatology,test,273,2024-07-27T09:00:00,2024-07-27T15:00:00,stl1,351848,2.923703e+00,4.036886e+00,-1.140984e+00
climatology,test,273,2024-07-27T09:00:00,2024-07-27T15:00:00,sd,351848,2.413135e-03,1.365915e-02,2.012708e-03
climatology,test,274,2024-07-27T10:00:00,2024-07-27T16:00:00,swvl1,351848,3.594789e-02,5.967119e-02,6.511426e-03
climatology,test,274,2024-07-27T10:00:00,2024-07-27T16:00:00,stl1,351848,2.933760e+00,4.019534e+00,-1.172573e+00
climatology,test,274,2024-07-27T10:00:00,2024-07-27T16:00:00,sd,351848,2.406055e-03,1.362732e-02,2.005309e-03
climatology,test,275,2024-07-27T11:00:00,2024-07-27T17:00:00,swvl1,351848,3.590814e-02,5.957463e-02,6.504899e-03
climatology,test,275,2024-07-27T11:00:00,2024-07-27T17:00:00,stl1,351848,2.926980e+00,4.010141e+00,-1.197244e+00
climatology,test,275,2024-07-27T11:00:00,2024-07-27T17:00:00,sd,351848,2.398244e-03,1.359369e-02,1.997063e-03
climatology,test,276,2024-07-27T12:00:00,2024-07-27T18:00:00,swvl1,351848,3.586997e-02,5.948593e-02,6.505180e-03
climatology,test,276,2024-07-27T12:00:00,2024-07-27T18:00:00,stl1,351848,2.917113e+00,3.988957e+00,-1.224300e+00
climatology,test,276,2024-07-27T12:00:00,2024-07-27T18:00:00,sd,351848,2.390126e-03,1.355890e-02,1.988493e-03
climatology,test,277,2024-07-27T13:00:00,2024-07-27T19:00:00,swvl1,351848,3.582928e-02,5.940829e-02,6.501431e-03
climatology,test,277,2024-07-27T13:00:00,2024-07-27T19:00:00,stl1,351848,2.912284e+00,3.985948e+00,-1.226438e+00
climatology,test,277,2024-07-27T13:00:00,2024-07-27T19:00:00,sd,351848,2.381427e-03,1.352315e-02,1.979230e-03
climatology,test,278,2024-07-27T14:00:00,2024-07-27T20:00:00,swvl1,351848,3.579036e-02,5.933845e-02,6.493523e-03
climatology,test,278,2024-07-27T14:00:00,2024-07-27T20:00:00,stl1,351848,2.880387e+00,3.948049e+00,-1.261890e+00
climatology,test,278,2024-07-27T14:00:00,2024-07-27T20:00:00,sd,351848,2.372169e-03,1.348562e-02,1.969542e-03
climatology,test,279,2024-07-27T15:00:00,2024-07-27T21:00:00,swvl1,351848,3.573635e-02,5.924190e-02,6.482750e-03
climatology,test,279,2024-07-27T15:00:00,2024-07-27T21:00:00,stl1,351848,2.884237e+00,3.952347e+00,-1.280114e+00
climatology,test,279,2024-07-27T15:00:00,2024-07-27T21:00:00,sd,351848,2.362754e-03,1.344874e-02,1.959809e-03
climatology,test,280,2024-07-27T16:00:00,2024-07-27T22:00:00,swvl1,351848,3.545096e-02,5.873494e-02,6.348324e-03
climatology,test,280,2024-07-27T16:00:00,2024-07-27T22:00:00,stl1,351848,2.796266e+00,3.827498e+00,-1.203695e+00
climatology,test,280,2024-07-27T16:00:00,2024-07-27T22:00:00,sd,351848,2.354293e-03,1.342263e-02,1.951124e-03
climatology,test,281,2024-07-27T17:00:00,2024-07-27T23:00:00,swvl1,351848,3.539591e-02,5.865458e-02,6.311989e-03
climatology,test,281,2024-07-27T17:00:00,2024-07-27T23:00:00,stl1,351848,2.761641e+00,3.794828e+00,-1.188263e+00
climatology,test,281,2024-07-27T17:00:00,2024-07-27T23:00:00,sd,351848,2.346273e-03,1.339330e-02,1.942813e-03
climatology,test,282,2024-07-27T18:00:00,2024-07-28T00:00:00,swvl1,351848,3.557128e-02,5.904874e-02,6.294557e-03
climatology,test,282,2024-07-27T18:00:00,2024-07-28T00:00:00,stl1,351848,2.760363e+00,3.807290e+00,-1.188685e+00
climatology,test,282,2024-07-27T18:00:00,2024-07-28T00:00:00,sd,351848,2.412464e-03,1.374012e-02,2.004025e-03
climatology,test,283,2024-07-27T19:00:00,2024-07-28T01:00:00,swvl1,351848,3.551380e-02,5.896822e-02,6.279165e-03
climatology,test,283,2024-07-27T19:00:00,2024-07-28T01:00:00,stl1,351848,2.720962e+00,3.758088e+00,-1.132812e+00
climatology,test,283,2024-07-27T19:00:00,2024-07-28T01:00:00,sd,351848,2.404336e-03,1.371202e-02,1.995760e-03
climatology,test,284,2024-07-27T20:00:00,2024-07-28T02:00:00,swvl1,351848,3.546897e-02,5.891784e-02,6.262184e-03
climatology,test,284,2024-07-27T20:00:00,2024-07-28T02:00:00,stl1,351848,2.735901e+00,3.796100e+00,-1.086345e+00
climatology,test,284,2024-07-27T20:00:00,2024-07-28T02:00:00,sd,351848,2.396813e-03,1.368478e-02,1.988241e-03
climatology,test,285,2024-07-27T21:00:00,2024-07-28T03:00:00,swvl1,351848,3.542307e-02,5.887625e-02,6.263725e-03
climatology,test,285,2024-07-27T21:00:00,2024-07-28T03:00:00,stl1,351848,2.721367e+00,3.791406e+00,-1.064755e+00
climatology,test,285,2024-07-27T21:00:00,2024-07-28T03:00:00,sd,351848,2.388541e-03,1.365398e-02,1.980096e-03
climatology,test,286,2024-07-27T22:00:00,2024-07-28T04:00:00,swvl1,351848,3.540201e-02,5.887898e-02,6.265445e-03
climatology,test,286,2024-07-27T22:00:00,2024-07-28T04:00:00,stl1,351848,2.704927e+00,3.779190e+00,-1.044294e+00
climatology,test,286,2024-07-27T22:00:00,2024-07-28T04:00:00,sd,351848,2.379926e-03,1.362164e-02,1.971748e-03
climatology,test,287,2024-07-27T23:00:00,2024-07-28T05:00:00,swvl1,351848,3.538399e-02,5.888788e-02,6.289609e-03
climatology,test,287,2024-07-27T23:00:00,2024-07-28T05:00:00,stl1,351848,2.757868e+00,3.875695e+00,-1.071525e+00
climatology,test,287,2024-07-27T23:00:00,2024-07-28T05:00:00,sd,351848,2.370614e-03,1.358685e-02,1.962758e-03
climatology,test,288,2024-07-28T00:00:00,2024-07-28T06:00:00,swvl1,351848,3.535889e-02,5.887551e-02,6.333669e-03
climatology,test,288,2024-07-28T00:00:00,2024-07-28T06:00:00,stl1,351848,2.773359e+00,3.904080e+00,-1.029019e+00
climatology,test,288,2024-07-28T00:00:00,2024-07-28T06:00:00,sd,351848,2.360342e-03,1.354801e-02,1.952817e-03
climatology,test,289,2024-07-28T01:00:00,2024-07-28T07:00:00,swvl1,351848,3.533235e-02,5.885348e-02,6.368087e-03
climatology,test,289,2024-07-28T01:00:00,2024-07-28T07:00:00,stl1,351848,2.803170e+00,3.965829e+00,-1.006439e+00
climatology,test,289,2024-07-28T01:00:00,2024-07-28T07:00:00,sd,351848,2.349720e-03,1.350602e-02,1.942575e-03
climatology,test,290,2024-07-28T02:00:00,2024-07-28T08:00:00,swvl1,351848,3.529342e-02,5.880958e-02,6.371886e-03
climatology,test,290,2024-07-28T02:00:00,2024-07-28T08:00:00,stl1,351848,2.857394e+00,4.050907e+00,-1.014411e+00
climatology,test,290,2024-07-28T02:00:00,2024-07-28T08:00:00,sd,351848,2.339494e-03,1.346374e-02,1.932730e-03
climatology,test,291,2024-07-28T03:00:00,2024-07-28T09:00:00,swvl1,351848,3.526515e-02,5.878961e-02,6.367492e-03
climatology,test,291,2024-07-28T03:00:00,2024-07-28T09:00:00,stl1,351848,2.890722e+00,4.089207e+00,-1.024842e+00
climatology,test,291,2024-07-28T03:00:00,2024-07-28T09:00:00,sd,351848,2.329984e-03,1.342202e-02,1.923577e-03
climatology,test,292,2024-07-28T04:00:00,2024-07-28T10:00:00,swvl1,351848,3.511235e-02,5.840208e-02,6.370278e-03
climatology,test,292,2024-07-28T04:00:00,2024-07-28T10:00:00,stl1,351848,2.891921e+00,4.082699e+00,-1.009115e+00
climatology,test,292,2024-07-28T04:00:00,2024-07-28T10:00:00,sd,351848,2.321791e-03,1.338256e-02,1.916707e-03
climatology,test,293,2024-07-28T05:00:00,2024-07-28T11:00:00,swvl1,351848,3.505673e-02,5.833601e-02,6.383968e-03
climatology,test,293,2024-07-28T05:00:00,2024-07-28T11:00:00,stl1,351848,2.914536e+00,4.104897e+00,-9.991721e-01
climatology,test,293,2024-07-28T05:00:00,2024-07-28T11:00:00,sd,351848,2.315083e-03,1.334832e-02,1.910109e-03
climatology,test,294,2024-07-28T06:00:00,2024-07-28T12:00:00,swvl1,351848,3.512205e-02,5.847262e-02,6.523665e-03
climatology,test,294,2024-07-28T06:00:00,2024-07-28T12:00:00,stl1,351848,2.949108e+00,4.155863e+00,-1.033218e+00
climatology,test,294,2024-07-28T06:00:00,2024-07-28T12:00:00,sd,351848,2.431758e-03,1.374035e-02,2.023393e-03
climatology,test,295,2024-07-28T07:00:00,2024-07-28T13:00:00,swvl1,351848,3.507959e-02,5.845727e-02,6.527155e-03
climatology,test,295,2024-07-28T07:00:00,2024-07-28T13:00:00,stl1,351848,2.929789e+00,4.132921e+00,-1.032331e+00
climatology,test,295,2024-07-28T07:00:00,2024-07-28T13:00:00,sd,351848,2.426571e-03,1.371153e-02,2.018410e-03
climatology,test,296,2024-07-28T08:00:00,2024-07-28T14:00:00,swvl1,351848,3.503876e-02,5.843686e-02,6.516405e-03
climatology,test,296,2024-07-28T08:00:00,2024-07-28T14:00:00,stl1,351848,2.887471e+00,4.038423e+00,-1.068565e+00
climatology,test,296,2024-07-28T08:00:00,2024-07-28T14:00:00,sd,351848,2.421250e-03,1.368266e-02,2.013294e-03
climatology,test,297,2024-07-28T09:00:00,2024-07-28T15:00:00,swvl1,351848,3.502928e-02,5.844404e-02,6.486868e-03
climatology,test,297,2024-07-28T09:00:00,2024-07-28T15:00:00,stl1,351848,2.886214e+00,4.013264e+00,-1.097168e+00
climatology,test,297,2024-07-28T09:00:00,2024-07-28T15:00:00,sd,351848,2.415545e-03,1.365240e-02,2.007789e-03
climatology,test,298,2024-07-28T10:00:00,2024-07-28T16:00:00,swvl1,351848,3.499901e-02,5.840361e-02,6.471621e-03
climatology,test,298,2024-07-28T10:00:00,2024-07-28T16:00:00,stl1,351848,2.890325e+00,4.005263e+00,-1.127472e+00
climatology,test,298,2024-07-28T10:00:00,2024-07-28T16:00:00,sd,351848,2.409185e-03,1.362081e-02,2.001496e-03
climatology,test,299,2024-07-28T11:00:00,2024-07-28T17:00:00,swvl1,351848,3.493511e-02,5.829325e-02,6.481514e-03
climatology,test,299,2024-07-28T11:00:00,2024-07-28T17:00:00,stl1,351848,2.885103e+00,3.988975e+00,-1.185971e+00
climatology,test,299,2024-07-28T11:00:00,2024-07-28T17:00:00,sd,351848,2.402033e-03,1.358721e-02,1.994422e-03
climatology,test,300,2024-07-28T12:00:00,2024-07-28T18:00:00,swvl1,351848,3.487181e-02,5.819517e-02,6.488703e-03
climatology,test,300,2024-07-28T12:00:00,2024-07-28T18:00:00,stl1,351848,2.896496e+00,3.993392e+00,-1.204760e+00
climatology,test,300,2024-07-28T12:00:00,2024-07-28T18:00:00,sd,351848,2.394674e-03,1.355275e-02,1.987170e-03
climatology,test,301,2024-07-28T13:00:00,2024-07-28T19:00:00,swvl1,351848,3.481300e-02,5.810785e-02,6.488928e-03
climatology,test,301,2024-07-28T13:00:00,2024-07-28T19:00:00,stl1,351848,2.900256e+00,4.000643e+00,-1.224275e+00
climatology,test,301,2024-07-28T13:00:00,2024-07-28T19:00:00,sd,351848,2.386818e-03,1.351778e-02,1.979539e-03
climatology,test,302,2024-07-28T14:00:00,2024-07-28T20:00:00,swvl1,351848,3.476378e-02,5.803728e-02,6.479299e-03
climatology,test,302,2024-07-28T14:00:00,2024-07-28T20:00:00,stl1,351848,2.897634e+00,3.981967e+00,-1.220257e+00
climatology,test,302,2024-07-28T14:00:00,2024-07-28T20:00:00,sd,351848,2.378641e-03,1.348209e-02,1.971694e-03
climatology,test,303,2024-07-28T15:00:00,2024-07-28T21:00:00,swvl1,351848,3.471421e-02,5.798372e-02,6.445194e-03
climatology,test,303,2024-07-28T15:00:00,2024-07-28T21:00:00,stl1,351848,2.901046e+00,3.985185e+00,-1.220370e+00
climatology,test,303,2024-07-28T15:00:00,2024-07-28T21:00:00,sd,351848,2.370526e-03,1.344782e-02,1.963909e-03
climatology,test,304,2024-07-28T16:00:00,2024-07-28T22:00:00,swvl1,351848,3.448931e-02,5.764476e-02,6.289146e-03
climatology,test,304,2024-07-28T16:00:00,2024-07-28T22:00:00,stl1,351848,2.831414e+00,3.906143e+00,-1.149665e+00
climatology,test,304,2024-07-28T16:00:00,2024-07-28T22:00:00,sd,351848,2.364447e-03,1.342657e-02,1.958353e-03
climatology,test,305,2024-07-28T17:00:00,2024-07-28T23:00:00,swvl1,351848,3.444750e-02,5.761606e-02,6.230814e-03
climatology,test,305,2024-07-28T17:00:00,2024-07-28T23:00:00,stl1,351848,2.803913e+00,3.870454e+00,-1.130120e+00
climatology,test,305,2024-07-28T17:00:00,2024-07-28T23:00:00,sd,351848,2.357793e-03,1.340037e-02,1.952015e-03
climatology,test,306,2024-07-28T18:00:00,2024-07-29T00:00:00,swvl1,351848,3.462367e-02,5.803751e-02,6.185880e-03
climatology,test,306,2024-07-28T18:00:00,2024-07-29T00:00:00,stl1,351848,2.806367e+00,3.874329e+00,-1.138422e+00
climatology,test,306,2024-07-28T18:00:00,2024-07-29T00:00:00,sd,351848,2.413437e-03,1.372914e-02,2.002062e-03
climatology,test,307,2024-07-28T19:00:00,2024-07-29T01:00:00,swvl1,351848,3.458390e-02,5.802521e-02,6.112948e-03
climatology,test,307,2024-07-28T19:00:00,2024-07-29T01:00:00,stl1,351848,2.764625e+00,3.811190e+00,-1.119401e+00
climatology,test,307,2024-07-28T19:00:00,2024-07-29T01:00:00,sd,351848,2.406476e-03,1.370498e-02,1.995225e-03
climatology,test,308,2024-07-28T20:00:00,2024-07-29T02:00:00,swvl1,351848,3.453905e-02,5.800317e-02,6.030011e-03
climatology,test,308,2024-07-28T20:00:00,2024-07-29T02:00:00,stl1,351848,2.729577e+00,3.782514e+00,-1.059924e+00
climatology,test,308,2024-07-28T20:00:00,2024-07-29T02:00:00,sd,351848,2.399966e-03,1.368176e-02,1.988809e-03
climatology,test,309,2024-07-28T21:00:00,2024-07-29T03:00:00,swvl1,351848,3.448771e-02,5.798275e-02,5.956980e-03
climatology,test,309,2024-07-28T21:00:00,2024-07-29T03:00:00,stl1,351848,2.698903e+00,3.775570e+00,-1.044323e+00
climatology,test,309,2024-07-28T21:00:00,2024-07-29T03:00:00,sd,351848,2.392554e-03,1.365455e-02,1.981468e-03
climatology,test,310,2024-07-28T22:00:00,2024-07-29T04:00:00,swvl1,351848,3.444503e-02,5.797728e-02,5.894064e-03
climatology,test,310,2024-07-28T22:00:00,2024-07-29T04:00:00,stl1,351848,2.663479e+00,3.735439e+00,-9.988558e-01
climatology,test,310,2024-07-28T22:00:00,2024-07-29T04:00:00,sd,351848,2.384499e-03,1.362496e-02,1.973594e-03
climatology,test,311,2024-07-28T23:00:00,2024-07-29T05:00:00,swvl1,351848,3.442719e-02,5.800845e-02,5.833489e-03
climatology,test,311,2024-07-28T23:00:00,2024-07-29T05:00:00,stl1,351848,2.679313e+00,3.782848e+00,-9.870336e-01
climatology,test,311,2024-07-28T23:00:00,2024-07-29T05:00:00,sd,351848,2.375522e-03,1.359202e-02,1.964917e-03
climatology,test,312,2024-07-29T00:00:00,2024-07-29T06:00:00,swvl1,351848,3.442790e-02,5.806930e-02,5.768273e-03
climatology,test,312,2024-07-29T00:00:00,2024-07-29T06:00:00,stl1,351848,2.715602e+00,3.839077e+00,-9.369586e-01
climatology,test,312,2024-07-29T00:00:00,2024-07-29T06:00:00,sd,351848,2.365418e-03,1.355399e-02,1.955141e-03
climatology,test,313,2024-07-29T01:00:00,2024-07-29T07:00:00,swvl1,351848,3.443217e-02,5.811786e-02,5.702457e-03
climatology,test,313,2024-07-29T01:00:00,2024-07-29T07:00:00,stl1,351848,2.722560e+00,3.863796e+00,-9.066298e-01
climatology,test,313,2024-07-29T01:00:00,2024-07-29T07:00:00,sd,351848,2.354968e-03,1.351270e-02,1.944913e-03
climatology,test,314,2024-07-29T02:00:00,2024-07-29T08:00:00,swvl1,351848,3.442569e-02,5.817071e-02,5.638100e-03
climatology,test,314,2024-07-29T02:00:00,2024-07-29T08:00:00,stl1,351848,2.730856e+00,3.892911e+00,-8.960425e-01
climatology,test,314,2024-07-29T02:00:00,2024-07-29T08:00:00,sd,351848,2.344966e-03,1.347148e-02,1.935029e-03
climatology,test,315,2024-07-29T03:00:00,2024-07-29T09:00:00,swvl1,351848,3.441062e-02,5.820992e-02,5.602366e-03
climatology,test,315,2024-07-29T03:00:00,2024-07-29T09:00:00,stl1,351848,2.765210e+00,3.942824e+00,-8.828035e-01
climatology,test,315,2024-07-29T03:00:00,2024-07-29T09:00:00,sd,351848,2.335731e-03,1.343088e-02,1.925840e-03
climatology,test,316,2024-07-29T04:00:00,2024-07-29T10:00:00,swvl1,351848,3.421516e-02,5.778156e-02,5.466391e-03
climatology,test,316,2024-07-29T04:00:00,2024-07-29T10:00:00,stl1,351848,2.792544e+00,3.969404e+00,-8.510478e-01
climatology,test,316,2024-07-29T04:00:00,2024-07-29T10:00:00,sd,351848,2.329088e-03,1.340618e-02,1.916868e-03
climatology,test,317,2024-07-29T05:00:00,2024-07-29T11:00:00,swvl1,351848,3.416044e-02,5.772962e-02,5.441030e-03
climatology,test,317,2024-07-29T05:00:00,2024-07-29T11:00:00,stl1,351848,2.808969e+00,3.990686e+00,-8.600270e-01
climatology,test,317,2024-07-29T05:00:00,2024-07-29T11:00:00,sd,351848,2.322616e-03,1.337326e-02,1.910053e-03
climatology,test,318,2024-07-29T06:00:00,2024-07-29T12:00:00,swvl1,351848,3.426555e-02,5.795734e-02,5.514288e-03
climatology,test,318,2024-07-29T06:00:00,2024-07-29T12:00:00,stl1,351848,2.869865e+00,4.079151e+00,-9.113387e-01
climatology,test,318,2024-07-29T06:00:00,2024-07-29T12:00:00,sd,351848,2.439624e-03,1.376659e-02,2.023209e-03
climatology,test,319,2024-07-29T07:00:00,2024-07-29T13:00:00,swvl1,351848,3.424194e-02,5.796167e-02,5.479762e-03
climatology,test,319,2024-07-29T07:00:00,2024-07-29T13:00:00,stl1,351848,2.852789e+00,4.050276e+00,-9.167014e-01
climatology,test,319,2024-07-29T07:00:00,2024-07-29T13:00:00,sd,351848,2.434652e-03,1.373895e-02,2.018081e-03
climatology,test,320,2024-07-29T08:00:00,2024-07-29T14:00:00,swvl1,351848,3.425650e-02,5.803882e-02,5.424337e-03
climatology,test,320,2024-07-29T08:00:00,2024-07-29T14:00:00,stl1,351848,2.840179e+00,4.003658e+00,-9.950105e-01
climatology,test,320,2024-07-29T08:00:00,2024-07-29T14:00:00,sd,351848,2.429489e-03,1.371082e-02,2.012773e-03
climatology,test,321,2024-07-29T09:00:00,2024-07-29T15:00:00,swvl1,351848,3.429410e-02,5.811615e-02,5.367675e-03
climatology,test,321,2024-07-29T09:00:00,2024-07-29T15:00:00,stl1,351848,2.853044e+00,3.988774e+00,-1.041129e+00
climatology,test,321,2024-07-29T09:00:00,2024-07-29T15:00:00,sd,351848,2.423874e-03,1.368105e-02,2.007159e-03
climatology,test,322,2024-07-29T10:00:00,2024-07-29T16:00:00,swvl1,351848,3.430766e-02,5.814216e-02,5.322467e-03
climatology,test,322,2024-07-29T10:00:00,2024-07-29T16:00:00,stl1,351848,2.869670e+00,3.988205e+00,-1.060467e+00
climatology,test,322,2024-07-29T10:00:00,2024-07-29T16:00:00,sd,351848,2.417610e-03,1.365003e-02,2.000754e-03
climatology,test,323,2024-07-29T11:00:00,2024-07-29T17:00:00,swvl1,351848,3.430142e-02,5.815091e-02,5.274395e-03
climatology,test,323,2024-07-29T11:00:00,2024-07-29T17:00:00,stl1,351848,2.871379e+00,3.977008e+00,-1.101141e+00
climatology,test,323,2024-07-29T11:00:00,2024-07-29T17:00:00,sd,351848,2.410559e-03,1.361690e-02,1.993490e-03
climatology,test,324,2024-07-29T12:00:00,2024-07-29T18:00:00,swvl1,351848,3.428011e-02,5.812729e-02,5.241455e-03
climatology,test,324,2024-07-29T12:00:00,2024-07-29T18:00:00,stl1,351848,2.879782e+00,3.983689e+00,-1.113272e+00
climatology,test,324,2024-07-29T12:00:00,2024-07-29T18:00:00,sd,351848,2.403368e-03,1.358304e-02,1.986032e-03
climatology,test,325,2024-07-29T13:00:00,2024-07-29T19:00:00,swvl1,351848,3.425707e-02,5.811175e-02,5.199954e-03
climatology,test,325,2024-07-29T13:00:00,2024-07-29T19:00:00,stl1,351848,2.866676e+00,3.960194e+00,-1.126782e+00
climatology,test,325,2024-07-29T13:00:00,2024-07-29T19:00:00,sd,351848,2.395662e-03,1.354868e-02,1.978166e-03
climatology,test,326,2024-07-29T14:00:00,2024-07-29T20:00:00,swvl1,351848,3.423053e-02,5.810462e-02,5.152281e-03
climatology,test,326,2024-07-29T14:00:00,2024-07-29T20:00:00,stl1,351848,2.833773e+00,3.915949e+00,-1.153757e+00
climatology,test,326,2024-07-29T14:00:00,2024-07-29T20:00:00,sd,351848,2.387652e-03,1.351398e-02,1.970045e-03
climatology,test,327,2024-07-29T15:00:00,2024-07-29T21:00:00,swvl1,351848,3.420971e-02,5.809342e-02,5.108728e-03
climatology,test,327,2024-07-29T15:00:00,2024-07-29T21:00:00,stl1,351848,2.844830e+00,3.920043e+00,-1.153515e+00
climatology,test,327,2024-07-29T15:00:00,2024-07-29T21:00:00,sd,351848,2.379733e-03,1.348103e-02,1.962002e-03
climatology,test,328,2024-07-29T16:00:00,2024-07-29T22:00:00,swvl1,351848,3.406941e-02,5.775514e-02,4.946808e-03
climatology,test,328,2024-07-29T16:00:00,2024-07-29T22:00:00,stl1,351848,2.750680e+00,3.798076e+00,-1.048986e+00
climatology,test,328,2024-07-29T16:00:00,2024-07-29T22:00:00,sd,351848,2.373733e-03,1.346157e-02,1.956372e-03
climatology,test,329,2024-07-29T17:00:00,2024-07-29T23:00:00,swvl1,351848,3.404549e-02,5.776178e-02,4.878084e-03
climatology,test,329,2024-07-29T17:00:00,2024-07-29T23:00:00,stl1,351848,2.716629e+00,3.757111e+00,-1.045767e+00
climatology,test,329,2024-07-29T17:00:00,2024-07-29T23:00:00,sd,351848,2.367283e-03,1.343699e-02,1.949932e-03
climatology,test,330,2024-07-29T18:00:00,2024-07-30T00:00:00,swvl1,351848,3.424090e-02,5.819243e-02,4.832941e-03
climatology,test,330,2024-07-29T18:00:00,2024-07-30T00:00:00,stl1,351848,2.719800e+00,3.769330e+00,-1.064734e+00
climatology,test,330,2024-07-29T18:00:00,2024-07-30T00:00:00,sd,351848,2.419958e-03,1.374956e-02,1.996667e-03
climatology,test,331,2024-07-29T19:00:00,2024-07-30T01:00:00,swvl1,351848,3.420805e-02,5.816837e-02,4.766550e-03
climatology,test,331,2024-07-29T19:00:00,2024-07-30T01:00:00,stl1,351848,2.698943e+00,3.731591e+00,-1.050639e+00
climatology,test,331,2024-07-29T19:00:00,2024-07-30T01:00:00,sd,351848,2.413304e-03,1.372731e-02,1.989956e-03
climatology,test,332,2024-07-29T20:00:00,2024-07-30T02:00:00,swvl1,351848,3.416978e-02,5.814199e-02,4.699562e-03
climatology,test,332,2024-07-29T20:00:00,2024-07-30T02:00:00,stl1,351848,2.639826e+00,3.665528e+00,-9.488657e-01
climatology,test,332,2024-07-29T20:00:00,2024-07-30T02:00:00,sd,351848,2.407053e-03,1.370596e-02,1.983692e-03
climatology,test,333,2024-07-29T21:00:00,2024-07-30T03:00:00,swvl1,351848,3.412518e-02,5.812565e-02,4.643952e-03
climatology,test,333,2024-07-29T21:00:00,2024-07-30T03:00:00,stl1,351848,2.611727e+00,3.640653e+00,-9.151332e-01
climatology,test,333,2024-07-29T21:00:00,2024-07-30T03:00:00,sd,351848,2.399873e-03,1.368066e-02,1.976510e-03
climatology,test,334,2024-07-29T22:00:00,2024-07-30T04:00:00,swvl1,351848,3.409584e-02,5.811283e-02,4.600754e-03
climatology,test,334,2024-07-29T22:00:00,2024-07-30T04:00:00,stl1,351848,2.597963e+00,3.632893e+00,-8.858051e-01
climatology,test,334,2024-07-29T22:00:00,2024-07-30T04:00:00,sd,351848,2.392116e-03,1.365313e-02,1.968738e-03
climatology,test,335,2024-07-29T23:00:00,2024-07-30T05:00:00,swvl1,351848,3.407848e-02,5.812164e-02,4.554058e-03
climatology,test,335,2024-07-29T23:00:00,2024-07-30T05:00:00,stl1,351848,2.610895e+00,3.686753e+00,-8.791245e-01
climatology,test,335,2024-07-29T23:00:00,2024-07-30T05:00:00,sd,351848,2.383476e-03,1.362235e-02,1.960073e-03
climatology,test,336,2024-07-30T00:00:00,2024-07-30T06:00:00,swvl1,351848,3.406346e-02,5.811657e-02,4.488218e-03
climatology,test,336,2024-07-30T00:00:00,2024-07-30T06:00:00,stl1,351848,2.629777e+00,3.716167e+00,-8.478604e-01
climatology,test,336,2024-07-30T00:00:00,2024-07-30T06:00:00,sd,351848,2.373693e-03,1.358666e-02,1.950218e-03
climatology,test,337,2024-07-30T01:00:00,2024-07-30T07:00:00,swvl1,351848,3.404742e-02,5.810446e-02,4.406893e-03
climatology,test,337,2024-07-30T01:00:00,2024-07-30T07:00:00,stl1,351848,2.655846e+00,3.762398e+00,-8.189296e-01
climatology,test,337,2024-07-30T01:00:00,2024-07-30T07:00:00,sd,351848,2.363448e-03,1.354752e-02,1.939834e-03
climatology,test,338,2024-07-30T02:00:00,2024-07-30T08:00:00,swvl1,351848,3.401834e-02,5.806641e-02,4.322016e-03
climatology,test,338,2024-07-30T02:00:00,2024-07-30T08:00:00,stl1,351848,2.673023e+00,3.810531e+00,-8.491202e-01
climatology,test,338,2024-07-30T02:00:00,2024-07-30T08:00:00,sd,351848,2.353563e-03,1.350791e-02,1.929796e-03
climatology,test,339,2024-07-30T03:00:00,2024-07-30T09:00:00,swvl1,351848,3.397836e-02,5.803800e-02,4.237242e-03
climatology,test,339,2024-07-30T03:00:00,2024-07-30T09:00:00,stl1,351848,2.710671e+00,3.850991e+00,-8.597214e-01
climatology,test,339,2024-07-30T03:00:00,2024-07-30T09:00:00,sd,351848,2.344369e-03,1.346865e-02,1.920370e-03
climatology,test,340,2024-07-30T04:00:00,2024-07-30T10:00:00,swvl1,351848,3.379560e-02,5.768454e-02,4.058664e-03
climatology,test,340,2024-07-30T04:00:00,2024-07-30T10:00:00,stl1,351848,2.756024e+00,3.878228e+00,-8.863306e-01
climatology,test,340,2024-07-30T04:00:00,2024-07-30T10:00:00,sd,351848,2.337737e-03,1.344036e-02,1.911051e-03
climatology,test,341,2024-07-30T05:00:00,2024-07-30T11:00:00,swvl1,351848,3.379578e-02,5.773611e-02,3.916451e-03
climatology,test,341,2024-07-30T05:00:00,2024-07-30T11:00:00,stl1,351848,2.787037e+00,3.909843e+00,-8.572250e-01
climatology,test,341,2024-07-30T05:00:00,2024-07-30T11:00:00,sd,351848,2.331211e-03,1.340830e-02,1.903465e-03
climatology,test,342,2024-07-30T06:00:00,2024-07-30T12:00:00,swvl1,351848,3.395326e-02,5.798852e-02,3.890951e-03
climatology,test,342,2024-07-30T06:00:00,2024-07-30T12:00:00,stl1,351848,2.833819e+00,3.970418e+00,-8.977608e-01
climatology,test,342,2024-07-30T06:00:00,2024-07-30T12:00:00,sd,351848,2.448008e-03,1.380167e-02,2.015618e-03
climatology,test,343,2024-07-30T07:00:00,2024-07-30T13:00:00,swvl1,351848,3.398371e-02,5.804045e-02,3.751195e-03
climatology,test,343,2024-07-30T07:00:00,2024-07-30T13:00:00,stl1,351848,2.833445e+00,3.965653e+00,-9.042117e-01
climatology,test,343,2024-07-30T07:00:00,2024-07-30T13:00:00,sd,351848,2.442982e-03,1.377429e-02,2.009455e-03
climatology,test,344,2024-07-30T08:00:00,2024-07-30T14:00:00,swvl1,351848,3.402090e-02,5.812657e-02,3.642723e-03
climatology,test,344,2024-07-30T08:00:00,2024-07-30T14:00:00,stl1,351848,2.810436e+00,3.924254e+00,-9.326172e-01
climatology,test,344,2024-07-30T08:00:00,2024-07-30T14:00:00,sd,351848,2.437899e-03,1.374642e-02,2.003142e-03
climatology,test,345,2024-07-30T09:00:00,2024-07-30T15:00:00,swvl1,351848,3.404085e-02,5.818268e-02,3.570087e-03
climatology,test,345,2024-07-30T09:00:00,2024-07-30T15:00:00,stl1,351848,2.792881e+00,3.893578e+00,-9.806776e-01
climatology,test,345,2024-07-30T09:00:00,2024-07-30T15:00:00,sd,351848,2.432494e-03,1.371715e-02,1.996441e-03
climatology,test,346,2024-07-30T10:00:00,2024-07-30T16:00:00,swvl1,351848,3.402850e-02,5.817926e-02,3.525647e-03
climatology,test,346,2024-07-30T10:00:00,2024-07-30T16:00:00,stl1,351848,2.790392e+00,3.876881e+00,-1.004760e+00
climatology,test,346,2024-07-30T10:00:00,2024-07-30T16:00:00,sd,351848,2.426469e-03,1.368642e-02,1.988891e-03
climatology,test,347,2024-07-30T11:00:00,2024-07-30T17:00:00,swvl1,351848,3.400210e-02,5.814370e-02,3.493028e-03
climatology,test,347,2024-07-30T11:00:00,2024-07-30T17:00:00,stl1,351848,2.773665e+00,3.851131e+00,-1.047209e+00
climatology,test,347,2024-07-30T11:00:00,2024-07-30T17:00:00,sd,351848,2.419749e-03,1.365305e-02,1.980526e-03
climatology,test,348,2024-07-30T12:00:00,2024-07-30T18:00:00,swvl1,351848,3.397111e-02,5.811815e-02,3.442512e-03
climatology,test,348,2024-07-30T12:00:00,2024-07-30T18:00:00,stl1,351848,2.751901e+00,3.826134e+00,-1.081928e+00
climatology,test,348,2024-07-30T12:00:00,2024-07-30T18:00:00,sd,351848,2.412916e-03,1.361821e-02,1.971998e-03
climatology,test,349,2024-07-30T13:00:00,2024-07-30T19:00:00,swvl1,351848,3.393406e-02,5.810148e-02,3.384976e-03
climatology,test,349,2024-07-30T13:00:00,2024-07-30T19:00:00,stl1,351848,2.746125e+00,3.800035e+00,-1.108009e+00
climatology,test,349,2024-07-30T13:00:00,2024-07-30T19:00:00,sd,351848,2.405688e-03,1.358263e-02,1.962987e-03
climatology,test,350,2024-07-30T14:00:00,2024-07-30T20:00:00,swvl1,351848,3.389418e-02,5.808595e-02,3.330685e-03
climatology,test,350,2024-07-30T14:00:00,2024-07-30T20:00:00,stl1,351848,2.738465e+00,3.779097e+00,-1.112553e+00
climatology,test,350,2024-07-30T14:00:00,2024-07-30T20:00:00,sd,351848,2.398300e-03,1.354650e-02,1.953454e-03
climatology,test,351,2024-07-30T15:00:00,2024-07-30T21:00:00,swvl1,351848,3.386864e-02,5.809487e-02,3.256384e-03
climatology,test,351,2024-07-30T15:00:00,2024-07-30T21:00:00,stl1,351848,2.731964e+00,3.769126e+00,-1.095105e+00
climatology,test,351,2024-07-30T15:00:00,2024-07-30T21:00:00,sd,351848,2.391194e-03,1.351218e-02,1.943767e-03
climatology,test,352,2024-07-30T16:00:00,2024-07-30T22:00:00,swvl1,351848,3.365000e-02,5.774500e-02,3.132855e-03
climatology,test,352,2024-07-30T16:00:00,2024-07-30T22:00:00,stl1,351848,2.632576e+00,3.645422e+00,-1.029289e+00
climatology,test,352,2024-07-30T16:00:00,2024-07-30T22:00:00,sd,351848,2.385080e-03,1.349316e-02,1.937574e-03
climatology,test,353,2024-07-30T17:00:00,2024-07-30T23:00:00,swvl1,351848,3.364726e-02,5.778588e-02,3.050153e-03
climatology,test,353,2024-07-30T17:00:00,2024-07-30T23:00:00,stl1,351848,2.611558e+00,3.622626e+00,-1.035326e+00
climatology,test,353,2024-07-30T17:00:00,2024-07-30T23:00:00,sd,351848,2.379193e-03,1.346779e-02,1.929758e-03
climatology,test,354,2024-07-30T18:00:00,2024-07-31T00:00:00,swvl1,351848,3.388085e-02,5.827676e-02,2.985846e-03
climatology,test,354,2024-07-30T18:00:00,2024-07-31T00:00:00,stl1,351848,2.635867e+00,3.665273e+00,-1.029633e+00
climatology,test,354,2024-07-30T18:00:00,2024-07-31T00:00:00,sd,351848,2.426036e-03,1.377543e-02,1.984633e-03
climatology,test,355,2024-07-30T19:00:00,2024-07-31T01:00:00,swvl1,351848,3.391393e-02,5.836488e-02,2.905425e-03
climatology,test,355,2024-07-30T19:00:00,2024-07-31T01:00:00,stl1,351848,2.634193e+00,3.651649e+00,-9.866487e-01
climatology,test,355,2024-07-30T19:00:00,2024-07-31T01:00:00,sd,351848,2.419725e-03,1.375165e-02,1.976508e-03
climatology,test,356,2024-07-30T20:00:00,2024-07-31T02:00:00,swvl1,351848,3.395874e-02,5.844206e-02,2.841515e-03
climatology,test,356,2024-07-30T20:00:00,2024-07-31T02:00:00,stl1,351848,2.612380e+00,3.650049e+00,-9.570283e-01
climatology,test,356,2024-07-30T20:00:00,2024-07-31T02:00:00,sd,351848,2.413925e-03,1.372891e-02,1.968769e-03
climatology,test,357,2024-07-30T21:00:00,2024-07-31T03:00:00,swvl1,351848,3.400363e-02,5.852858e-02,2.810180e-03
climatology,test,357,2024-07-30T21:00:00,2024-07-31T03:00:00,stl1,351848,2.590123e+00,3.637658e+00,-9.192718e-01
climatology,test,357,2024-07-30T21:00:00,2024-07-31T03:00:00,sd,351848,2.407362e-03,1.370258e-02,1.960142e-03
climatology,test,358,2024-07-30T22:00:00,2024-07-31T04:00:00,swvl1,351848,3.403431e-02,5.861078e-02,2.796961e-03
climatology,test,358,2024-07-30T22:00:00,2024-07-31T04:00:00,stl1,351848,2.571648e+00,3.627334e+00,-8.754075e-01
climatology,test,358,2024-07-30T22:00:00,2024-07-31T04:00:00,sd,351848,2.400226e-03,1.367396e-02,1.950969e-03
climatology,test,359,2024-07-30T23:00:00,2024-07-31T05:00:00,swvl1,351848,3.407807e-02,5.869316e-02,2.791556e-03
climatology,test,359,2024-07-30T23:00:00,2024-07-31T05:00:00,stl1,351848,2.611241e+00,3.694463e+00,-8.878743e-01
climatology,test,359,2024-07-30T23:00:00,2024-07-31T05:00:00,sd,351848,2.392162e-03,1.364221e-02,1.941028e-03
climatology,test,360,2024-07-31T00:00:00,2024-07-31T06:00:00,swvl1,351848,3.412597e-02,5.878492e-02,2.774280e-03
climatology,test,360,2024-07-31T00:00:00,2024-07-31T06:00:00,stl1,351848,2.622392e+00,3.735881e+00,-8.613930e-01
climatology,test,360,2024-07-31T00:00:00,2024-07-31T06:00:00,sd,351848,2.382803e-03,1.360540e-02,1.930008e-03
climatology,test,361,2024-07-31T01:00:00,2024-07-31T07:00:00,swvl1,351848,3.416305e-02,5.884010e-02,2.751262e-03
climatology,test,361,2024-07-31T01:00:00,2024-07-31T07:00:00,stl1,351848,2.635635e+00,3.775272e+00,-8.494902e-01
climatology,test,361,2024-07-31T01:00:00,2024-07-31T07:00:00,sd,351848,2.372793e-03,1.356476e-02,1.918633e-03
climatology,test,362,2024-07-31T02:00:00,2024-07-31T08:00:00,swvl1,351848,3.420310e-02,5.892459e-02,2.700710e-03
climatology,test,362,2024-07-31T02:00:00,2024-07-31T08:00:00,stl1,351848,2.671853e+00,3.826246e+00,-8.561023e-01
climatology,test,362,2024-07-31T02:00:00,2024-07-31T08:00:00,sd,351848,2.362995e-03,1.352331e-02,1.907674e-03
climatology,test,363,2024-07-31T03:00:00,2024-07-31T09:00:00,swvl1,351848,3.423571e-02,5.901432e-02,2.633050e-03
climatology,test,363,2024-07-31T03:00:00,2024-07-31T09:00:00,stl1,351848,2.724577e+00,3.898971e+00,-8.699406e-01
climatology,test,363,2024-07-31T03:00:00,2024-07-31T09:00:00,sd,351848,2.353785e-03,1.348206e-02,1.897451e-03
climatology,test,364,2024-07-31T04:00:00,2024-07-31T10:00:00,swvl1,351848,3.423934e-02,5.895794e-02,2.546553e-03
climatology,test,364,2024-07-31T04:00:00,2024-07-31T10:00:00,stl1,351848,2.784366e+00,3.937190e+00,-9.237345e-01
climatology,test,364,2024-07-31T04:00:00,2024-07-31T10:00:00,sd,351848,2.347282e-03,1.345862e-02,1.887635e-03
climatology,test,365,2024-07-31T05:00:00,2024-07-31T11:00:00,swvl1,351848,3.427870e-02,5.905442e-02,2.482686e-03
climatology,test,365,2024-07-31T05:00:00,2024-07-31T11:00:00,stl1,351848,2.816552e+00,3.983345e+00,-8.861961e-01
climatology,test,365,2024-07-31T05:00:00,2024-07-31T11:00:00,sd,351848,2.340885e-03,1.342568e-02,1.879990e-03
climatology,test,366,2024-07-31T06:00:00,2024-07-31T12:00:00,swvl1,351848,3.444295e-02,5.933927e-02,2.535659e-03
climatology,test,366,2024-07-31T06:00:00,2024-07-31T12:00:00,stl1,351848,2.855916e+00,4.050360e+00,-9.087343e-01
climatology,test,366,2024-07-31T06:00:00,2024-07-31T12:00:00,sd,351848,2.457461e-03,1.381790e-02,1.992418e-03
climatology,test,367,2024-07-31T07:00:00,2024-07-31T13:00:00,swvl1,351848,3.445865e-02,5.936914e-02,2.504844e-03
climatology,test,367,2024-07-31T07:00:00,2024-07-31T13:00:00,stl1,351848,2.853764e+00,4.052547e+00,-9.377777e-01
climatology,test,367,2024-07-31T07:00:00,2024-07-31T13:00:00,sd,351848,2.452624e-03,1.379010e-02,1.986646e-03
climatology,test,368,2024-07-31T08:00:00,2024-07-31T14:00:00,swvl1,351848,3.445722e-02,5.938406e-02,2.509111e-03
climatology,test,368,2024-07-31T08:00:00,2024-07-31T14:00:00,stl1,351848,2.851578e+00,4.033382e+00,-9.746362e-01
climatology,test,368,2024-07-31T08:00:00,2024-07-31T14:00:00,sd,351848,2.447594e-03,1.376192e-02,1.980761e-03
climatology,test,369,2024-07-31T09:00:00,2024-07-31T15:00:00,swvl1,351848,3.445053e-02,5.935925e-02,2.559566e-03
climatology,test,369,2024-07-31T09:00:00,2024-07-31T15:00:00,stl1,351848,2.842153e+00,3.996261e+00,-1.021431e+00
climatology,test,369,2024-07-31T09:00:00,2024-07-31T15:00:00,sd,351848,2.442011e-03,1.373171e-02,1.974636e-03
climatology,test,370,2024-07-31T10:00:00,2024-07-31T16:00:00,swvl1,351848,3.444085e-02,5.931954e-02,2.622846e-03
climatology,test,370,2024-07-31T10:00:00,2024-07-31T16:00:00,stl1,351848,2.847411e+00,3.980127e+00,-1.061028e+00
climatology,test,370,2024-07-31T10:00:00,2024-07-31T16:00:00,sd,351848,2.435636e-03,1.369972e-02,1.967780e-03
climatology,test,371,2024-07-31T11:00:00,2024-07-31T17:00:00,swvl1,351848,3.441883e-02,5.927054e-02,2.677985e-03
climatology,test,371,2024-07-31T11:00:00,2024-07-31T17:00:00,stl1,351848,2.843211e+00,3.927187e+00,-1.078113e+00
climatology,test,371,2024-07-31T11:00:00,2024-07-31T17:00:00,sd,351848,2.428213e-03,1.366490e-02,1.960017e-03
climatology,test,372,2024-07-31T12:00:00,2024-07-31T18:00:00,swvl1,351848,3.439697e-02,5.922853e-02,2.724028e-03
climatology,test,372,2024-07-31T12:00:00,2024-07-31T18:00:00,stl1,351848,2.850157e+00,3.908286e+00,-1.111720e+00
climatology,test,372,2024-07-31T12:00:00,2024-07-31T18:00:00,sd,351848,2.420427e-03,1.362876e-02,1.952103e-03
climatology,test,373,2024-07-31T13:00:00,2024-07-31T19:00:00,swvl1,351848,3.439537e-02,5.921006e-02,2.748899e-03
climatology,test,373,2024-07-31T13:00:00,2024-07-31T19:00:00,stl1,351848,2.819262e+00,3.855731e+00,-1.157262e+00
climatology,test,373,2024-07-31T13:00:00,2024-07-31T19:00:00,sd,351848,2.412205e-03,1.359283e-02,1.943701e-03
climatology,test,374,2024-07-31T14:00:00,2024-07-31T20:00:00,swvl1,351848,3.440600e-02,5.922396e-02,2.737837e-03
climatology,test,374,2024-07-31T14:00:00,2024-07-31T20:00:00,stl1,351848,2.832017e+00,3.835337e+00,-1.153197e+00
climatology,test,374,2024-07-31T14:00:00,2024-07-31T20:00:00,sd,351848,2.403860e-03,1.355825e-02,1.934883e-03
climatology,test,375,2024-07-31T15:00:00,2024-07-31T21:00:00,swvl1,351848,3.440526e-02,5.920790e-02,2.731188e-03
climatology,test,375,2024-07-31T15:00:00,2024-07-31T21:00:00,stl1,351848,2.822114e+00,3.822131e+00,-1.172776e+00
climatology,test,375,2024-07-31T15:00:00,2024-07-31T21:00:00,sd,351848,2.395971e-03,1.352821e-02,1.925802e-03
climatology,test,376,2024-07-31T16:00:00,2024-07-31T22:00:00,swvl1,351848,3.425387e-02,5.884918e-02,2.749799e-03
climatology,test,376,2024-07-31T16:00:00,2024-07-31T22:00:00,stl1,351848,2.736063e+00,3.740950e+00,-1.113448e+00
climatology,test,376,2024-07-31T16:00:00,2024-07-31T22:00:00,sd,351848,2.391054e-03,1.351424e-02,1.918925e-03
climatology,test,377,2024-07-31T17:00:00,2024-07-31T23:00:00,swvl1,351848,3.426183e-02,5.885482e-02,2.727286e-03
climatology,test,377,2024-07-31T17:00:00,2024-07-31T23:00:00,stl1,351848,2.702733e+00,3.708949e+00,-1.132152e+00
climatology,test,377,2024-07-31T17:00:00,2024-07-31T23:00:00,sd,351848,2.385291e-03,1.349643e-02,1.911076e-03
climatology,test,378,2025-07-16T00:00:00,2025-07-16T06:00:00,swvl1,351848,3.110296e-02,5.185174e-02,1.707519e-03
climatology,test,378,2025-07-16T00:00:00,2025-07-16T06:00:00,stl1,351848,2.623086e+00,3.460434e+00,-6.653239e-01
climatology,test,378,2025-07-16T00:00:00,2025-07-16T06:00:00,sd,351848,2.220702e-03,1.267160e-02,2.085377e-03
climatology,test,379,2025-07-16T01:00:00,2025-07-16T07:00:00,swvl1,351848,3.109523e-02,5.179408e-02,1.681173e-03
climatology,test,379,2025-07-16T01:00:00,2025-07-16T07:00:00,stl1,351848,2.664800e+00,3.517964e+00,-6.448781e-01
climatology,test,379,2025-07-16T01:00:00,2025-07-16T07:00:00,sd,351848,2.210811e-03,1.263180e-02,2.076053e-03
climatology,test,380,2025-07-16T02:00:00,2025-07-16T08:00:00,swvl1,351848,3.108150e-02,5.172716e-02,1.651746e-03
climatology,test,380,2025-07-16T02:00:00,2025-07-16T08:00:00,stl1,351848,2.684035e+00,3.544631e+00,-6.585968e-01
climatology,test,380,2025-07-16T02:00:00,2025-07-16T08:00:00,sd,351848,2.201337e-03,1.259206e-02,2.067030e-03
climatology,test,381,2025-07-16T03:00:00,2025-07-16T09:00:00,swvl1,351848,3.105685e-02,5.164889e-02,1.628761e-03
climatology,test,381,2025-07-16T03:00:00,2025-07-16T09:00:00,stl1,351848,2.713534e+00,3.585994e+00,-6.588881e-01
climatology,test,381,2025-07-16T03:00:00,2025-07-16T09:00:00,sd,351848,2.192667e-03,1.255339e-02,2.058589e-03
climatology,test,382,2025-07-16T04:00:00,2025-07-16T10:00:00,swvl1,351848,3.101641e-02,5.152302e-02,1.696296e-03
climatology,test,382,2025-07-16T04:00:00,2025-07-16T10:00:00,stl1,351848,2.757526e+00,3.652025e+00,-6.371822e-01
climatology,test,382,2025-07-16T04:00:00,2025-07-16T10:00:00,sd,351848,2.184868e-03,1.252495e-02,2.049539e-03
climatology,test,383,2025-07-16T05:00:00,2025-07-16T11:00:00,swvl1,351848,3.101094e-02,5.149321e-02,1.667536e-03
climatology,test,383,2025-07-16T05:00:00,2025-07-16T11:00:00,stl1,351848,2.780595e+00,3.690210e+00,-6.455006e-01
climatology,test,383,2025-07-16T05:00:00,2025-07-16T11:00:00,sd,351848,2.178863e-03,1.249417e-02,2.042890e-03
climatology,test,384,2025-07-16T06:00:00,2025-07-16T12:00:00,swvl1,351848,3.113082e-02,5.168720e-02,1.756543e-03
climatology,test,384,2025-07-16T06:00:00,2025-07-16T12:00:00,stl1,351848,2.838564e+00,3.760304e+00,-6.808176e-01
climatology,test,384,2025-07-16T06:00:00,2025-07-16T12:00:00,sd,351848,2.294752e-03,1.290928e-02,2.155938e-03
climatology,test,385,2025-07-16T07:00:00,2025-07-16T13:00:00,swvl1,351848,3.113417e-02,5.170084e-02,1.729069e-03
climatology,test,385,2025-07-16T07:00:00,2025-07-16T13:00:00,stl1,351848,2.836352e+00,3.767463e+00,-6.685571e-01
climatology,test,385,2025-07-16T07:00:00,2025-07-16T13:00:00,sd,351848,2.290481e-03,1.288533e-02,2.150528e-03
climatology,test,386,2025-07-16T08:00:00,2025-07-16T14:00:00,swvl1,351848,3.112796e-02,5.168473e-02,1.728653e-03
climatology,test,386,2025-07-16T08:00:00,2025-07-16T14:00:00,stl1,351848,2.825102e+00,3.772453e+00,-6.935492e-01
climatology,test,386,2025-07-16T08:00:00,2025-07-16T14:00:00,sd,351848,2.286066e-03,1.286062e-02,2.144953e-03
climatology,test,387,2025-07-16T09:00:00,2025-07-16T15:00:00,swvl1,351848,3.114176e-02,5.169065e-02,1.738393e-03
climatology,test,387,2025-07-16T09:00:00,2025-07-16T15:00:00,stl1,351848,2.783219e+00,3.732502e+00,-7.145070e-01
climatology,test,387,2025-07-16T09:00:00,2025-07-16T15:00:00,sd,351848,2.281357e-03,1.283441e-02,2.138966e-03
climatology,test,388,2025-07-16T10:00:00,2025-07-16T16:00:00,swvl1,351848,3.114984e-02,5.166944e-02,1.775392e-03
climatology,test,388,2025-07-16T10:00:00,2025-07-16T16:00:00,stl1,351848,2.781337e+00,3.728672e+00,-7.125575e-01
climatology,test,388,2025-07-16T10:00:00,2025-07-16T16:00:00,sd,351848,2.275831e-03,1.280590e-02,2.132356e-03
climatology,test,389,2025-07-16T11:00:00,2025-07-16T17:00:00,swvl1,351848,3.115004e-02,5.164210e-02,1.827719e-03
climatology,test,389,2025-07-16T11:00:00,2025-07-16T17:00:00,stl1,351848,2.741461e+00,3.676199e+00,-7.259160e-01
climatology,test,389,2025-07-16T11:00:00,2025-07-16T17:00:00,sd,351848,2.269386e-03,1.277448e-02,2.125074e-03
climatology,test,390,2025-07-16T12:00:00,2025-07-16T18:00:00,swvl1,351848,3.113455e-02,5.157227e-02,1.879066e-03
climatology,test,390,2025-07-16T12:00:00,2025-07-16T18:00:00,stl1,351848,2.747303e+00,3.677821e+00,-7.229805e-01
climatology,test,390,2025-07-16T12:00:00,2025-07-16T18:00:00,sd,351848,2.262643e-03,1.274200e-02,2.117692e-03
climatology,test,391,2025-07-16T13:00:00,2025-07-16T19:00:00,swvl1,351848,3.113760e-02,5.152413e-02,1.901306e-03
climatology,test,391,2025-07-16T13:00:00,2025-07-16T19:00:00,stl1,351848,2.731580e+00,3.644587e+00,-7.474614e-01
climatology,test,391,2025-07-16T13:00:00,2025-07-16T19:00:00,sd,351848,2.255493e-03,1.270960e-02,2.109860e-03
climatology,test,392,2025-07-16T14:00:00,2025-07-16T20:00:00,swvl1,351848,3.112419e-02,5.147733e-02,1.928845e-03
climatology,test,392,2025-07-16T14:00:00,2025-07-16T20:00:00,stl1,351848,2.723502e+00,3.639262e+00,-7.470287e-01
climatology,test,392,2025-07-16T14:00:00,2025-07-16T20:00:00,sd,351848,2.248164e-03,1.267746e-02,2.101739e-03
climatology,test,393,2025-07-16T15:00:00,2025-07-16T21:00:00,swvl1,351848,3.109847e-02,5.141148e-02,1.969261e-03
climatology,test,393,2025-07-16T15:00:00,2025-07-16T21:00:00,stl1,351848,2.711551e+00,3.622237e+00,-7.569225e-01
climatology,test,393,2025-07-16T15:00:00,2025-07-16T21:00:00,sd,351848,2.241023e-03,1.264762e-02,2.093631e-03
climatology,test,394,2025-07-16T16:00:00,2025-07-16T22:00:00,swvl1,351848,3.104634e-02,5.116352e-02,2.056916e-03
climatology,test,394,2025-07-16T16:00:00,2025-07-16T22:00:00,stl1,351848,2.713508e+00,3.634552e+00,-6.875004e-01
climatology,test,394,2025-07-16T16:00:00,2025-07-16T22:00:00,sd,351848,2.236083e-03,1.263140e-02,2.087090e-03
climatology,test,395,2025-07-16T17:00:00,2025-07-16T23:00:00,swvl1,351848,3.101127e-02,5.109407e-02,2.081904e-03
climatology,test,395,2025-07-16T17:00:00,2025-07-16T23:00:00,stl1,351848,2.688644e+00,3.604890e+00,-6.835127e-01
climatology,test,395,2025-07-16T17:00:00,2025-07-16T23:00:00,sd,351848,2.230562e-03,1.261159e-02,2.080429e-03
climatology,test,396,2025-07-16T18:00:00,2025-07-17T00:00:00,swvl1,351848,3.117448e-02,5.144691e-02,2.136113e-03
climatology,test,396,2025-07-16T18:00:00,2025-07-17T00:00:00,stl1,351848,2.699448e+00,3.614937e+00,-6.959010e-01
climatology,test,396,2025-07-16T18:00:00,2025-07-17T00:00:00,sd,351848,2.278276e-03,1.291401e-02,2.124027e-03
climatology,test,397,2025-07-16T19:00:00,2025-07-17T01:00:00,swvl1,351848,3.111921e-02,5.135685e-02,2.188461e-03
climatology,test,397,2025-07-16T19:00:00,2025-07-17T01:00:00,stl1,351848,2.665710e+00,3.562833e+00,-6.938610e-01
climatology,test,397,2025-07-16T19:00:00,2025-07-17T01:00:00,sd,351848,2.272365e-03,1.289615e-02,2.117115e-03
climatology,test,398,2025-07-16T20:00:00,2025-07-17T02:00:00,swvl1,351848,3.106295e-02,5.127410e-02,2.249772e-03
climatology,test,398,2025-07-16T20:00:00,2025-07-17T02:00:00,stl1,351848,2.646357e+00,3.537472e+00,-6.835410e-01
climatology,test,398,2025-07-16T20:00:00,2025-07-17T02:00:00,sd,351848,2.266709e-03,1.287776e-02,2.110882e-03
climatology,test,399,2025-07-16T21:00:00,2025-07-17T03:00:00,swvl1,351848,3.099916e-02,5.116738e-02,2.325292e-03
climatology,test,399,2025-07-16T21:00:00,2025-07-17T03:00:00,stl1,351848,2.609294e+00,3.484873e+00,-7.071376e-01
climatology,test,399,2025-07-16T21:00:00,2025-07-17T03:00:00,sd,351848,2.260034e-03,1.285444e-02,2.103874e-03
climatology,test,400,2025-07-16T22:00:00,2025-07-17T04:00:00,swvl1,351848,3.093778e-02,5.107570e-02,2.381900e-03
climatology,test,400,2025-07-16T22:00:00,2025-07-17T04:00:00,stl1,351848,2.596157e+00,3.463319e+00,-6.941688e-01
climatology,test,400,2025-07-16T22:00:00,2025-07-17T04:00:00,sd,351848,2.252662e-03,1.282801e-02,2.096401e-03
climatology,test,401,2025-07-16T23:00:00,2025-07-17T05:00:00,swvl1,351848,3.089050e-02,5.100352e-02,2.420631e-03
climatology,test,401,2025-07-16T23:00:00,2025-07-17T05:00:00,stl1,351848,2.642980e+00,3.509539e+00,-7.110261e-01
climatology,test,401,2025-07-16T23:00:00,2025-07-17T05:00:00,sd,351848,2.244354e-03,1.279766e-02,2.088179e-03
climatology,test,402,2025-07-17T00:00:00,2025-07-17T06:00:00,swvl1,351848,3.083894e-02,5.093268e-02,2.456866e-03
climatology,test,402,2025-07-17T00:00:00,2025-07-17T06:00:00,stl1,351848,2.676743e+00,3.554435e+00,-6.549188e-01
climatology,test,402,2025-07-17T00:00:00,2025-07-17T06:00:00,sd,351848,2.234893e-03,1.276168e-02,2.078921e-03
climatology,test,403,2025-07-17T01:00:00,2025-07-17T07:00:00,swvl1,351848,3.079828e-02,5.086198e-02,2.487162e-03
climatology,test,403,2025-07-17T01:00:00,2025-07-17T07:00:00,stl1,351848,2.720841e+00,3.614465e+00,-6.484062e-01
climatology,test,403,2025-07-17T01:00:00,2025-07-17T07:00:00,sd,351848,2.225036e-03,1.272210e-02,2.069334e-03
climatology,test,404,2025-07-17T02:00:00,2025-07-17T08:00:00,swvl1,351848,3.074606e-02,5.077829e-02,2.495634e-03
climatology,test,404,2025-07-17T02:00:00,2025-07-17T08:00:00,stl1,351848,2.773082e+00,3.681665e+00,-6.828690e-01
climatology,test,404,2025-07-17T02:00:00,2025-07-17T08:00:00,sd,351848,2.215553e-03,1.268232e-02,2.060177e-03
climatology,test,405,2025-07-17T03:00:00,2025-07-17T09:00:00,swvl1,351848,3.068207e-02,5.067745e-02,2.487763e-03
climatology,test,405,2025-07-17T03:00:00,2025-07-17T09:00:00,stl1,351848,2.817864e+00,3.739032e+00,-6.964099e-01
climatology,test,405,2025-07-17T03:00:00,2025-07-17T09:00:00,sd,351848,2.206834e-03,1.264334e-02,2.051734e-03
climatology,test,406,2025-07-17T04:00:00,2025-07-17T10:00:00,swvl1,351848,3.067116e-02,5.065078e-02,2.494052e-03
climatology,test,406,2025-07-17T04:00:00,2025-07-17T10:00:00,stl1,351848,2.864355e+00,3.799841e+00,-6.702028e-01
climatology,test,406,2025-07-17T04:00:00,2025-07-17T10:00:00,sd,351848,2.194583e-03,1.258747e-02,2.047649e-03
climatology,test,407,2025-07-17T05:00:00,2025-07-17T11:00:00,swvl1,351848,3.062942e-02,5.061770e-02,2.482304e-03
climatology,test,407,2025-07-17T05:00:00,2025-07-17T11:00:00,stl1,351848,2.907255e+00,3.859667e+00,-6.663300e-01
climatology,test,407,2025-07-17T05:00:00,2025-07-17T11:00:00,sd,351848,2.188468e-03,1.255572e-02,2.041524e-03
climatology,test,408,2025-07-17T06:00:00,2025-07-17T12:00:00,swvl1,351848,3.070740e-02,5.075311e-02,2.576512e-03
climatology,test,408,2025-07-17T06:00:00,2025-07-17T12:00:00,stl1,351848,2.940885e+00,3.898128e+00,-7.039605e-01
climatology,test,408,2025-07-17T06:00:00,2025-07-17T12:00:00,sd,351848,2.304290e-03,1.296757e-02,2.155307e-03
climatology,test,409,2025-07-17T07:00:00,2025-07-17T13:00:00,swvl1,351848,3.067269e-02,5.072503e-02,2.552060e-03
climatology,test,409,2025-07-17T07:00:00,2025-07-17T13:00:00,stl1,351848,2.941082e+00,3.911396e+00,-7.092841e-01
climatology,test,409,2025-07-17T07:00:00,2025-07-17T13:00:00,sd,351848,2.299821e-03,1.294166e-02,2.150769e-03
climatology,test,410,2025-07-17T08:00:00,2025-07-17T14:00:00,swvl1,351848,3.064174e-02,5.071179e-02,2.531866e-03
climatology,test,410,2025-07-17T08:00:00,2025-07-17T14:00:00,stl1,351848,2.932095e+00,3.909109e+00,-7.233976e-01
climatology,test,410,2025-07-17T08:00:00,2025-07-17T14:00:00,sd,351848,2.295069e-03,1.291443e-02,2.146062e-03
climatology,test,411,2025-07-17T09:00:00,2025-07-17T15:00:00,swvl1,351848,3.062133e-02,5.069783e-02,2.514040e-03
climatology,test,411,2025-07-17T09:00:00,2025-07-17T15:00:00,stl1,351848,2.912544e+00,3.884889e+00,-7.072944e-01
climatology,test,411,2025-07-17T09:00:00,2025-07-17T15:00:00,sd,351848,2.290030e-03,1.288596e-02,2.140805e-03
climatology,test,412,2025-07-17T10:00:00,2025-07-17T16:00:00,swvl1,351848,3.059592e-02,5.066089e-02,2.515467e-03
climatology,test,412,2025-07-17T10:00:00,2025-07-17T16:00:00,stl1,351848,2.896101e+00,3.861214e+00,-7.121776e-01
climatology,test,412,2025-07-17T10:00:00,2025-07-17T16:00:00,sd,351848,2.284358e-03,1.285612e-02,2.134791e-03
climatology,test,413,2025-07-17T11:00:00,2025-07-17T17:00:00,swvl1,351848,3.056455e-02,5.059685e-02,2.523695e-03
climatology,test,413,2025-07-17T11:00:00,2025-07-17T17:00:00,stl1,351848,2.870071e+00,3.813112e+00,-7.433790e-01
climatology,test,413,2025-07-17T11:00:00,2025-07-17T17:00:00,sd,351848,2.277931e-03,1.282468e-02,2.127951e-03
climatology,test,414,2025-07-17T12:00:00,2025-07-17T18:00:00,swvl1,351848,3.054188e-02,5.053691e-02,2.528986e-03
climatology,test,414,2025-07-17T12:00:00,2025-07-17T18:00:00,stl1,351848,2.844342e+00,3.779289e+00,-7.768548e-01
climatology,test,414,2025-07-17T12:00:00,2025-07-17T18:00:00,sd,351848,2.271405e-03,1.279297e-02,2.121003e-03
climatology,test,415,2025-07-17T13:00:00,2025-07-17T19:00:00,swvl1,351848,3.054051e-02,5.050771e-02,2.500390e-03
climatology,test,415,2025-07-17T13:00:00,2025-07-17T19:00:00,stl1,351848,2.820786e+00,3.738956e+00,-7.858032e-01
climatology,test,415,2025-07-17T13:00:00,2025-07-17T19:00:00,sd,351848,2.264317e-03,1.276071e-02,2.113665e-03
climatology,test,416,2025-07-17T14:00:00,2025-07-17T20:00:00,swvl1,351848,3.054748e-02,5.051366e-02,2.472495e-03
climatology,test,416,2025-07-17T14:00:00,2025-07-17T20:00:00,stl1,351848,2.784696e+00,3.682785e+00,-7.733623e-01
climatology,test,416,2025-07-17T14:00:00,2025-07-17T20:00:00,sd,351848,2.256816e-03,1.272726e-02,2.106170e-03
climatology,test,417,2025-07-17T15:00:00,2025-07-17T21:00:00,swvl1,351848,3.055728e-02,5.054529e-02,2.446149e-03
climatology,test,417,2025-07-17T15:00:00,2025-07-17T21:00:00,stl1,351848,2.784534e+00,3.682264e+00,-7.559331e-01
climatology,test,417,2025-07-17T15:00:00,2025-07-17T21:00:00,sd,351848,2.249238e-03,1.269476e-02,2.098684e-03
climatology,test,418,2025-07-17T16:00:00,2025-07-17T22:00:00,swvl1,351848,3.038824e-02,5.025218e-02,2.524099e-03
climatology,test,418,2025-07-17T16:00:00,2025-07-17T22:00:00,stl1,351848,2.768950e+00,3.646682e+00,-6.849021e-01
climatology,test,418,2025-07-17T16:00:00,2025-07-17T22:00:00,sd,351848,2.243294e-03,1.267283e-02,2.093393e-03
climatology,test,419,2025-07-17T17:00:00,2025-07-17T23:00:00,swvl1,351848,3.036697e-02,5.022294e-02,2.540986e-03
climatology,test,419,2025-07-17T17:00:00,2025-07-17T23:00:00,stl1,351848,2.734276e+00,3.602902e+00,-6.698723e-01
climatology,test,419,2025-07-17T17:00:00,2025-07-17T23:00:00,sd,351848,2.237234e-03,1.264925e-02,2.087423e-03
climatology,test,420,2025-07-17T18:00:00,2025-07-18T00:00:00,swvl1,351848,3.055712e-02,5.063993e-02,2.582877e-03
climatology,test,420,2025-07-17T18:00:00,2025-07-18T00:00:00,stl1,351848,2.743010e+00,3.612031e+00,-6.793318e-01
climatology,test,420,2025-07-17T18:00:00,2025-07-18T00:00:00,sd,351848,2.284509e-03,1.294808e-02,2.131941e-03
climatology,test,421,2025-07-17T19:00:00,2025-07-18T01:00:00,swvl1,351848,3.051722e-02,5.058116e-02,2.598777e-03
climatology,test,421,2025-07-17T19:00:00,2025-07-18T01:00:00,stl1,351848,2.702795e+00,3.540029e+00,-7.058429e-01
climatology,test,421,2025-07-17T19:00:00,2025-07-18T01:00:00,sd,351848,2.278143e-03,1.292660e-02,2.125686e-03
climatology,test,422,2025-07-17T20:00:00,2025-07-18T02:00:00,swvl1,351848,3.049039e-02,5.054137e-02,2.627586e-03
climatology,test,422,2025-07-17T20:00:00,2025-07-18T02:00:00,stl1,351848,2.691062e+00,3.506389e+00,-6.946996e-01
climatology,test,422,2025-07-17T20:00:00,2025-07-18T02:00:00,sd,351848,2.272132e-03,1.290568e-02,2.119854e-03
climatology,test,423,2025-07-17T21:00:00,2025-07-18T03:00:00,swvl1,351848,3.047140e-02,5.051394e-02,2.644251e-03
climatology,test,423,2025-07-17T21:00:00,2025-07-18T03:00:00,stl1,351848,2.641243e+00,3.453368e+00,-7.021207e-01
climatology,test,423,2025-07-17T21:00:00,2025-07-18T03:00:00,sd,351848,2.265159e-03,1.288051e-02,2.113120e-03
climatology,test,424,2025-07-17T22:00:00,2025-07-18T04:00:00,swvl1,351848,3.045568e-02,5.048070e-02,2.657036e-03
climatology,test,424,2025-07-17T22:00:00,2025-07-18T04:00:00,stl1,351848,2.638228e+00,3.475870e+00,-6.910159e-01
climatology,test,424,2025-07-17T22:00:00,2025-07-18T04:00:00,sd,351848,2.257602e-03,1.285294e-02,2.105799e-03
climatology,test,425,2025-07-17T23:00:00,2025-07-18T05:00:00,swvl1,351848,3.044837e-02,5.043686e-02,2.653771e-03
climatology,test,425,2025-07-17T23:00:00,2025-07-18T05:00:00,stl1,351848,2.673992e+00,3.511618e+00,-6.931129e-01
climatology,test,425,2025-07-17T23:00:00,2025-07-18T05:00:00,sd,351848,2.249193e-03,1.282206e-02,2.097567e-03
climatology,test,426,2025-07-18T00:00:00,2025-07-18T06:00:00,swvl1,351848,3.043690e-02,5.038261e-02,2.653359e-03
climatology,test,426,2025-07-18T00:00:00,2025-07-18T06:00:00,stl1,351848,2.700467e+00,3.548182e+00,-6.781888e-01
climatology,test,426,2025-07-18T00:00:00,2025-07-18T06:00:00,sd,351848,2.239715e-03,1.278630e-02,2.088192e-03
climatology,test,427,2025-07-18T01:00:00,2025-07-18T07:00:00,swvl1,351848,3.042407e-02,5.034418e-02,2.636661e-03
climatology,test,427,2025-07-18T01:00:00,2025-07-18T07:00:00,stl1,351848,2.746011e+00,3.619924e+00,-6.687920e-01
climatology,test,427,2025-07-18T01:00:00,2025-07-18T07:00:00,sd,351848,2.229914e-03,1.274758e-02,2.078381e-03
climatology,test,428,2025-07-18T02:00:00,2025-07-18T08:00:00,swvl1,351848,3.039217e-02,5.027791e-02,2.596497e-03
climatology,test,428,2025-07-18T02:00:00,2025-07-18T08:00:00,stl1,351848,2.783667e+00,3.678031e+00,-6.935622e-01
climatology,test,428,2025-07-18T02:00:00,2025-07-18T08:00:00,sd,351848,2.220639e-03,1.270961e-02,2.068858e-03
climatology,test,429,2025-07-18T03:00:00,2025-07-18T09:00:00,swvl1,351848,3.036826e-02,5.022127e-02,2.545267e-03
climatology,test,429,2025-07-18T03:00:00,2025-07-18T09:00:00,stl1,351848,2.815301e+00,3.720785e+00,-6.821390e-01
climatology,test,429,2025-07-18T03:00:00,2025-07-18T09:00:00,sd,351848,2.212160e-03,1.267348e-02,2.059978e-03
climatology,test,430,2025-07-18T04:00:00,2025-07-18T10:00:00,swvl1,351848,3.033481e-02,5.018729e-02,2.557169e-03
climatology,test,430,2025-07-18T04:00:00,2025-07-18T10:00:00,stl1,351848,2.871139e+00,3.773272e+00,-6.331826e-01
climatology,test,430,2025-07-18T04:00:00,2025-07-18T10:00:00,sd,351848,2.202455e-03,1.262978e-02,2.052826e-03
climatology,test,431,2025-07-18T05:00:00,2025-07-18T11:00:00,swvl1,351848,3.033455e-02,5.021450e-02,2.509549e-03
climatology,test,431,2025-07-18T05:00:00,2025-07-18T11:00:00,stl1,351848,2.883772e+00,3.774849e+00,-6.555008e-01
climatology,test,431,2025-07-18T05:00:00,2025-07-18T11:00:00,sd,351848,2.196219e-03,1.259814e-02,2.046464e-03
climatology,test,432,2025-07-18T06:00:00,2025-07-18T12:00:00,swvl1,351848,3.041859e-02,5.034228e-02,2.583110e-03
climatology,test,432,2025-07-18T06:00:00,2025-07-18T12:00:00,stl1,351848,2.945058e+00,3.861045e+00,-6.772380e-01
climatology,test,432,2025-07-18T06:00:00,2025-07-18T12:00:00,sd,351848,2.311769e-03,1.300833e-02,2.159986e-03
climatology,test,433,2025-07-18T07:00:00,2025-07-18T13:00:00,swvl1,351848,3.041141e-02,5.036683e-02,2.546032e-03
climatology,test,433,2025-07-18T07:00:00,2025-07-18T13:00:00,stl1,351848,2.930342e+00,3.839583e+00,-7.011627e-01
climatology,test,433,2025-07-18T07:00:00,2025-07-18T13:00:00,sd,351848,2.307008e-03,1.298168e-02,2.155057e-03
climatology,test,434,2025-07-18T08:00:00,2025-07-18T14:00:00,swvl1,351848,3.039397e-02,5.037808e-02,2.537347e-03
climatology,test,434,2025-07-18T08:00:00,2025-07-18T14:00:00,stl1,351848,2.925164e+00,3.844807e+00,-7.343514e-01
climatology,test,434,2025-07-18T08:00:00,2025-07-18T14:00:00,sd,351848,2.301962e-03,1.295387e-02,2.149903e-03
climatology,test,435,2025-07-18T09:00:00,2025-07-18T15:00:00,swvl1,351848,3.039451e-02,5.043164e-02,2.517077e-03
climatology,test,435,2025-07-18T09:00:00,2025-07-18T15:00:00,stl1,351848,2.890473e+00,3.806066e+00,-7.548750e-01
climatology,test,435,2025-07-18T09:00:00,2025-07-18T15:00:00,sd,351848,2.296627e-03,1.292471e-02,2.144331e-03
climatology,test,436,2025-07-18T10:00:00,2025-07-18T16:00:00,swvl1,351848,3.038132e-02,5.045743e-02,2.500366e-03
climatology,test,436,2025-07-18T10:00:00,2025-07-18T16:00:00,stl1,351848,2.879049e+00,3.787046e+00,-7.841071e-01
climatology,test,436,2025-07-18T10:00:00,2025-07-18T16:00:00,sd,351848,2.290610e-03,1.289382e-02,2.138155e-03
climatology,test,437,2025-07-18T11:00:00,2025-07-18T17:00:00,swvl1,351848,3.035869e-02,5.045462e-02,2.491616e-03
climatology,test,437,2025-07-18T11:00:00,2025-07-18T17:00:00,stl1,351848,2.865405e+00,3.773393e+00,-8.427745e-01
climatology,test,437,2025-07-18T11:00:00,2025-07-18T17:00:00,sd,351848,2.283868e-03,1.286112e-02,2.131211e-03
climatology,test,438,2025-07-18T12:00:00,2025-07-18T18:00:00,swvl1,351848,3.035124e-02,5.046256e-02,2.463042e-03
climatology,test,438,2025-07-18T12:00:00,2025-07-18T18:00:00,stl1,351848,2.841366e+00,3.732229e+00,-8.779613e-01
climatology,test,438,2025-07-18T12:00:00,2025-07-18T18:00:00,sd,351848,2.276900e-03,1.282760e-02,2.124118e-03
climatology,test,439,2025-07-18T13:00:00,2025-07-18T19:00:00,swvl1,351848,3.034693e-02,5.046232e-02,2.451067e-03
climatology,test,439,2025-07-18T13:00:00,2025-07-18T19:00:00,stl1,351848,2.847306e+00,3.733840e+00,-8.846874e-01
climatology,test,439,2025-07-18T13:00:00,2025-07-18T19:00:00,sd,351848,2.269513e-03,1.279403e-02,2.116568e-03
climatology,test,440,2025-07-18T14:00:00,2025-07-18T20:00:00,swvl1,351848,3.035708e-02,5.049306e-02,2.405863e-03
climatology,test,440,2025-07-18T14:00:00,2025-07-18T20:00:00,stl1,351848,2.822199e+00,3.690344e+00,-8.801113e-01
climatology,test,440,2025-07-18T14:00:00,2025-07-18T20:00:00,sd,351848,2.261839e-03,1.276031e-02,2.108707e-03
climatology,test,441,2025-07-18T15:00:00,2025-07-18T21:00:00,swvl1,351848,3.036199e-02,5.054069e-02,2.333872e-03
climatology,test,441,2025-07-18T15:00:00,2025-07-18T21:00:00,stl1,351848,2.804293e+00,3.666160e+00,-8.741162e-01
climatology,test,441,2025-07-18T15:00:00,2025-07-18T21:00:00,sd,351848,2.254189e-03,1.272812e-02,2.100851e-03
climatology,test,442,2025-07-18T16:00:00,2025-07-18T22:00:00,swvl1,351848,3.024862e-02,5.024839e-02,2.279691e-03
climatology,test,442,2025-07-18T16:00:00,2025-07-18T22:00:00,stl1,351848,2.760369e+00,3.643279e+00,-8.161835e-01
climatology,test,442,2025-07-18T16:00:00,2025-07-18T22:00:00,sd,351848,2.248369e-03,1.270747e-02,2.094726e-03
climatology,test,443,2025-07-18T17:00:00,2025-07-18T23:00:00,swvl1,351848,3.025730e-02,5.028417e-02,2.231044e-03
climatology,test,443,2025-07-18T17:00:00,2025-07-18T23:00:00,stl1,351848,2.736058e+00,3.605724e+00,-8.007828e-01
climatology,test,443,2025-07-18T17:00:00,2025-07-18T23:00:00,sd,351848,2.242458e-03,1.268452e-02,2.088389e-03
climatology,test,444,2025-07-18T18:00:00,2025-07-19T00:00:00,swvl1,351848,3.046084e-02,5.071694e-02,2.216408e-03
climatology,test,444,2025-07-18T18:00:00,2025-07-19T00:00:00,stl1,351848,2.760806e+00,3.647710e+00,-7.942130e-01
climatology,test,444,2025-07-18T18:00:00,2025-07-19T00:00:00,sd,351848,2.290000e-03,1.298397e-02,2.132723e-03
climatology,test,445,2025-07-18T19:00:00,2025-07-19T01:00:00,swvl1,351848,3.045058e-02,5.072122e-02,2.208385e-03
climatology,test,445,2025-07-18T19:00:00,2025-07-19T01:00:00,stl1,351848,2.717541e+00,3.596986e+00,-7.942658e-01
climatology,test,445,2025-07-18T19:00:00,2025-07-19T01:00:00,sd,351848,2.283732e-03,1.296289e-02,2.126100e-03
climatology,test,446,2025-07-18T20:00:00,2025-07-19T02:00:00,swvl1,351848,3.044612e-02,5.072613e-02,2.194892e-03
climatology,test,446,2025-07-18T20:00:00,2025-07-19T02:00:00,stl1,351848,2.677671e+00,3.543830e+00,-7.647883e-01
climatology,test,446,2025-07-18T20:00:00,2025-07-19T02:00:00,sd,351848,2.277845e-03,1.294277e-02,2.119899e-03
climatology,test,447,2025-07-18T21:00:00,2025-07-19T03:00:00,swvl1,351848,3.043594e-02,5.070678e-02,2.196530e-03
climatology,test,447,2025-07-18T21:00:00,2025-07-19T03:00:00,stl1,351848,2.640951e+00,3.505398e+00,-7.586969e-01
climatology,test,447,2025-07-18T21:00:00,2025-07-19T03:00:00,sd,351848,2.270967e-03,1.291827e-02,2.112832e-03
climatology,test,448,2025-07-18T22:00:00,2025-07-19T04:00:00,swvl1,351848,3.042884e-02,5.067052e-02,2.185925e-03
climatology,test,448,2025-07-18T22:00:00,2025-07-19T04:00:00,stl1,351848,2.628170e+00,3.491945e+00,-7.462478e-01
climatology,test,448,2025-07-18T22:00:00,2025-07-19T04:00:00,sd,351848,2.263483e-03,1.289131e-02,2.105098e-03
climatology,test,449,2025-07-18T23:00:00,2025-07-19T05:00:00,swvl1,351848,3.041056e-02,5.061132e-02,2.185932e-03
climatology,test,449,2025-07-18T23:00:00,2025-07-19T05:00:00,stl1,351848,2.686694e+00,3.578090e+00,-7.409193e-01
climatology,test,449,2025-07-18T23:00:00,2025-07-19T05:00:00,sd,351848,2.255107e-03,1.286106e-02,2.096430e-03
climatology,test,450,2025-07-19T00:00:00,2025-07-19T06:00:00,swvl1,351848,3.038314e-02,5.052954e-02,2.188256e-03
climatology,test,450,2025-07-19T00:00:00,2025-07-19T06:00:00,stl1,351848,2.727999e+00,3.644530e+00,-7.095258e-01
climatology,test,450,2025-07-19T00:00:00,2025-07-19T06:00:00,sd,351848,2.245678e-03,1.282602e-02,2.086631e-03
climatology,test,451,2025-07-19T01:00:00,2025-07-19T07:00:00,swvl1,351848,3.033568e-02,5.040968e-02,2.183649e-03
climatology,test,451,2025-07-19T01:00:00,2025-07-19T07:00:00,stl1,351848,2.761272e+00,3.694472e+00,-7.062840e-01
climatology,test,451,2025-07-19T01:00:00,2025-07-19T07:00:00,sd,351848,2.235923e-03,1.278790e-02,2.076409e-03
climatology,test,452,2025-07-19T02:00:00,2025-07-19T08:00:00,swvl1,351848,3.027263e-02,5.025709e-02,2.185957e-03
climatology,test,452,2025-07-19T02:00:00,2025-07-19T08:00:00,stl1,351848,2.783299e+00,3.726437e+00,-7.362675e-01
climatology,test,452,2025-07-19T02:00:00,2025-07-19T08:00:00,sd,351848,2.226605e-03,1.274968e-02,2.066618e-03
climatology,test,453,2025-07-19T03:00:00,2025-07-19T09:00:00,swvl1,351848,3.022704e-02,5.012894e-02,2.178621e-03
climatology,test,453,2025-07-19T03:00:00,2025-07-19T09:00:00,stl1,351848,2.796998e+00,3.745384e+00,-7.423058e-01
climatology,test,453,2025-07-19T03:00:00,2025-07-19T09:00:00,sd,351848,2.218065e-03,1.271235e-02,2.057547e-03
climatology,test,454,2025-07-19T04:00:00,2025-07-19T10:00:00,swvl1,351848,3.021568e-02,4.999519e-02,2.083457e-03
climatology,test,454,2025-07-19T04:00:00,2025-07-19T10:00:00,stl1,351848,2.841373e+00,3.811249e+00,-6.777115e-01
climatology,test,454,2025-07-19T04:00:00,2025-07-19T10:00:00,sd,351848,2.207952e-03,1.266741e-02,2.051590e-03
climatology,test,455,2025-07-19T05:00:00,2025-07-19T11:00:00,swvl1,351848,3.021830e-02,4.996798e-02,2.052759e-03
climatology,test,455,2025-07-19T05:00:00,2025-07-19T11:00:00,stl1,351848,2.877411e+00,3.845232e+00,-7.021403e-01
climatology,test,455,2025-07-19T05:00:00,2025-07-19T11:00:00,sd,351848,2.201662e-03,1.263531e-02,2.045053e-03
climatology,test,456,2025-07-19T06:00:00,2025-07-19T12:00:00,swvl1,351848,3.033262e-02,5.009272e-02,2.121241e-03
climatology,test,456,2025-07-19T06:00:00,2025-07-19T12:00:00,stl1,351848,2.920883e+00,3.891546e+00,-7.203696e-01
climatology,test,456,2025-07-19T06:00:00,2025-07-19T12:00:00,sd,351848,2.317248e-03,1.304459e-02,2.158483e-03
climatology,test,457,2025-07-19T07:00:00,2025-07-19T13:00:00,swvl1,351848,3.037332e-02,5.014069e-02,2.053967e-03
climatology,test,457,2025-07-19T07:00:00,2025-07-19T13:00:00,stl1,351848,2.902793e+00,3.880835e+00,-7.451508e-01
climatology,test,457,2025-07-19T07:00:00,2025-07-19T13:00:00,sd,351848,2.312633e-03,1.301886e-02,2.153608e-03
climatology,test,458,2025-07-19T08:00:00,2025-07-19T14:00:00,swvl1,351848,3.046834e-02,5.028530e-02,1.957539e-03
climatology,test,458,2025-07-19T08:00:00,2025-07-19T14:00:00,stl1,351848,2.882304e+00,3.852652e+00,-7.685245e-01
climatology,test,458,2025-07-19T08:00:00,2025-07-19T14:00:00,sd,351848,2.307791e-03,1.299210e-02,2.148561e-03
climatology,test,459,2025-07-19T09:00:00,2025-07-19T15:00:00,swvl1,351848,3.059942e-02,5.052631e-02,1.850170e-03
climatology,test,459,2025-07-19T09:00:00,2025-07-19T15:00:00,stl1,351848,2.831801e+00,3.793820e+00,-7.720639e-01
climatology,test,459,2025-07-19T09:00:00,2025-07-19T15:00:00,sd,351848,2.302575e-03,1.296385e-02,2.143050e-03
climatology,test,460,2025-07-19T10:00:00,2025-07-19T16:00:00,swvl1,351848,3.068812e-02,5.067299e-02,1.776222e-03
climatology,test,460,2025-07-19T10:00:00,2025-07-19T16:00:00,stl1,351848,2.829769e+00,3.803094e+00,-8.011764e-01
climatology,test,460,2025-07-19T10:00:00,2025-07-19T16:00:00,sd,351848,2.296524e-03,1.293315e-02,2.136817e-03
climatology,test,461,2025-07-19T11:00:00,2025-07-19T17:00:00,swvl1,351848,3.074747e-02,5.076626e-02,1.737261e-03
climatology,test,461,2025-07-19T11:00:00,2025-07-19T17:00:00,stl1,351848,2.800069e+00,3.786436e+00,-8.567533e-01
climatology,test,461,2025-07-19T11:00:00,2025-07-19T17:00:00,sd,351848,2.289655e-03,1.289981e-02,2.129714e-03
climatology,test,462,2025-07-19T12:00:00,2025-07-19T18:00:00,swvl1,351848,3.078167e-02,5.080103e-02,1.730925e-03
climatology,test,462,2025-07-19T12:00:00,2025-07-19T18:00:00,stl1,351848,2.798827e+00,3.787600e+00,-8.739402e-01
climatology,test,462,2025-07-19T12:00:00,2025-07-19T18:00:00,sd,351848,2.282505e-03,1.286483e-02,2.122435e-03
climatology,test,463,2025-07-19T13:00:00,2025-07-19T19:00:00,swvl1,351848,3.081347e-02,5.084129e-02,1.730080e-03
climatology,test,463,2025-07-19T13:00:00,2025-07-19T19:00:00,stl1,351848,2.759661e+00,3.727410e+00,-9.025799e-01
climatology,test,463,2025-07-19T13:00:00,2025-07-19T19:00:00,sd,351848,2.274897e-03,1.282944e-02,2.114662e-03
climatology,test,464,2025-07-19T14:00:00,2025-07-19T20:00:00,swvl1,351848,3.083100e-02,5.086643e-02,1.751528e-03
climatology,test,464,2025-07-19T14:00:00,2025-07-19T20:00:00,stl1,351848,2.749323e+00,3.667573e+00,-9.096913e-01
climatology,test,464,2025-07-19T14:00:00,2025-07-19T20:00:00,sd,351848,2.266972e-03,1.279357e-02,2.106560e-03
climatology,test,465,2025-07-19T15:00:00,2025-07-19T21:00:00,swvl1,351848,3.084615e-02,5.087604e-02,1.769470e-03
climatology,test,465,2025-07-19T15:00:00,2025-07-19T21:00:00,stl1,351848,2.758547e+00,3.672418e+00,-9.041266e-01
climatology,test,465,2025-07-19T15:00:00,2025-07-19T21:00:00,sd,351848,2.259147e-03,1.275954e-02,2.098381e-03
climatology,test,466,2025-07-19T16:00:00,2025-07-19T22:00:00,swvl1,351848,3.083865e-02,5.082447e-02,1.749875e-03
climatology,test,466,2025-07-19T16:00:00,2025-07-19T22:00:00,stl1,351848,2.742080e+00,3.692752e+00,-8.555813e-01
climatology,test,466,2025-07-19T16:00:00,2025-07-19T22:00:00,sd,351848,2.253143e-03,1.273807e-02,2.092053e-03
climatology,test,467,2025-07-19T17:00:00,2025-07-19T23:00:00,swvl1,351848,3.086493e-02,5.089608e-02,1.701726e-03
climatology,test,467,2025-07-19T17:00:00,2025-07-19T23:00:00,stl1,351848,2.726890e+00,3.686339e+00,-8.293599e-01
climatology,test,467,2025-07-19T17:00:00,2025-07-19T23:00:00,sd,351848,2.246832e-03,1.271310e-02,2.085275e-03
climatology,test,468,2025-07-19T18:00:00,2025-07-20T00:00:00,swvl1,351848,3.107335e-02,5.134392e-02,1.680739e-03
climatology,test,468,2025-07-19T18:00:00,2025-07-20T00:00:00,stl1,351848,2.760345e+00,3.724943e+00,-8.391851e-01
climatology,test,468,2025-07-19T18:00:00,2025-07-20T00:00:00,sd,351848,2.294606e-03,1.301394e-02,2.129690e-03
climatology,test,469,2025-07-19T19:00:00,2025-07-20T01:00:00,swvl1,351848,3.108209e-02,5.135886e-02,1.653673e-03
climatology,test,469,2025-07-19T19:00:00,2025-07-20T01:00:00,stl1,351848,2.749653e+00,3.722936e+00,-8.248954e-01
climatology,test,469,2025-07-19T19:00:00,2025-07-20T01:00:00,sd,351848,2.287992e-03,1.299118e-02,2.122610e-03
climatology,test,470,2025-07-19T20:00:00,2025-07-20T02:00:00,swvl1,351848,3.108004e-02,5.136034e-02,1.634247e-03
climatology,test,470,2025-07-19T20:00:00,2025-07-20T02:00:00,stl1,351848,2.680468e+00,3.659622e+00,-7.948710e-01
climatology,test,470,2025-07-19T20:00:00,2025-07-20T02:00:00,sd,351848,2.281775e-03,1.296921e-02,2.116031e-03
climatology,test,471,2025-07-19T21:00:00,2025-07-20T03:00:00,swvl1,351848,3.108189e-02,5.135282e-02,1.632131e-03
climatology,test,471,2025-07-19T21:00:00,2025-07-20T03:00:00,stl1,351848,2.663243e+00,3.653556e+00,-7.676513e-01
climatology,test,471,2025-07-19T21:00:00,2025-07-20T03:00:00,sd,351848,2.274577e-03,1.294293e-02,2.108595e-03
climatology,test,472,2025-07-19T22:00:00,2025-07-20T04:00:00,swvl1,351848,3.107143e-02,5.131562e-02,1.632106e-03
climatology,test,472,2025-07-19T22:00:00,2025-07-20T04:00:00,stl1,351848,2.632438e+00,3.577879e+00,-7.769429e-01
climatology,test,472,2025-07-19T22:00:00,2025-07-20T04:00:00,sd,351848,2.266754e-03,1.291422e-02,2.100654e-03
climatology,test,473,2025-07-19T23:00:00,2025-07-20T05:00:00,swvl1,351848,3.105097e-02,5.126214e-02,1.625471e-03
climatology,test,473,2025-07-19T23:00:00,2025-07-20T05:00:00,stl1,351848,2.677796e+00,3.641115e+00,-7.229337e-01
climatology,test,473,2025-07-19T23:00:00,2025-07-20T05:00:00,sd,351848,2.258058e-03,1.288213e-02,2.091940e-03
climatology,test,474,2025-07-20T00:00:00,2025-07-20T06:00:00,swvl1,351848,3.101987e-02,5.119019e-02,1.633538e-03
climatology,test,474,2025-07-20T00:00:00,2025-07-20T06:00:00,stl1,351848,2.730521e+00,3.727121e+00,-6.645874e-01
climatology,test,474,2025-07-20T00:00:00,2025-07-20T06:00:00,sd,351848,2.248231e-03,1.284487e-02,2.082146e-03
climatology,test,475,2025-07-20T01:00:00,2025-07-20T07:00:00,swvl1,351848,3.098079e-02,5.110588e-02,1.655278e-03
climatology,test,475,2025-07-20T01:00:00,2025-07-20T07:00:00,stl1,351848,2.755089e+00,3.751142e+00,-6.473654e-01
climatology,test,475,2025-07-20T01:00:00,2025-07-20T07:00:00,sd,351848,2.238059e-03,1.280427e-02,2.071992e-03
climatology,test,476,2025-07-20T02:00:00,2025-07-20T08:00:00,swvl1,351848,3.095026e-02,5.102564e-02,1.684712e-03
climatology,test,476,2025-07-20T02:00:00,2025-07-20T08:00:00,stl1,351848,2.798496e+00,3.814917e+00,-6.410302e-01
climatology,test,476,2025-07-20T02:00:00,2025-07-20T08:00:00,sd,351848,2.228318e-03,1.276373e-02,2.062354e-03
climatology,test,477,2025-07-20T03:00:00,2025-07-20T09:00:00,swvl1,351848,3.092656e-02,5.097018e-02,1.695425e-03
climatology,test,477,2025-07-20T03:00:00,2025-07-20T09:00:00,stl1,351848,2.845618e+00,3.879692e+00,-6.358988e-01
climatology,test,477,2025-07-20T03:00:00,2025-07-20T09:00:00,sd,351848,2.219312e-03,1.272400e-02,2.053447e-03
climatology,test,478,2025-07-20T04:00:00,2025-07-20T10:00:00,swvl1,351848,3.097707e-02,5.107038e-02,1.727345e-03
climatology,test,478,2025-07-20T04:00:00,2025-07-20T10:00:00,stl1,351848,2.858671e+00,3.893008e+00,-6.240389e-01
climatology,test,478,2025-07-20T04:00:00,2025-07-20T10:00:00,sd,351848,2.210300e-03,1.268809e-02,2.045627e-03
climatology,test,479,2025-07-20T05:00:00,2025-07-20T11:00:00,swvl1,351848,3.101339e-02,5.110937e-02,1.712321e-03
climatology,test,479,2025-07-20T05:00:00,2025-07-20T11:00:00,stl1,351848,2.870234e+00,3.905230e+00,-6.294323e-01
climatology,test,479,2025-07-20T05:00:00,2025-07-20T11:00:00,sd,351848,2.203870e-03,1.265539e-02,2.039175e-03
climatology,test,480,2025-07-20T06:00:00,2025-07-20T12:00:00,swvl1,351848,3.113410e-02,5.127467e-02,1.802884e-03
climatology,test,480,2025-07-20T06:00:00,2025-07-20T12:00:00,stl1,351848,2.902744e+00,3.950918e+00,-6.630685e-01
climatology,test,480,2025-07-20T06:00:00,2025-07-20T12:00:00,sd,351848,2.319313e-03,1.306318e-02,2.152677e-03
climatology,test,481,2025-07-20T07:00:00,2025-07-20T13:00:00,swvl1,351848,3.115629e-02,5.133337e-02,1.785513e-03
climatology,test,481,2025-07-20T07:00:00,2025-07-20T13:00:00,stl1,351848,2.877745e+00,3.935544e+00,-6.808249e-01
climatology,test,481,2025-07-20T07:00:00,2025-07-20T13:00:00,sd,351848,2.314544e-03,1.303589e-02,2.147853e-03
climatology,test,482,2025-07-20T08:00:00,2025-07-20T14:00:00,swvl1,351848,3.118995e-02,5.143367e-02,1.754009e-03
climatology,test,482,2025-07-20T08:00:00,2025-07-20T14:00:00,stl1,351848,2.857732e+00,3.907324e+00,-7.335274e-01
climatology,test,482,2025-07-20T08:00:00,2025-07-20T14:00:00,sd,351848,2.309507e-03,1.300769e-02,2.142844e-03
climatology,test,483,2025-07-20T09:00:00,2025-07-20T15:00:00,swvl1,351848,3.124379e-02,5.158284e-02,1.686315e-03
climatology,test,483,2025-07-20T09:00:00,2025-07-20T15:00:00,stl1,351848,2.837850e+00,3.888331e+00,-7.631033e-01
climatology,test,483,2025-07-20T09:00:00,2025-07-20T15:00:00,sd,351848,2.303974e-03,1.297749e-02,2.137446e-03
climatology,test,484,2025-07-20T10:00:00,2025-07-20T16:00:00,swvl1,351848,3.129660e-02,5.169100e-02,1.621609e-03
climatology,test,484,2025-07-20T10:00:00,2025-07-20T16:00:00,stl1,351848,2.822933e+00,3.854874e+00,-8.052756e-01
climatology,test,484,2025-07-20T10:00:00,2025-07-20T16:00:00,sd,351848,2.297671e-03,1.294530e-02,2.131365e-03
climatology,test,485,2025-07-20T11:00:00,2025-07-20T17:00:00,swvl1,351848,3.133921e-02,5.178262e-02,1.577650e-03
climatology,test,485,2025-07-20T11:00:00,2025-07-20T17:00:00,stl1,351848,2.790632e+00,3.830390e+00,-8.591879e-01
climatology,test,485,2025-07-20T11:00:00,2025-07-20T17:00:00,sd,351848,2.290551e-03,1.291076e-02,2.124577e-03
climatology,test,486,2025-07-20T12:00:00,2025-07-20T18:00:00,swvl1,351848,3.136213e-02,5.184001e-02,1.536538e-03
climatology,test,486,2025-07-20T12:00:00,2025-07-20T18:00:00,stl1,351848,2.786935e+00,3.820579e+00,-8.774913e-01
climatology,test,486,2025-07-20T12:00:00,2025-07-20T18:00:00,sd,351848,2.283181e-03,1.287487e-02,2.117592e-03
climatology,test,487,2025-07-20T13:00:00,2025-07-20T19:00:00,swvl1,351848,3.137348e-02,5.187194e-02,1.517988e-03
climatology,test,487,2025-07-20T13:00:00,2025-07-20T19:00:00,stl1,351848,2.786360e+00,3.806567e+00,-9.078553e-01
climatology,test,487,2025-07-20T13:00:00,2025-07-20T19:00:00,sd,351848,2.275432e-03,1.283901e-02,2.110193e-03
climatology,test,488,2025-07-20T14:00:00,2025-07-20T20:00:00,swvl1,351848,3.138133e-02,5.187474e-02,1.525581e-03
climatology,test,488,2025-07-20T14:00:00,2025-07-20T20:00:00,stl1,351848,2.778148e+00,3.776872e+00,-8.932304e-01
climatology,test,488,2025-07-20T14:00:00,2025-07-20T20:00:00,sd,351848,2.267446e-03,1.280311e-02,2.102466e-03
climatology,test,489,2025-07-20T15:00:00,2025-07-20T21:00:00,swvl1,351848,3.137529e-02,5.184743e-02,1.542387e-03
climatology,test,489,2025-07-20T15:00:00,2025-07-20T21:00:00,stl1,351848,2.763762e+00,3.748088e+00,-8.940873e-01
climatology,test,489,2025-07-20T15:00:00,2025-07-20T21:00:00,sd,351848,2.259532e-03,1.276911e-02,2.094653e-03
climatology,test,490,2025-07-20T16:00:00,2025-07-20T22:00:00,swvl1,351848,3.126770e-02,5.161573e-02,1.712853e-03
climatology,test,490,2025-07-20T16:00:00,2025-07-20T22:00:00,stl1,351848,2.736379e+00,3.694666e+00,-8.435260e-01
climatology,test,490,2025-07-20T16:00:00,2025-07-20T22:00:00,sd,351848,2.253837e-03,1.274974e-02,2.088986e-03
climatology,test,491,2025-07-20T17:00:00,2025-07-20T23:00:00,swvl1,351848,3.119768e-02,5.151399e-02,1.709217e-03
climatology,test,491,2025-07-20T17:00:00,2025-07-20T23:00:00,stl1,351848,2.703141e+00,3.659163e+00,-8.460885e-01
climatology,test,491,2025-07-20T17:00:00,2025-07-20T23:00:00,sd,351848,2.247551e-03,1.272532e-02,2.082733e-03
climatology,test,492,2025-07-20T18:00:00,2025-07-21T00:00:00,swvl1,351848,3.130693e-02,5.180762e-02,1.732362e-03
climatology,test,492,2025-07-20T18:00:00,2025-07-21T00:00:00,stl1,351848,2.707048e+00,3.676308e+00,-8.555139e-01
climatology,test,492,2025-07-20T18:00:00,2025-07-21T00:00:00,sd,351848,2.296729e-03,1.303200e-02,2.129014e-03
climatology,test,493,2025-07-20T19:00:00,2025-07-21T01:00:00,swvl1,351848,3.122740e-02,5.168965e-02,1.729745e-03
climatology,test,493,2025-07-20T19:00:00,2025-07-21T01:00:00,stl1,351848,2.687086e+00,3.647688e+00,-8.403858e-01
climatology,test,493,2025-07-20T19:00:00,2025-07-21T01:00:00,sd,351848,2.290166e-03,1.300996e-02,2.122504e-03
climatology,test,494,2025-07-20T20:00:00,2025-07-21T02:00:00,swvl1,351848,3.114405e-02,5.156826e-02,1.739235e-03
climatology,test,494,2025-07-20T20:00:00,2025-07-21T02:00:00,stl1,351848,2.641014e+00,3.607367e+00,-8.144267e-01
climatology,test,494,2025-07-20T20:00:00,2025-07-21T02:00:00,sd,351848,2.283974e-03,1.298862e-02,2.116439e-03
climatology,test,495,2025-07-20T21:00:00,2025-07-21T03:00:00,swvl1,351848,3.105836e-02,5.143405e-02,1.763386e-03
climatology,test,495,2025-07-20T21:00:00,2025-07-21T03:00:00,stl1,351848,2.604849e+00,3.553395e+00,-7.578269e-01
climatology,test,495,2025-07-20T21:00:00,2025-07-21T03:00:00,sd,351848,2.276805e-03,1.296311e-02,2.109439e-03
climatology,test,496,2025-07-20T22:00:00,2025-07-21T04:00:00,swvl1,351848,3.097218e-02,5.129297e-02,1.774069e-03
climatology,test,496,2025-07-20T22:00:00,2025-07-21T04:00:00,stl1,351848,2.614129e+00,3.570378e+00,-7.030417e-01
climatology,test,496,2025-07-20T22:00:00,2025-07-21T04:00:00,sd,351848,2.268982e-03,1.293500e-02,2.101800e-03
climatology,test,497,2025-07-20T23:00:00,2025-07-21T05:00:00,swvl1,351848,3.089056e-02,5.114904e-02,1.800435e-03
climatology,test,497,2025-07-20T23:00:00,2025-07-21T05:00:00,stl1,351848,2.662104e+00,3.620964e+00,-6.840695e-01
climatology,test,497,2025-07-20T23:00:00,2025-07-21T05:00:00,sd,351848,2.260330e-03,1.290351e-02,2.093250e-03
climatology,test,498,2025-07-21T00:00:00,2025-07-21T06:00:00,swvl1,351848,3.081625e-02,5.100064e-02,1.835069e-03
climatology,test,498,2025-07-21T00:00:00,2025-07-21T06:00:00,stl1,351848,2.694808e+00,3.666032e+00,-6.289836e-01
climatology,test,498,2025-07-21T00:00:00,2025-07-21T06:00:00,sd,351848,2.250588e-03,1.286689e-02,2.083561e-03
climatology,test,499,2025-07-21T01:00:00,2025-07-21T07:00:00,swvl1,351848,3.074729e-02,5.086470e-02,1.878297e-03
climatology,test,499,2025-07-21T01:00:00,2025-07-21T07:00:00,stl1,351848,2.723961e+00,3.708182e+00,-5.950749e-01
climatology,test,499,2025-07-21T01:00:00,2025-07-21T07:00:00,sd,351848,2.240432e-03,1.282686e-02,2.073424e-03
climatology,test,500,2025-07-21T02:00:00,2025-07-21T08:00:00,swvl1,351848,3.068995e-02,5.075652e-02,1.929058e-03
climatology,test,500,2025-07-21T02:00:00,2025-07-21T08:00:00,stl1,351848,2.774369e+00,3.765412e+00,-6.034099e-01
climatology,test,500,2025-07-21T02:00:00,2025-07-21T08:00:00,sd,351848,2.230661e-03,1.278676e-02,2.063568e-03
climatology,test,501,2025-07-21T03:00:00,2025-07-21T09:00:00,swvl1,351848,3.065517e-02,5.068293e-02,1.967910e-03
climatology,test,501,2025-07-21T03:00:00,2025-07-21T09:00:00,stl1,351848,2.800702e+00,3.789149e+00,-6.079091e-01
climatology,test,501,2025-07-21T03:00:00,2025-07-21T09:00:00,sd,351848,2.221550e-03,1.274731e-02,2.054288e-03
climatology,test,502,2025-07-21T04:00:00,2025-07-21T10:00:00,swvl1,351848,3.064683e-02,5.051125e-02,2.010564e-03
climatology,test,502,2025-07-21T04:00:00,2025-07-21T10:00:00,stl1,351848,2.847755e+00,3.853415e+00,-5.880621e-01
climatology,test,502,2025-07-21T04:00:00,2025-07-21T10:00:00,sd,351848,2.214207e-03,1.271494e-02,2.045100e-03
climatology,test,503,2025-07-21T05:00:00,2025-07-21T11:00:00,swvl1,351848,3.061968e-02,5.045239e-02,2.032332e-03
climatology,test,503,2025-07-21T05:00:00,2025-07-21T11:00:00,stl1,351848,2.869587e+00,3.868481e+00,-5.986823e-01
climatology,test,503,2025-07-21T05:00:00,2025-07-21T11:00:00,sd,351848,2.208154e-03,1.268160e-02,2.037222e-03
climatology,test,504,2025-07-21T06:00:00,2025-07-21T12:00:00,swvl1,351848,3.071193e-02,5.056271e-02,2.157962e-03
climatology,test,504,2025-07-21T06:00:00,2025-07-21T12:00:00,stl1,351848,2.916317e+00,3.925177e+00,-6.518958e-01
climatology,test,504,2025-07-21T06:00:00,2025-07-21T12:00:00,sd,351848,2.324113e-03,1.308880e-02,2.149819e-03
climatology,test,505,2025-07-21T07:00:00,2025-07-21T13:00:00,swvl1,351848,3.071016e-02,5.056178e-02,2.136665e-03
climatology,test,505,2025-07-21T07:00:00,2025-07-21T13:00:00,stl1,351848,2.912702e+00,3.911851e+00,-6.552648e-01
climatology,test,505,2025-07-21T07:00:00,2025-07-21T13:00:00,sd,351848,2.319777e-03,1.306236e-02,2.144475e-03
climatology,test,506,2025-07-21T08:00:00,2025-07-21T14:00:00,swvl1,351848,3.070914e-02,5.058223e-02,2.113645e-03
climatology,test,506,2025-07-21T08:00:00,2025-07-21T14:00:00,stl1,351848,2.849780e+00,3.823157e+00,-7.017523e-01
climatology,test,506,2025-07-21T08:00:00,2025-07-21T14:00:00,sd,351848,2.315181e-03,1.303519e-02,2.139158e-03
climatology,test,507,2025-07-21T09:00:00,2025-07-21T15:00:00,swvl1,351848,3.072513e-02,5.065273e-02,2.060765e-03
climatology,test,507,2025-07-21T09:00:00,2025-07-21T15:00:00,stl1,351848,2.793028e+00,3.750177e+00,-7.545764e-01
climatology,test,507,2025-07-21T09:00:00,2025-07-21T15:00:00,sd,351848,2.310021e-03,1.300594e-02,2.133571e-03
climatology,test,508,2025-07-21T10:00:00,2025-07-21T16:00:00,swvl1,351848,3.070171e-02,5.066477e-02,2.024095e-03
climatology,test,508,2025-07-21T10:00:00,2025-07-21T16:00:00,stl1,351848,2.785812e+00,3.749705e+00,-7.767781e-01
climatology,test,508,2025-07-21T10:00:00,2025-07-21T16:00:00,sd,351848,2.304070e-03,1.297467e-02,2.127372e-03
climatology,test,509,2025-07-21T11:00:00,2025-07-21T17:00:00,swvl1,351848,3.069736e-02,5.069815e-02,1.970640e-03
climatology,test,509,2025-07-21T11:00:00,2025-07-21T17:00:00,stl1,351848,2.769590e+00,3.727803e+00,-7.855285e-01
climatology,test,509,2025-07-21T11:00:00,2025-07-21T17:00:00,sd,351848,2.297241e-03,1.294085e-02,2.120514e-03
climatology,test,510,2025-07-21T12:00:00,2025-07-21T18:00:00,swvl1,351848,3.068424e-02,5.070171e-02,1.948494e-03
climatology,test,510,2025-07-21T12:00:00,2025-07-21T18:00:00,stl1,351848,2.778582e+00,3.746661e+00,-8.016832e-01
climatology,test,510,2025-07-21T12:00:00,2025-07-21T18:00:00,sd,351848,2.290197e-03,1.290612e-02,2.113511e-03
climatology,test,511,2025-07-21T13:00:00,2025-07-21T19:00:00,swvl1,351848,3.067528e-02,5.071086e-02,1.941786e-03
climatology,test,511,2025-07-21T13:00:00,2025-07-21T19:00:00,stl1,351848,2.775945e+00,3.726766e+00,-8.203296e-01
climatology,test,511,2025-07-21T13:00:00,2025-07-21T19:00:00,sd,351848,2.282631e-03,1.287104e-02,2.106095e-03
climatology,test,512,2025-07-21T14:00:00,2025-07-21T20:00:00,swvl1,351848,3.066347e-02,5.069727e-02,1.943849e-03
climatology,test,512,2025-07-21T14:00:00,2025-07-21T20:00:00,stl1,351848,2.768107e+00,3.720373e+00,-8.056995e-01
climatology,test,512,2025-07-21T14:00:00,2025-07-21T20:00:00,sd,351848,2.274720e-03,1.283555e-02,2.098314e-03
climatology,test,513,2025-07-21T15:00:00,2025-07-21T21:00:00,swvl1,351848,3.064887e-02,5.069010e-02,1.937583e-03
climatology,test,513,2025-07-21T15:00:00,2025-07-21T21:00:00,stl1,351848,2.759814e+00,3.692853e+00,-8.035297e-01
climatology,test,513,2025-07-21T15:00:00,2025-07-21T21:00:00,sd,351848,2.266847e-03,1.280209e-02,2.090496e-03
climatology,test,514,2025-07-21T16:00:00,2025-07-21T22:00:00,swvl1,351848,3.050674e-02,5.038462e-02,1.911293e-03
climatology,test,514,2025-07-21T16:00:00,2025-07-21T22:00:00,stl1,351848,2.727416e+00,3.667966e+00,-7.538201e-01
climatology,test,514,2025-07-21T16:00:00,2025-07-21T22:00:00,sd,351848,2.260644e-03,1.278201e-02,2.084296e-03
climatology,test,515,2025-07-21T17:00:00,2025-07-21T23:00:00,swvl1,351848,3.046134e-02,5.033445e-02,1.898175e-03
climatology,test,515,2025-07-21T17:00:00,2025-07-21T23:00:00,stl1,351848,2.695796e+00,3.633890e+00,-7.285447e-01
climatology,test,515,2025-07-21T17:00:00,2025-07-21T23:00:00,sd,351848,2.254324e-03,1.275775e-02,2.077712e-03
climatology,test,516,2025-07-21T18:00:00,2025-07-22T00:00:00,swvl1,351848,3.059797e-02,5.065944e-02,1.911058e-03
climatology,test,516,2025-07-21T18:00:00,2025-07-22T00:00:00,stl1,351848,2.694654e+00,3.650476e+00,-7.285469e-01
climatology,test,516,2025-07-21T18:00:00,2025-07-22T00:00:00,sd,351848,2.304053e-03,1.306708e-02,2.124469e-03
climatology,test,517,2025-07-21T19:00:00,2025-07-22T01:00:00,swvl1,351848,3.054798e-02,5.057745e-02,1.918116e-03
climatology,test,517,2025-07-21T19:00:00,2025-07-22T01:00:00,stl1,351848,2.664221e+00,3.619196e+00,-6.978960e-01
climatology,test,517,2025-07-21T19:00:00,2025-07-22T01:00:00,sd,351848,2.297490e-03,1.304513e-02,2.117562e-03
climatology,test,518,2025-07-21T20:00:00,2025-07-22T02:00:00,swvl1,351848,3.050003e-02,5.049132e-02,1.930361e-03
climatology,test,518,2025-07-21T20:00:00,2025-07-22T02:00:00,stl1,351848,2.613666e+00,3.551317e+00,-6.455687e-01
climatology,test,518,2025-07-21T20:00:00,2025-07-22T02:00:00,sd,351848,2.291343e-03,1.302381e-02,2.111127e-03
climatology,test,519,2025-07-21T21:00:00,2025-07-22T03:00:00,swvl1,351848,3.045167e-02,5.040284e-02,1.939757e-03
climatology,test,519,2025-07-21T21:00:00,2025-07-22T03:00:00,stl1,351848,2.575616e+00,3.516857e+00,-6.237439e-01
climatology,test,519,2025-07-21T21:00:00,2025-07-22T03:00:00,sd,351848,2.284220e-03,1.299802e-02,2.103756e-03
climatology,test,520,2025-07-21T22:00:00,2025-07-22T04:00:00,swvl1,351848,3.040296e-02,5.031166e-02,1.933584e-03
climatology,test,520,2025-07-21T22:00:00,2025-07-22T04:00:00,stl1,351848,2.567408e+00,3.509110e+00,-6.278220e-01
climatology,test,520,2025-07-21T22:00:00,2025-07-22T04:00:00,sd,351848,2.276523e-03,1.296959e-02,2.095862e-03
climatology,test,521,2025-07-21T23:00:00,2025-07-22T05:00:00,swvl1,351848,3.038339e-02,5.026086e-02,1.922597e-03
climatology,test,521,2025-07-21T23:00:00,2025-07-22T05:00:00,stl1,351848,2.659835e+00,3.633888e+00,-5.913233e-01
climatology,test,521,2025-07-21T23:00:00,2025-07-22T05:00:00,sd,351848,2.267986e-03,1.293784e-02,2.087168e-03
climatology,test,522,2025-07-22T00:00:00,2025-07-22T06:00:00,swvl1,351848,3.037444e-02,5.023297e-02,1.926598e-03
climatology,test,522,2025-07-22T00:00:00,2025-07-22T06:00:00,stl1,351848,2.693443e+00,3.687234e+00,-5.348073e-01
climatology,test,522,2025-07-22T00:00:00,2025-07-22T06:00:00,sd,351848,2.258443e-03,1.290118e-02,2.077433e-03
climatology,test,523,2025-07-22T01:00:00,2025-07-22T07:00:00,swvl1,351848,3.038467e-02,5.022644e-02,1.938013e-03
climatology,test,523,2025-07-22T01:00:00,2025-07-22T07:00:00,stl1,351848,2.741180e+00,3.746971e+00,-5.151834e-01
climatology,test,523,2025-07-22T01:00:00,2025-07-22T07:00:00,sd,351848,2.248533e-03,1.286128e-02,2.067304e-03
climatology,test,524,2025-07-22T02:00:00,2025-07-22T08:00:00,swvl1,351848,3.039697e-02,5.023981e-02,1.961739e-03
climatology,test,524,2025-07-22T02:00:00,2025-07-22T08:00:00,stl1,351848,2.788382e+00,3.814857e+00,-5.608511e-01
climatology,test,524,2025-07-22T02:00:00,2025-07-22T08:00:00,sd,351848,2.238982e-03,1.282115e-02,2.057559e-03
climatology,test,525,2025-07-22T03:00:00,2025-07-22T09:00:00,swvl1,351848,3.041580e-02,5.028193e-02,1.987778e-03
climatology,test,525,2025-07-22T03:00:00,2025-07-22T09:00:00,stl1,351848,2.831060e+00,3.860410e+00,-5.586847e-01
climatology,test,525,2025-07-22T03:00:00,2025-07-22T09:00:00,sd,351848,2.229928e-03,1.278138e-02,2.048406e-03
climatology,test,526,2025-07-22T04:00:00,2025-07-22T10:00:00,swvl1,351848,3.056081e-02,5.046457e-02,2.105706e-03
climatology,test,526,2025-07-22T04:00:00,2025-07-22T10:00:00,stl1,351848,2.892661e+00,3.910879e+00,-5.817400e-01
climatology,test,526,2025-07-22T04:00:00,2025-07-22T10:00:00,sd,351848,2.227497e-03,1.276317e-02,2.048337e-03
climatology,test,527,2025-07-22T05:00:00,2025-07-22T11:00:00,swvl1,351848,3.059152e-02,5.053021e-02,2.120903e-03
climatology,test,527,2025-07-22T05:00:00,2025-07-22T11:00:00,stl1,351848,2.919365e+00,3.929993e+00,-5.908130e-01
climatology,test,527,2025-07-22T05:00:00,2025-07-22T11:00:00,sd,351848,2.220840e-03,1.272917e-02,2.042280e-03
climatology,test,528,2025-07-22T06:00:00,2025-07-22T12:00:00,swvl1,351848,3.073454e-02,5.075699e-02,2.254300e-03
climatology,test,528,2025-07-22T06:00:00,2025-07-22T12:00:00,stl1,351848,2.949108e+00,3.969840e+00,-6.364273e-01
climatology,test,528,2025-07-22T06:00:00,2025-07-22T12:00:00,sd,351848,2.335856e-03,1.313388e-02,2.155843e-03
climatology,test,529,2025-07-22T07:00:00,2025-07-22T13:00:00,swvl1,351848,3.076438e-02,5.083969e-02,2.243894e-03
climatology,test,529,2025-07-22T07:00:00,2025-07-22T13:00:00,stl1,351848,2.934220e+00,3.974141e+00,-6.448341e-01
climatology,test,529,2025-07-22T07:00:00,2025-07-22T13:00:00,sd,351848,2.330720e-03,1.310594e-02,2.151045e-03
climatology,test,530,2025-07-22T08:00:00,2025-07-22T14:00:00,swvl1,351848,3.081296e-02,5.099148e-02,2.209355e-03
climatology,test,530,2025-07-22T08:00:00,2025-07-22T14:00:00,stl1,351848,2.907992e+00,3.946955e+00,-7.174352e-01
climatology,test,530,2025-07-22T08:00:00,2025-07-22T14:00:00,sd,351848,2.325421e-03,1.307715e-02,2.145804e-03
climatology,test,531,2025-07-22T09:00:00,2025-07-22T15:00:00,swvl1,351848,3.084659e-02,5.107584e-02,2.203854e-03
climatology,test,531,2025-07-22T09:00:00,2025-07-22T15:00:00,stl1,351848,2.868007e+00,3.899152e+00,-7.486626e-01
climatology,test,531,2025-07-22T09:00:00,2025-07-22T15:00:00,sd,351848,2.319558e-03,1.304668e-02,2.139815e-03
climatology,test,532,2025-07-22T10:00:00,2025-07-22T16:00:00,swvl1,351848,3.088682e-02,5.117371e-02,2.178853e-03
climatology,test,532,2025-07-22T10:00:00,2025-07-22T16:00:00,stl1,351848,2.879855e+00,3.932712e+00,-7.432973e-01
climatology,test,532,2025-07-22T10:00:00,2025-07-22T16:00:00,sd,351848,2.313013e-03,1.301430e-02,2.133246e-03
climatology,test,533,2025-07-22T11:00:00,2025-07-22T17:00:00,swvl1,351848,3.092071e-02,5.124501e-02,2.182392e-03
climatology,test,533,2025-07-22T11:00:00,2025-07-22T17:00:00,stl1,351848,2.836947e+00,3.861488e+00,-7.683372e-01
climatology,test,533,2025-07-22T11:00:00,2025-07-22T17:00:00,sd,351848,2.305628e-03,1.297933e-02,2.125820e-03
climatology,test,534,2025-07-22T12:00:00,2025-07-22T18:00:00,swvl1,351848,3.094346e-02,5.129249e-02,2.206172e-03
climatology,test,534,2025-07-22T12:00:00,2025-07-22T18:00:00,stl1,351848,2.859212e+00,3.872188e+00,-7.747882e-01
climatology,test,534,2025-07-22T12:00:00,2025-07-22T18:00:00,sd,351848,2.298235e-03,1.294379e-02,2.118258e-03
climatology,test,535,2025-07-22T13:00:00,2025-07-22T19:00:00,swvl1,351848,3.096491e-02,5.133702e-02,2.224668e-03
climatology,test,535,2025-07-22T13:00:00,2025-07-22T19:00:00,stl1,351848,2.871010e+00,3.870017e+00,-7.507504e-01
climatology,test,535,2025-07-22T13:00:00,2025-07-22T19:00:00,sd,351848,2.290499e-03,1.290813e-02,2.110199e-03
climatology,test,536,2025-07-22T14:00:00,2025-07-22T20:00:00,swvl1,351848,3.098527e-02,5.138369e-02,2.236380e-03
climatology,test,536,2025-07-22T14:00:00,2025-07-22T20:00:00,stl1,351848,2.827103e+00,3.804526e+00,-7.327220e-01
climatology,test,536,2025-07-22T14:00:00,2025-07-22T20:00:00,sd,351848,2.282564e-03,1.287222e-02,2.101824e-03
climatology,test,537,2025-07-22T15:00:00,2025-07-22T21:00:00,swvl1,351848,3.099538e-02,5.141264e-02,2.232899e-03
climatology,test,537,2025-07-22T15:00:00,2025-07-22T21:00:00,stl1,351848,2.824053e+00,3.798645e+00,-7.170540e-01
climatology,test,537,2025-07-22T15:00:00,2025-07-22T21:00:00,sd,351848,2.274785e-03,1.283828e-02,2.093509e-03
climatology,test,538,2025-07-22T16:00:00,2025-07-22T22:00:00,swvl1,351848,3.097589e-02,5.135967e-02,2.151544e-03
climatology,test,538,2025-07-22T16:00:00,2025-07-22T22:00:00,stl1,351848,2.793090e+00,3.789245e+00,-6.518102e-01
climatology,test,538,2025-07-22T16:00:00,2025-07-22T22:00:00,sd,351848,2.268166e-03,1.281770e-02,2.088041e-03
climatology,test,539,2025-07-22T17:00:00,2025-07-22T23:00:00,swvl1,351848,3.098250e-02,5.139098e-02,2.110344e-03
climatology,test,539,2025-07-22T17:00:00,2025-07-22T23:00:00,stl1,351848,2.761183e+00,3.749556e+00,-6.490652e-01
climatology,test,539,2025-07-22T17:00:00,2025-07-22T23:00:00,sd,351848,2.261632e-03,1.279274e-02,2.081178e-03
climatology,test,540,2025-07-22T18:00:00,2025-07-23T00:00:00,swvl1,351848,3.117590e-02,5.180779e-02,2.076970e-03
climatology,test,540,2025-07-22T18:00:00,2025-07-23T00:00:00,stl1,351848,2.757494e+00,3.754501e+00,-6.548126e-01
climatology,test,540,2025-07-22T18:00:00,2025-07-23T00:00:00,sd,351848,2.309436e-03,1.309104e-02,2.127547e-03
climatology,test,541,2025-07-22T19:00:00,2025-07-23T01:00:00,swvl1,351848,3.116036e-02,5.178406e-02,2.043135e-03
climatology,test,541,2025-07-22T19:00:00,2025-07-23T01:00:00,stl1,351848,2.721078e+00,3.705032e+00,-6.190815e-01
climatology,test,541,2025-07-22T19:00:00,2025-07-23T01:00:00,sd,351848,2.302786e-03,1.306855e-02,2.120573e-03
climatology,test,542,2025-07-22T20:00:00,2025-07-23T02:00:00,swvl1,351848,3.116652e-02,5.178209e-02,1.998158e-03
climatology,test,542,2025-07-22T20:00:00,2025-07-23T02:00:00,stl1,351848,2.680223e+00,3.634138e+00,-5.506204e-01
climatology,test,542,2025-07-22T20:00:00,2025-07-23T02:00:00,sd,351848,2.296584e-03,1.304679e-02,2.114113e-03
climatology,test,543,2025-07-22T21:00:00,2025-07-23T03:00:00,swvl1,351848,3.118537e-02,5.180056e-02,1.948331e-03
climatology,test,543,2025-07-22T21:00:00,2025-07-23T03:00:00,stl1,351848,2.646302e+00,3.606265e+00,-5.197639e-01
climatology,test,543,2025-07-22T21:00:00,2025-07-23T03:00:00,sd,351848,2.289443e-03,1.302090e-02,2.106951e-03
climatology,test,544,2025-07-22T22:00:00,2025-07-23T04:00:00,swvl1,351848,3.121727e-02,5.185583e-02,1.890541e-03
climatology,test,544,2025-07-22T22:00:00,2025-07-23T04:00:00,stl1,351848,2.623395e+00,3.554664e+00,-5.357826e-01
climatology,test,544,2025-07-22T22:00:00,2025-07-23T04:00:00,sd,351848,2.281673e-03,1.299250e-02,2.099499e-03
climatology,test,545,2025-07-22T23:00:00,2025-07-23T05:00:00,swvl1,351848,3.124595e-02,5.189301e-02,1.850769e-03
climatology,test,545,2025-07-22T23:00:00,2025-07-23T05:00:00,stl1,351848,2.669159e+00,3.605095e+00,-5.234339e-01
climatology,test,545,2025-07-22T23:00:00,2025-07-23T05:00:00,sd,351848,2.273025e-03,1.296081e-02,2.091533e-03
climatology,test,546,2025-07-23T00:00:00,2025-07-23T06:00:00,swvl1,351848,3.129032e-02,5.194801e-02,1.814883e-03
climatology,test,546,2025-07-23T00:00:00,2025-07-23T06:00:00,stl1,351848,2.710251e+00,3.659683e+00,-4.810056e-01
climatology,test,546,2025-07-23T00:00:00,2025-07-23T06:00:00,sd,351848,2.263248e-03,1.292404e-02,2.082534e-03
climatology,test,547,2025-07-23T01:00:00,2025-07-23T07:00:00,swvl1,351848,3.132602e-02,5.198795e-02,1.795250e-03
climatology,test,547,2025-07-23T01:00:00,2025-07-23T07:00:00,stl1,351848,2.742053e+00,3.701958e+00,-4.787575e-01
climatology,test,547,2025-07-23T01:00:00,2025-07-23T07:00:00,sd,351848,2.252999e-03,1.288363e-02,2.073075e-03
climatology,test,548,2025-07-23T02:00:00,2025-07-23T08:00:00,swvl1,351848,3.135519e-02,5.204625e-02,1.783093e-03
climatology,test,548,2025-07-23T02:00:00,2025-07-23T08:00:00,stl1,351848,2.803904e+00,3.766379e+00,-4.982663e-01
climatology,test,548,2025-07-23T02:00:00,2025-07-23T08:00:00,sd,351848,2.243054e-03,1.284282e-02,2.063763e-03
climatology,test,549,2025-07-23T03:00:00,2025-07-23T09:00:00,swvl1,351848,3.138637e-02,5.212608e-02,1.752900e-03
climatology,test,549,2025-07-23T03:00:00,2025-07-23T09:00:00,stl1,351848,2.840000e+00,3.801360e+00,-4.775446e-01
climatology,test,549,2025-07-23T03:00:00,2025-07-23T09:00:00,sd,351848,2.233831e-03,1.280292e-02,2.055033e-03
climatology,test,550,2025-07-23T04:00:00,2025-07-23T10:00:00,swvl1,351848,3.134199e-02,5.200427e-02,1.656437e-03
climatology,test,550,2025-07-23T04:00:00,2025-07-23T10:00:00,stl1,351848,2.879033e+00,3.865816e+00,-4.581752e-01
climatology,test,550,2025-07-23T04:00:00,2025-07-23T10:00:00,sd,351848,2.227842e-03,1.277754e-02,2.049791e-03
climatology,test,551,2025-07-23T05:00:00,2025-07-23T11:00:00,swvl1,351848,3.135757e-02,5.204506e-02,1.602394e-03
climatology,test,551,2025-07-23T05:00:00,2025-07-23T11:00:00,stl1,351848,2.884622e+00,3.883250e+00,-4.638747e-01
climatology,test,551,2025-07-23T05:00:00,2025-07-23T11:00:00,sd,351848,2.221128e-03,1.274455e-02,2.043331e-03
climatology,test,552,2025-07-23T06:00:00,2025-07-23T12:00:00,swvl1,351848,3.151411e-02,5.230684e-02,1.634101e-03
climatology,test,552,2025-07-23T06:00:00,2025-07-23T12:00:00,stl1,351848,2.918694e+00,3.927475e+00,-5.030902e-01
climatology,test,552,2025-07-23T06:00:00,2025-07-23T12:00:00,sd,351848,2.336053e-03,1.314936e-02,2.156507e-03
climatology,test,553,2025-07-23T07:00:00,2025-07-23T13:00:00,swvl1,351848,3.156983e-02,5.244522e-02,1.523507e-03
climatology,test,553,2025-07-23T07:00:00,2025-07-23T13:00:00,stl1,351848,2.866714e+00,3.871097e+00,-4.943553e-01
climatology,test,553,2025-07-23T07:00:00,2025-07-23T13:00:00,sd,351848,2.330973e-03,1.312210e-02,2.151141e-03
climatology,test,554,2025-07-23T08:00:00,2025-07-23T14:00:00,swvl1,351848,3.163828e-02,5.260934e-02,1.427842e-03
climatology,test,554,2025-07-23T08:00:00,2025-07-23T14:00:00,stl1,351848,2.864503e+00,3.863991e+00,-5.364396e-01
climatology,test,554,2025-07-23T08:00:00,2025-07-23T14:00:00,sd,351848,2.325781e-03,1.309398e-02,2.145642e-03
climatology,test,555,2025-07-23T09:00:00,2025-07-23T15:00:00,swvl1,351848,3.173129e-02,5.283056e-02,1.334228e-03
climatology,test,555,2025-07-23T09:00:00,2025-07-23T15:00:00,stl1,351848,2.868307e+00,3.848831e+00,-5.709712e-01
climatology,test,555,2025-07-23T09:00:00,2025-07-23T15:00:00,sd,351848,2.320126e-03,1.306376e-02,2.139534e-03
climatology,test,556,2025-07-23T10:00:00,2025-07-23T16:00:00,swvl1,351848,3.179921e-02,5.296354e-02,1.277112e-03
climatology,test,556,2025-07-23T10:00:00,2025-07-23T16:00:00,stl1,351848,2.868884e+00,3.844010e+00,-5.594658e-01
climatology,test,556,2025-07-23T10:00:00,2025-07-23T16:00:00,sd,351848,2.313706e-03,1.303142e-02,2.132761e-03
climatology,test,557,2025-07-23T11:00:00,2025-07-23T17:00:00,swvl1,351848,3.185981e-02,5.308597e-02,1.205501e-03
climatology,test,557,2025-07-23T11:00:00,2025-07-23T17:00:00,stl1,351848,2.842331e+00,3.807766e+00,-5.804426e-01
climatology,test,557,2025-07-23T11:00:00,2025-07-23T17:00:00,sd,351848,2.306400e-03,1.299620e-02,2.125135e-03
climatology,test,558,2025-07-23T12:00:00,2025-07-23T18:00:00,swvl1,351848,3.190664e-02,5.319408e-02,1.154492e-03
climatology,test,558,2025-07-23T12:00:00,2025-07-23T18:00:00,stl1,351848,2.838565e+00,3.773765e+00,-6.073637e-01
climatology,test,558,2025-07-23T12:00:00,2025-07-23T18:00:00,sd,351848,2.298945e-03,1.296010e-02,2.117329e-03
climatology,test,559,2025-07-23T13:00:00,2025-07-23T19:00:00,swvl1,351848,3.194446e-02,5.326764e-02,1.120639e-03
climatology,test,559,2025-07-23T13:00:00,2025-07-23T19:00:00,stl1,351848,2.830977e+00,3.748441e+00,-5.955125e-01
climatology,test,559,2025-07-23T13:00:00,2025-07-23T19:00:00,sd,351848,2.291190e-03,1.292407e-02,2.109065e-03
climatology,test,560,2025-07-23T14:00:00,2025-07-23T20:00:00,swvl1,351848,3.197960e-02,5.334270e-02,1.086734e-03
climatology,test,560,2025-07-23T14:00:00,2025-07-23T20:00:00,stl1,351848,2.802630e+00,3.703597e+00,-6.228475e-01
climatology,test,560,2025-07-23T14:00:00,2025-07-23T20:00:00,sd,351848,2.283193e-03,1.288813e-02,2.100721e-03
climatology,test,561,2025-07-23T15:00:00,2025-07-23T21:00:00,swvl1,351848,3.198561e-02,5.337979e-02,1.065652e-03
climatology,test,561,2025-07-23T15:00:00,2025-07-23T21:00:00,stl1,351848,2.788285e+00,3.683088e+00,-6.445794e-01
climatology,test,561,2025-07-23T15:00:00,2025-07-23T21:00:00,sd,351848,2.275358e-03,1.285448e-02,2.092522e-03
climatology,test,562,2025-07-23T16:00:00,2025-07-23T22:00:00,swvl1,351848,3.189565e-02,5.311377e-02,1.135241e-03
climatology,test,562,2025-07-23T16:00:00,2025-07-23T22:00:00,stl1,351848,2.791614e+00,3.712609e+00,-5.973468e-01
climatology,test,562,2025-07-23T16:00:00,2025-07-23T22:00:00,sd,351848,2.269493e-03,1.283393e-02,2.088685e-03
climatology,test,563,2025-07-23T17:00:00,2025-07-23T23:00:00,swvl1,351848,3.189412e-02,5.312686e-02,1.100343e-03
climatology,test,563,2025-07-23T17:00:00,2025-07-23T23:00:00,stl1,351848,2.748610e+00,3.667831e+00,-5.899509e-01
climatology,test,563,2025-07-23T17:00:00,2025-07-23T23:00:00,sd,351848,2.263175e-03,1.280967e-02,2.082386e-03
climatology,test,564,2025-07-23T18:00:00,2025-07-24T00:00:00,swvl1,351848,3.211810e-02,5.356497e-02,1.061298e-03
climatology,test,564,2025-07-23T18:00:00,2025-07-24T00:00:00,stl1,351848,2.749413e+00,3.672970e+00,-6.090522e-01
climatology,test,564,2025-07-23T18:00:00,2025-07-24T00:00:00,sd,351848,2.312911e-03,1.311813e-02,2.131724e-03
climatology,test,565,2025-07-23T19:00:00,2025-07-24T01:00:00,swvl1,351848,3.213054e-02,5.357497e-02,1.003764e-03
climatology,test,565,2025-07-23T19:00:00,2025-07-24T01:00:00,stl1,351848,2.733096e+00,3.644051e+00,-5.991132e-01
climatology,test,565,2025-07-23T19:00:00,2025-07-24T01:00:00,sd,351848,2.306360e-03,1.309613e-02,2.125210e-03
climatology,test,566,2025-07-23T20:00:00,2025-07-24T02:00:00,swvl1,351848,3.214524e-02,5.358669e-02,9.503056e-04
climatology,test,566,2025-07-23T20:00:00,2025-07-24T02:00:00,stl1,351848,2.704786e+00,3.613005e+00,-5.764082e-01
climatology,test,566,2025-07-23T20:00:00,2025-07-24T02:00:00,sd,351848,2.300196e-03,1.307493e-02,2.119161e-03
climatology,test,567,2025-07-23T21:00:00,2025-07-24T03:00:00,swvl1,351848,3.216484e-02,5.360308e-02,8.950904e-04
climatology,test,567,2025-07-23T21:00:00,2025-07-24T03:00:00,stl1,351848,2.678549e+00,3.594102e+00,-5.288540e-01
climatology,test,567,2025-07-23T21:00:00,2025-07-24T03:00:00,sd,351848,2.293028e-03,1.304957e-02,2.112202e-03
climatology,test,568,2025-07-23T22:00:00,2025-07-24T04:00:00,swvl1,351848,3.218986e-02,5.363741e-02,8.467977e-04
climatology,test,568,2025-07-23T22:00:00,2025-07-24T04:00:00,stl1,351848,2.673183e+00,3.558646e+00,-5.215024e-01
climatology,test,568,2025-07-23T22:00:00,2025-07-24T04:00:00,sd,351848,2.285325e-03,1.302195e-02,2.104838e-03
climatology,test,569,2025-07-23T23:00:00,2025-07-24T05:00:00,swvl1,351848,3.220923e-02,5.365860e-02,8.016221e-04
climatology,test,569,2025-07-23T23:00:00,2025-07-24T05:00:00,stl1,351848,2.777817e+00,3.713875e+00,-4.875432e-01
climatology,test,569,2025-07-23T23:00:00,2025-07-24T05:00:00,sd,351848,2.276877e-03,1.299126e-02,2.096615e-03
climatology,test,570,2025-07-24T00:00:00,2025-07-24T06:00:00,swvl1,351848,3.222821e-02,5.365965e-02,7.676735e-04
climatology,test,570,2025-07-24T00:00:00,2025-07-24T06:00:00,stl1,351848,2.822881e+00,3.768609e+00,-4.401498e-01
climatology,test,570,2025-07-24T00:00:00,2025-07-24T06:00:00,sd,351848,2.267305e-03,1.295580e-02,2.087114e-03
climatology,test,571,2025-07-24T01:00:00,2025-07-24T07:00:00,swvl1,351848,3.223655e-02,5.363973e-02,7.539863e-04
climatology,test,571,2025-07-24T01:00:00,2025-07-24T07:00:00,stl1,351848,2.867348e+00,3.823612e+00,-4.264810e-01
climatology,test,571,2025-07-24T01:00:00,2025-07-24T07:00:00,sd,351848,2.257417e-03,1.291753e-02,2.077066e-03
climatology,test,572,2025-07-24T02:00:00,2025-07-24T08:00:00,swvl1,351848,3.223696e-02,5.362559e-02,7.396143e-04
climatology,test,572,2025-07-24T02:00:00,2025-07-24T08:00:00,stl1,351848,2.920663e+00,3.870364e+00,-4.528994e-01
climatology,test,572,2025-07-24T02:00:00,2025-07-24T08:00:00,sd,351848,2.247936e-03,1.287937e-02,2.066998e-03
climatology,test,573,2025-07-24T03:00:00,2025-07-24T09:00:00,swvl1,351848,3.223917e-02,5.362117e-02,7.003657e-04
climatology,test,573,2025-07-24T03:00:00,2025-07-24T09:00:00,stl1,351848,2.949370e+00,3.904336e+00,-4.741074e-01
climatology,test,573,2025-07-24T03:00:00,2025-07-24T09:00:00,sd,351848,2.239146e-03,1.284205e-02,2.057483e-03
climatology,test,574,2025-07-24T04:00:00,2025-07-24T10:00:00,swvl1,351848,3.228792e-02,5.366392e-02,6.242055e-04
climatology,test,574,2025-07-24T04:00:00,2025-07-24T10:00:00,stl1,351848,2.986198e+00,3.940583e+00,-4.778203e-01
climatology,test,574,2025-07-24T04:00:00,2025-07-24T10:00:00,sd,351848,2.232076e-03,1.281183e-02,2.051653e-03
climatology,test,575,2025-07-24T05:00:00,2025-07-24T11:00:00,swvl1,351848,3.232306e-02,5.374073e-02,5.458182e-04
climatology,test,575,2025-07-24T05:00:00,2025-07-24T11:00:00,stl1,351848,2.971825e+00,3.925632e+00,-4.933063e-01
climatology,test,575,2025-07-24T05:00:00,2025-07-24T11:00:00,sd,351848,2.225451e-03,1.277998e-02,2.044430e-03
climatology,test,576,2025-07-24T06:00:00,2025-07-24T12:00:00,swvl1,351848,3.251893e-02,5.404834e-02,5.813325e-04
climatology,test,576,2025-07-24T06:00:00,2025-07-24T12:00:00,stl1,351848,2.991290e+00,3.938389e+00,-5.430406e-01
climatology,test,576,2025-07-24T06:00:00,2025-07-24T12:00:00,sd,351848,2.340301e-03,1.318386e-02,2.157001e-03
climatology,test,577,2025-07-24T07:00:00,2025-07-24T13:00:00,swvl1,351848,3.258398e-02,5.420490e-02,4.982261e-04
climatology,test,577,2025-07-24T07:00:00,2025-07-24T13:00:00,stl1,351848,2.957295e+00,3.914066e+00,-5.466763e-01
climatology,test,577,2025-07-24T07:00:00,2025-07-24T13:00:00,sd,351848,2.334934e-03,1.315663e-02,2.151251e-03
climatology,test,578,2025-07-24T08:00:00,2025-07-24T14:00:00,swvl1,351848,3.267474e-02,5.444201e-02,3.954147e-04
climatology,test,578,2025-07-24T08:00:00,2025-07-24T14:00:00,stl1,351848,2.981281e+00,3.952721e+00,-5.667958e-01
climatology,test,578,2025-07-24T08:00:00,2025-07-24T14:00:00,sd,351848,2.329340e-03,1.312821e-02,2.145335e-03
climatology,test,579,2025-07-24T09:00:00,2025-07-24T15:00:00,swvl1,351848,3.276139e-02,5.465865e-02,3.071556e-04
climatology,test,579,2025-07-24T09:00:00,2025-07-24T15:00:00,stl1,351848,2.979682e+00,3.926534e+00,-5.657196e-01
climatology,test,579,2025-07-24T09:00:00,2025-07-24T15:00:00,sd,351848,2.323428e-03,1.309820e-02,2.139186e-03
climatology,test,580,2025-07-24T10:00:00,2025-07-24T16:00:00,swvl1,351848,3.281854e-02,5.478075e-02,2.646415e-04
climatology,test,580,2025-07-24T10:00:00,2025-07-24T16:00:00,stl1,351848,2.987735e+00,3.945432e+00,-5.950134e-01
climatology,test,580,2025-07-24T10:00:00,2025-07-24T16:00:00,sd,351848,2.316829e-03,1.306593e-02,2.132317e-03
climatology,test,581,2025-07-24T11:00:00,2025-07-24T17:00:00,swvl1,351848,3.287781e-02,5.487687e-02,2.197703e-04
climatology,test,581,2025-07-24T11:00:00,2025-07-24T17:00:00,stl1,351848,2.981256e+00,3.914489e+00,-6.400428e-01
climatology,test,581,2025-07-24T11:00:00,2025-07-24T17:00:00,sd,351848,2.309403e-03,1.303115e-02,2.124811e-03
climatology,test,582,2025-07-24T12:00:00,2025-07-24T18:00:00,swvl1,351848,3.289898e-02,5.492827e-02,1.914792e-04
climatology,test,582,2025-07-24T12:00:00,2025-07-24T18:00:00,stl1,351848,2.973570e+00,3.878371e+00,-6.741959e-01
climatology,test,582,2025-07-24T12:00:00,2025-07-24T18:00:00,sd,351848,2.301810e-03,1.299555e-02,2.117322e-03
climatology,test,583,2025-07-24T13:00:00,2025-07-24T19:00:00,swvl1,351848,3.289289e-02,5.494230e-02,1.794297e-04
climatology,test,583,2025-07-24T13:00:00,2025-07-24T19:00:00,stl1,351848,2.964926e+00,3.844285e+00,-6.849859e-01
climatology,test,583,2025-07-24T13:00:00,2025-07-24T19:00:00,sd,351848,2.293805e-03,1.295995e-02,2.109445e-03
climatology,test,584,2025-07-24T14:00:00,2025-07-24T20:00:00,swvl1,351848,3.287880e-02,5.494725e-02,1.647731e-04
climatology,test,584,2025-07-24T14:00:00,2025-07-24T20:00:00,stl1,351848,2.961872e+00,3.840996e+00,-6.599255e-01
climatology,test,584,2025-07-24T14:00:00,2025-07-24T20:00:00,sd,351848,2.285528e-03,1.292426e-02,2.101186e-03
climatology,test,585,2025-07-24T15:00:00,2025-07-24T21:00:00,swvl1,351848,3.286040e-02,5.494704e-02,1.503092e-04
climatology,test,585,2025-07-24T15:00:00,2025-07-24T21:00:00,stl1,351848,2.938503e+00,3.797664e+00,-6.800423e-01
climatology,test,585,2025-07-24T15:00:00,2025-07-24T21:00:00,sd,351848,2.277415e-03,1.289072e-02,2.093012e-03
climatology,test,586,2025-07-24T16:00:00,2025-07-24T22:00:00,swvl1,351848,3.281819e-02,5.489551e-02,9.756539e-05
climatology,test,586,2025-07-24T16:00:00,2025-07-24T22:00:00,stl1,351848,2.919349e+00,3.815712e+00,-6.539644e-01
climatology,test,586,2025-07-24T16:00:00,2025-07-24T22:00:00,sd,351848,2.271604e-03,1.287063e-02,2.087919e-03
climatology,test,587,2025-07-24T17:00:00,2025-07-24T23:00:00,swvl1,351848,3.278651e-02,5.488216e-02,6.332496e-05
climatology,test,587,2025-07-24T17:00:00,2025-07-24T23:00:00,stl1,351848,2.871292e+00,3.758717e+00,-6.370151e-01
climatology,test,587,2025-07-24T17:00:00,2025-07-24T23:00:00,sd,351848,2.265138e-03,1.284669e-02,2.081370e-03
climatology,test,588,2025-07-24T18:00:00,2025-07-25T00:00:00,swvl1,351848,3.300146e-02,5.531654e-02,2.626110e-05
climatology,test,588,2025-07-24T18:00:00,2025-07-25T00:00:00,stl1,351848,2.870011e+00,3.752627e+00,-6.434235e-01
climatology,test,588,2025-07-24T18:00:00,2025-07-25T00:00:00,sd,351848,2.314976e-03,1.315023e-02,2.129404e-03
climatology,test,589,2025-07-24T19:00:00,2025-07-25T01:00:00,swvl1,351848,3.297588e-02,5.529507e-02,-2.198722e-05
climatology,test,589,2025-07-24T19:00:00,2025-07-25T01:00:00,stl1,351848,2.842051e+00,3.698087e+00,-6.294660e-01
climatology,test,589,2025-07-24T19:00:00,2025-07-25T01:00:00,sd,351848,2.308235e-03,1.312855e-02,2.122590e-03
climatology,test,590,2025-07-24T20:00:00,2025-07-25T02:00:00,swvl1,351848,3.295479e-02,5.525989e-02,-6.195338e-05
climatology,test,590,2025-07-24T20:00:00,2025-07-25T02:00:00,stl1,351848,2.802986e+00,3.688586e+00,-5.894915e-01
climatology,test,590,2025-07-24T20:00:00,2025-07-25T02:00:00,sd,351848,2.301810e-03,1.310771e-02,2.116085e-03
climatology,test,591,2025-07-24T21:00:00,2025-07-25T03:00:00,swvl1,351848,3.294619e-02,5.524709e-02,-9.039374e-05
climatology,test,591,2025-07-24T21:00:00,2025-07-25T03:00:00,stl1,351848,2.800917e+00,3.703324e+00,-5.516741e-01
climatology,test,591,2025-07-24T21:00:00,2025-07-25T03:00:00,sd,351848,2.294659e-03,1.308280e-02,2.108694e-03
climatology,test,592,2025-07-24T22:00:00,2025-07-25T04:00:00,swvl1,351848,3.295485e-02,5.524923e-02,-1.059864e-04
climatology,test,592,2025-07-24T22:00:00,2025-07-25T04:00:00,stl1,351848,2.812198e+00,3.706427e+00,-5.584631e-01
climatology,test,592,2025-07-24T22:00:00,2025-07-25T04:00:00,sd,351848,2.287169e-03,1.305538e-02,2.100791e-03
climatology,test,593,2025-07-24T23:00:00,2025-07-25T05:00:00,swvl1,351848,3.298200e-02,5.527924e-02,-1.242605e-04
climatology,test,593,2025-07-24T23:00:00,2025-07-25T05:00:00,stl1,351848,2.876285e+00,3.799259e+00,-5.648312e-01
climatology,test,593,2025-07-24T23:00:00,2025-07-25T05:00:00,sd,351848,2.278929e-03,1.302455e-02,2.092005e-03
climatology,test,594,2025-07-25T00:00:00,2025-07-25T06:00:00,swvl1,351848,3.300951e-02,5.529806e-02,-1.397052e-04
climatology,test,594,2025-07-25T00:00:00,2025-07-25T06:00:00,stl1,351848,2.898016e+00,3.830658e+00,-5.322439e-01
climatology,test,594,2025-07-25T00:00:00,2025-07-25T06:00:00,sd,351848,2.269666e-03,1.298866e-02,2.082067e-03
climatology,test,595,2025-07-25T01:00:00,2025-07-25T07:00:00,swvl1,351848,3.303132e-02,5.531451e-02,-1.458221e-04
climatology,test,595,2025-07-25T01:00:00,2025-07-25T07:00:00,stl1,351848,2.905703e+00,3.848649e+00,-5.325821e-01
climatology,test,595,2025-07-25T01:00:00,2025-07-25T07:00:00,sd,351848,2.259996e-03,1.294929e-02,2.071620e-03
climatology,test,596,2025-07-25T02:00:00,2025-07-25T08:00:00,swvl1,351848,3.302983e-02,5.528559e-02,-1.455217e-04
climatology,test,596,2025-07-25T02:00:00,2025-07-25T08:00:00,stl1,351848,2.940938e+00,3.886600e+00,-5.717615e-01
climatology,test,596,2025-07-25T02:00:00,2025-07-25T08:00:00,sd,351848,2.250814e-03,1.291001e-02,2.061638e-03
climatology,test,597,2025-07-25T03:00:00,2025-07-25T09:00:00,swvl1,351848,3.304066e-02,5.527048e-02,-1.617750e-04
climatology,test,597,2025-07-25T03:00:00,2025-07-25T09:00:00,stl1,351848,2.969152e+00,3.924918e+00,-5.870919e-01
climatology,test,597,2025-07-25T03:00:00,2025-07-25T09:00:00,sd,351848,2.242383e-03,1.287151e-02,2.052430e-03
climatology,test,598,2025-07-25T04:00:00,2025-07-25T10:00:00,swvl1,351848,3.303924e-02,5.517472e-02,-2.105930e-04
climatology,test,598,2025-07-25T04:00:00,2025-07-25T10:00:00,stl1,351848,2.992843e+00,3.935456e+00,-5.973386e-01
climatology,test,598,2025-07-25T04:00:00,2025-07-25T10:00:00,sd,351848,2.235871e-03,1.284153e-02,2.045224e-03
climatology,test,599,2025-07-25T05:00:00,2025-07-25T11:00:00,swvl1,351848,3.303762e-02,5.516647e-02,-2.403020e-04
climatology,test,599,2025-07-25T05:00:00,2025-07-25T11:00:00,stl1,351848,3.012369e+00,3.960155e+00,-5.933080e-01
climatology,test,599,2025-07-25T05:00:00,2025-07-25T11:00:00,sd,351848,2.230022e-03,1.280883e-02,2.039057e-03
climatology,test,600,2025-07-25T06:00:00,2025-07-25T12:00:00,swvl1,351848,3.318541e-02,5.537364e-02,-1.760105e-04
climatology,test,600,2025-07-25T06:00:00,2025-07-25T12:00:00,stl1,351848,3.044995e+00,4.015488e+00,-6.545600e-01
climatology,test,600,2025-07-25T06:00:00,2025-07-25T12:00:00,sd,351848,2.346008e-03,1.321255e-02,2.152630e-03
climatology,test,601,2025-07-25T07:00:00,2025-07-25T13:00:00,swvl1,351848,3.317843e-02,5.537941e-02,-2.441338e-04
climatology,test,601,2025-07-25T07:00:00,2025-07-25T13:00:00,stl1,351848,3.036418e+00,4.022245e+00,-6.502310e-01
climatology,test,601,2025-07-25T07:00:00,2025-07-25T13:00:00,sd,351848,2.341427e-03,1.318564e-02,2.147867e-03
climatology,test,602,2025-07-25T08:00:00,2025-07-25T14:00:00,swvl1,351848,3.317233e-02,5.540755e-02,-3.366615e-04
climatology,test,602,2025-07-25T08:00:00,2025-07-25T14:00:00,stl1,351848,3.045733e+00,4.032975e+00,-6.825528e-01
climatology,test,602,2025-07-25T08:00:00,2025-07-25T14:00:00,sd,351848,2.336624e-03,1.315777e-02,2.142810e-03
climatology,test,603,2025-07-25T09:00:00,2025-07-25T15:00:00,swvl1,351848,3.316549e-02,5.542854e-02,-4.137377e-04
climatology,test,603,2025-07-25T09:00:00,2025-07-25T15:00:00,stl1,351848,3.032606e+00,4.009424e+00,-6.970026e-01
climatology,test,603,2025-07-25T09:00:00,2025-07-25T15:00:00,sd,351848,2.331218e-03,1.312794e-02,2.137105e-03
climatology,test,604,2025-07-25T10:00:00,2025-07-25T16:00:00,swvl1,351848,3.312361e-02,5.538344e-02,-4.644238e-04
climatology,test,604,2025-07-25T10:00:00,2025-07-25T16:00:00,stl1,351848,3.035683e+00,4.005711e+00,-7.169913e-01
climatology,test,604,2025-07-25T10:00:00,2025-07-25T16:00:00,sd,351848,2.325108e-03,1.309607e-02,2.130726e-03
climatology,test,605,2025-07-25T11:00:00,2025-07-25T17:00:00,swvl1,351848,3.305623e-02,5.528519e-02,-5.003419e-04
climatology,test,605,2025-07-25T11:00:00,2025-07-25T17:00:00,stl1,351848,3.007269e+00,3.962141e+00,-7.563651e-01
climatology,test,605,2025-07-25T11:00:00,2025-07-25T17:00:00,sd,351848,2.318128e-03,1.306132e-02,2.123386e-03
climatology,test,606,2025-07-25T12:00:00,2025-07-25T18:00:00,swvl1,351848,3.298231e-02,5.518179e-02,-5.301236e-04
climatology,test,606,2025-07-25T12:00:00,2025-07-25T18:00:00,stl1,351848,2.992108e+00,3.929450e+00,-7.645264e-01
climatology,test,606,2025-07-25T12:00:00,2025-07-25T18:00:00,sd,351848,2.310945e-03,1.302558e-02,2.115938e-03
climatology,test,607,2025-07-25T13:00:00,2025-07-25T19:00:00,swvl1,351848,3.289972e-02,5.507122e-02,-5.380594e-04
climatology,test,607,2025-07-25T13:00:00,2025-07-25T19:00:00,stl1,351848,2.993763e+00,3.915117e+00,-7.673321e-01
climatology,test,607,2025-07-25T13:00:00,2025-07-25T19:00:00,sd,351848,2.303265e-03,1.298974e-02,2.108108e-03
climatology,test,608,2025-07-25T14:00:00,2025-07-25T20:00:00,swvl1,351848,3.281382e-02,5.495575e-02,-5.376011e-04
climatology,test,608,2025-07-25T14:00:00,2025-07-25T20:00:00,stl1,351848,2.951149e+00,3.832907e+00,-7.739880e-01
climatology,test,608,2025-07-25T14:00:00,2025-07-25T20:00:00,sd,351848,2.295335e-03,1.295381e-02,2.100130e-03
climatology,test,609,2025-07-25T15:00:00,2025-07-25T21:00:00,swvl1,351848,3.272755e-02,5.483724e-02,-5.570024e-04
climatology,test,609,2025-07-25T15:00:00,2025-07-25T21:00:00,stl1,351848,2.951064e+00,3.838436e+00,-7.677335e-01
climatology,test,609,2025-07-25T15:00:00,2025-07-25T21:00:00,sd,351848,2.287524e-03,1.291998e-02,2.092310e-03
climatology,test,610,2025-07-25T16:00:00,2025-07-25T22:00:00,swvl1,351848,3.256820e-02,5.448269e-02,-7.109126e-04
climatology,test,610,2025-07-25T16:00:00,2025-07-25T22:00:00,stl1,351848,2.908074e+00,3.797129e+00,-7.331986e-01
climatology,test,610,2025-07-25T16:00:00,2025-07-25T22:00:00,sd,351848,2.281932e-03,1.290004e-02,2.085864e-03
climatology,test,611,2025-07-25T17:00:00,2025-07-25T23:00:00,swvl1,351848,3.246749e-02,5.430124e-02,-7.385021e-04
climatology,test,611,2025-07-25T17:00:00,2025-07-25T23:00:00,stl1,351848,2.874072e+00,3.762158e+00,-7.088267e-01
climatology,test,611,2025-07-25T17:00:00,2025-07-25T23:00:00,sd,351848,2.275676e-03,1.287544e-02,2.079368e-03
climatology,test,612,2025-07-25T18:00:00,2025-07-26T00:00:00,swvl1,351848,3.261854e-02,5.456760e-02,-7.362712e-04
climatology,test,612,2025-07-25T18:00:00,2025-07-26T00:00:00,stl1,351848,2.859972e+00,3.756573e+00,-7.091125e-01
climatology,test,612,2025-07-25T18:00:00,2025-07-26T00:00:00,sd,351848,2.324090e-03,1.317347e-02,2.124450e-03
climatology,test,613,2025-07-25T19:00:00,2025-07-26T01:00:00,swvl1,351848,3.252467e-02,5.439445e-02,-7.276756e-04
climatology,test,613,2025-07-25T19:00:00,2025-07-26T01:00:00,stl1,351848,2.816729e+00,3.706442e+00,-6.825543e-01
climatology,test,613,2025-07-25T19:00:00,2025-07-26T01:00:00,sd,351848,2.317540e-03,1.315104e-02,2.117665e-03
climatology,test,614,2025-07-25T20:00:00,2025-07-26T02:00:00,swvl1,351848,3.245023e-02,5.423934e-02,-7.094518e-04
climatology,test,614,2025-07-25T20:00:00,2025-07-26T02:00:00,stl1,351848,2.785859e+00,3.703565e+00,-6.354541e-01
climatology,test,614,2025-07-25T20:00:00,2025-07-26T02:00:00,sd,351848,2.311523e-03,1.312972e-02,2.111544e-03
climatology,test,615,2025-07-25T21:00:00,2025-07-26T03:00:00,swvl1,351848,3.238344e-02,5.410160e-02,-6.826002e-04
climatology,test,615,2025-07-25T21:00:00,2025-07-26T03:00:00,stl1,351848,2.776738e+00,3.711693e+00,-6.044850e-01
climatology,test,615,2025-07-25T21:00:00,2025-07-26T03:00:00,sd,351848,2.304514e-03,1.310410e-02,2.104418e-03
climatology,test,616,2025-07-25T22:00:00,2025-07-26T04:00:00,swvl1,351848,3.233327e-02,5.400115e-02,-6.526178e-04
climatology,test,616,2025-07-25T22:00:00,2025-07-26T04:00:00,stl1,351848,2.799564e+00,3.748740e+00,-5.676711e-01
climatology,test,616,2025-07-25T22:00:00,2025-07-26T04:00:00,sd,351848,2.297066e-03,1.307621e-02,2.096988e-03
climatology,test,617,2025-07-25T23:00:00,2025-07-26T05:00:00,swvl1,351848,3.227996e-02,5.389356e-02,-6.028678e-04
climatology,test,617,2025-07-25T23:00:00,2025-07-26T05:00:00,stl1,351848,2.882147e+00,3.842268e+00,-5.811329e-01
climatology,test,617,2025-07-25T23:00:00,2025-07-26T05:00:00,sd,351848,2.288751e-03,1.304493e-02,2.088765e-03
climatology,test,618,2025-07-26T00:00:00,2025-07-26T06:00:00,swvl1,351848,3.225399e-02,5.381815e-02,-5.503731e-04
climatology,test,618,2025-07-26T00:00:00,2025-07-26T06:00:00,stl1,351848,2.906351e+00,3.873335e+00,-5.450595e-01
climatology,test,618,2025-07-26T00:00:00,2025-07-26T06:00:00,sd,351848,2.279338e-03,1.300864e-02,2.079508e-03
climatology,test,619,2025-07-26T01:00:00,2025-07-26T07:00:00,swvl1,351848,3.222913e-02,5.373746e-02,-4.738505e-04
climatology,test,619,2025-07-26T01:00:00,2025-07-26T07:00:00,stl1,351848,2.916174e+00,3.902156e+00,-5.544073e-01
climatology,test,619,2025-07-26T01:00:00,2025-07-26T07:00:00,sd,351848,2.269487e-03,1.296888e-02,2.069835e-03
climatology,test,620,2025-07-26T02:00:00,2025-07-26T08:00:00,swvl1,351848,3.220362e-02,5.366277e-02,-4.033720e-04
climatology,test,620,2025-07-26T02:00:00,2025-07-26T08:00:00,stl1,351848,2.959410e+00,3.962696e+00,-5.867774e-01
climatology,test,620,2025-07-26T02:00:00,2025-07-26T08:00:00,sd,351848,2.260002e-03,1.292892e-02,2.060529e-03
climatology,test,621,2025-07-26T03:00:00,2025-07-26T09:00:00,swvl1,351848,3.218196e-02,5.359698e-02,-3.326204e-04
climatology,test,621,2025-07-26T03:00:00,2025-07-26T09:00:00,stl1,351848,2.967590e+00,3.962296e+00,-6.039515e-01
climatology,test,621,2025-07-26T03:00:00,2025-07-26T09:00:00,sd,351848,2.251243e-03,1.288978e-02,2.051927e-03
climatology,test,622,2025-07-26T04:00:00,2025-07-26T10:00:00,swvl1,351848,3.232829e-02,5.371167e-02,-3.200074e-04
climatology,test,622,2025-07-26T04:00:00,2025-07-26T10:00:00,stl1,351848,3.040075e+00,4.007658e+00,-6.537107e-01
climatology,test,622,2025-07-26T04:00:00,2025-07-26T10:00:00,sd,351848,2.242000e-03,1.286004e-02,2.046233e-03
climatology,test,623,2025-07-26T05:00:00,2025-07-26T11:00:00,swvl1,351848,3.235230e-02,5.371765e-02,-2.960955e-04
climatology,test,623,2025-07-26T05:00:00,2025-07-26T11:00:00,stl1,351848,3.063991e+00,4.036713e+00,-6.711167e-01
climatology,test,623,2025-07-26T05:00:00,2025-07-26T11:00:00,sd,351848,2.234988e-03,1.282769e-02,2.042001e-03
climatology,test,624,2025-07-26T06:00:00,2025-07-26T12:00:00,swvl1,351848,3.250481e-02,5.393212e-02,-1.601771e-04
climatology,test,624,2025-07-26T06:00:00,2025-07-26T12:00:00,stl1,351848,3.098895e+00,4.085311e+00,-6.926834e-01
climatology,test,624,2025-07-26T06:00:00,2025-07-26T12:00:00,sd,351848,2.350358e-03,1.323125e-02,2.156700e-03
climatology,test,625,2025-07-26T07:00:00,2025-07-26T13:00:00,swvl1,351848,3.251743e-02,5.396102e-02,-1.439035e-04
climatology,test,625,2025-07-26T07:00:00,2025-07-26T13:00:00,stl1,351848,3.081863e+00,4.082783e+00,-6.887544e-01
climatology,test,625,2025-07-26T07:00:00,2025-07-26T13:00:00,sd,351848,2.345332e-03,1.320389e-02,2.152514e-03
climatology,test,626,2025-07-26T08:00:00,2025-07-26T14:00:00,swvl1,351848,3.254767e-02,5.404492e-02,-1.528196e-04
climatology,test,626,2025-07-26T08:00:00,2025-07-26T14:00:00,stl1,351848,3.087151e+00,4.080434e+00,-7.276958e-01
climatology,test,626,2025-07-26T08:00:00,2025-07-26T14:00:00,sd,351848,2.340181e-03,1.317532e-02,2.147727e-03
climatology,test,627,2025-07-26T09:00:00,2025-07-26T15:00:00,swvl1,351848,3.258052e-02,5.413908e-02,-1.617489e-04
climatology,test,627,2025-07-26T09:00:00,2025-07-26T15:00:00,stl1,351848,3.076313e+00,4.049243e+00,-7.234492e-01
climatology,test,627,2025-07-26T09:00:00,2025-07-26T15:00:00,sd,351848,2.334808e-03,1.314449e-02,2.142091e-03
climatology,test,628,2025-07-26T10:00:00,2025-07-26T16:00:00,swvl1,351848,3.258373e-02,5.417923e-02,-1.411346e-04
climatology,test,628,2025-07-26T10:00:00,2025-07-26T16:00:00,stl1,351848,3.102381e+00,4.089388e+00,-7.330277e-01
climatology,test,628,2025-07-26T10:00:00,2025-07-26T16:00:00,sd,351848,2.328679e-03,1.311167e-02,2.135596e-03
climatology,test,629,2025-07-26T11:00:00,2025-07-26T17:00:00,swvl1,351848,3.257630e-02,5.419421e-02,-1.241824e-04
climatology,test,629,2025-07-26T11:00:00,2025-07-26T17:00:00,stl1,351848,3.074263e+00,4.029848e+00,-7.748361e-01
climatology,test,629,2025-07-26T11:00:00,2025-07-26T17:00:00,sd,351848,2.321767e-03,1.307635e-02,2.128236e-03
climatology,test,630,2025-07-26T12:00:00,2025-07-26T18:00:00,swvl1,351848,3.255014e-02,5.415399e-02,-1.056991e-04
climatology,test,630,2025-07-26T12:00:00,2025-07-26T18:00:00,stl1,351848,3.047760e+00,3.994633e+00,-7.748123e-01
climatology,test,630,2025-07-26T12:00:00,2025-07-26T18:00:00,sd,351848,2.314656e-03,1.303998e-02,2.120638e-03
climatology,test,631,2025-07-26T13:00:00,2025-07-26T19:00:00,swvl1,351848,3.253291e-02,5.414130e-02,-1.135788e-04
climatology,test,631,2025-07-26T13:00:00,2025-07-26T19:00:00,stl1,351848,3.026543e+00,3.964716e+00,-7.937955e-01
climatology,test,631,2025-07-26T13:00:00,2025-07-26T19:00:00,sd,351848,2.307088e-03,1.300363e-02,2.112616e-03
climatology,test,632,2025-07-26T14:00:00,2025-07-26T20:00:00,swvl1,351848,3.251458e-02,5.411733e-02,-1.157230e-04
climatology,test,632,2025-07-26T14:00:00,2025-07-26T20:00:00,stl1,351848,3.003038e+00,3.922101e+00,-8.139045e-01
climatology,test,632,2025-07-26T14:00:00,2025-07-26T20:00:00,sd,351848,2.299266e-03,1.296726e-02,2.104384e-03
climatology,test,633,2025-07-26T15:00:00,2025-07-26T21:00:00,swvl1,351848,3.250708e-02,5.409413e-02,-1.266036e-04
climatology,test,633,2025-07-26T15:00:00,2025-07-26T21:00:00,stl1,351848,2.996674e+00,3.910624e+00,-8.229388e-01
climatology,test,633,2025-07-26T15:00:00,2025-07-26T21:00:00,sd,351848,2.291548e-03,1.293307e-02,2.096311e-03
climatology,test,634,2025-07-26T16:00:00,2025-07-26T22:00:00,swvl1,351848,3.237478e-02,5.379046e-02,-1.743174e-04
climatology,test,634,2025-07-26T16:00:00,2025-07-26T22:00:00,stl1,351848,2.929144e+00,3.852429e+00,-8.113756e-01
climatology,test,634,2025-07-26T16:00:00,2025-07-26T22:00:00,sd,351848,2.286000e-03,1.291341e-02,2.090285e-03
climatology,test,635,2025-07-26T17:00:00,2025-07-26T23:00:00,swvl1,351848,3.237142e-02,5.377213e-02,-1.855767e-04
climatology,test,635,2025-07-26T17:00:00,2025-07-26T23:00:00,stl1,351848,2.902493e+00,3.834849e+00,-7.988276e-01
climatology,test,635,2025-07-26T17:00:00,2025-07-26T23:00:00,sd,351848,2.279943e-03,1.288910e-02,2.083802e-03
climatology,test,636,2025-07-26T18:00:00,2025-07-27T00:00:00,swvl1,351848,3.260976e-02,5.418381e-02,-1.692379e-04
climatology,test,636,2025-07-26T18:00:00,2025-07-27T00:00:00,stl1,351848,2.906073e+00,3.854671e+00,-8.201926e-01
climatology,test,636,2025-07-26T18:00:00,2025-07-27T00:00:00,sd,351848,2.329187e-03,1.319197e-02,2.129283e-03
climatology,test,637,2025-07-26T19:00:00,2025-07-27T01:00:00,swvl1,351848,3.260539e-02,5.414208e-02,-1.484370e-04
climatology,test,637,2025-07-26T19:00:00,2025-07-27T01:00:00,stl1,351848,2.855117e+00,3.798403e+00,-8.186780e-01
climatology,test,637,2025-07-26T19:00:00,2025-07-27T01:00:00,sd,351848,2.322847e-03,1.316990e-02,2.122517e-03
climatology,test,638,2025-07-26T20:00:00,2025-07-27T02:00:00,swvl1,351848,3.261270e-02,5.410848e-02,-1.192995e-04
climatology,test,638,2025-07-26T20:00:00,2025-07-27T02:00:00,stl1,351848,2.842498e+00,3.797654e+00,-7.865501e-01
climatology,test,638,2025-07-26T20:00:00,2025-07-27T02:00:00,sd,351848,2.316904e-03,1.314862e-02,2.116248e-03
climatology,test,639,2025-07-26T21:00:00,2025-07-27T03:00:00,swvl1,351848,3.262434e-02,5.408320e-02,-7.480041e-05
climatology,test,639,2025-07-26T21:00:00,2025-07-27T03:00:00,stl1,351848,2.829947e+00,3.781938e+00,-7.565433e-01
climatology,test,639,2025-07-26T21:00:00,2025-07-27T03:00:00,sd,351848,2.310009e-03,1.312312e-02,2.109150e-03
climatology,test,640,2025-07-26T22:00:00,2025-07-27T04:00:00,swvl1,351848,3.266007e-02,5.410460e-02,-5.477817e-05
climatology,test,640,2025-07-26T22:00:00,2025-07-27T04:00:00,stl1,351848,2.821185e+00,3.762383e+00,-7.296384e-01
climatology,test,640,2025-07-26T22:00:00,2025-07-27T04:00:00,sd,351848,2.302475e-03,1.309506e-02,2.101565e-03
climatology,test,641,2025-07-26T23:00:00,2025-07-27T05:00:00,swvl1,351848,3.269263e-02,5.412743e-02,-3.732975e-05
climatology,test,641,2025-07-26T23:00:00,2025-07-27T05:00:00,stl1,351848,2.937159e+00,3.920009e+00,-7.555381e-01
climatology,test,641,2025-07-26T23:00:00,2025-07-27T05:00:00,sd,351848,2.294029e-03,1.306364e-02,2.093196e-03
climatology,test,642,2025-07-27T00:00:00,2025-07-27T06:00:00,swvl1,351848,3.270586e-02,5.410941e-02,-1.036628e-05
climatology,test,642,2025-07-27T00:00:00,2025-07-27T06:00:00,stl1,351848,2.939651e+00,3.933744e+00,-7.069015e-01
climatology,test,642,2025-07-27T00:00:00,2025-07-27T06:00:00,sd,351848,2.284433e-03,1.302722e-02,2.083698e-03
climatology,test,643,2025-07-27T01:00:00,2025-07-27T07:00:00,swvl1,351848,3.270445e-02,5.405901e-02,2.965630e-05
climatology,test,643,2025-07-27T01:00:00,2025-07-27T07:00:00,stl1,351848,2.950694e+00,3.961628e+00,-7.068660e-01
climatology,test,643,2025-07-27T01:00:00,2025-07-27T07:00:00,sd,351848,2.274483e-03,1.298754e-02,2.073791e-03
climatology,test,644,2025-07-27T02:00:00,2025-07-27T08:00:00,swvl1,351848,3.270228e-02,5.400761e-02,6.489296e-05
climatology,test,644,2025-07-27T02:00:00,2025-07-27T08:00:00,stl1,351848,2.982049e+00,4.025438e+00,-7.087709e-01
climatology,test,644,2025-07-27T02:00:00,2025-07-27T08:00:00,sd,351848,2.264954e-03,1.294784e-02,2.064305e-03
climatology,test,645,2025-07-27T03:00:00,2025-07-27T09:00:00,swvl1,351848,3.268258e-02,5.393097e-02,8.057415e-05
climatology,test,645,2025-07-27T03:00:00,2025-07-27T09:00:00,stl1,351848,2.988787e+00,4.052407e+00,-7.338047e-01
climatology,test,645,2025-07-27T03:00:00,2025-07-27T09:00:00,sd,351848,2.256133e-03,1.290884e-02,2.055510e-03
climatology,test,646,2025-07-27T04:00:00,2025-07-27T10:00:00,swvl1,351848,3.263270e-02,5.375179e-02,4.893170e-05
climatology,test,646,2025-07-27T04:00:00,2025-07-27T10:00:00,stl1,351848,2.993136e+00,4.039816e+00,-6.994440e-01
climatology,test,646,2025-07-27T04:00:00,2025-07-27T10:00:00,sd,351848,2.249084e-03,1.288328e-02,2.049583e-03
climatology,test,647,2025-07-27T05:00:00,2025-07-27T11:00:00,swvl1,351848,3.263503e-02,5.369244e-02,6.089590e-05
climatology,test,647,2025-07-27T05:00:00,2025-07-27T11:00:00,stl1,351848,2.994056e+00,4.047003e+00,-7.074808e-01
climatology,test,647,2025-07-27T05:00:00,2025-07-27T11:00:00,sd,351848,2.242848e-03,1.285187e-02,2.043919e-03
climatology,test,648,2025-07-27T06:00:00,2025-07-27T12:00:00,swvl1,351848,3.276786e-02,5.383285e-02,1.913349e-04
climatology,test,648,2025-07-27T06:00:00,2025-07-27T12:00:00,stl1,351848,3.032830e+00,4.104264e+00,-7.554232e-01
climatology,test,648,2025-07-27T06:00:00,2025-07-27T12:00:00,sd,351848,2.358836e-03,1.325568e-02,2.157821e-03
climatology,test,649,2025-07-27T07:00:00,2025-07-27T13:00:00,swvl1,351848,3.278018e-02,5.381348e-02,2.038571e-04
climatology,test,649,2025-07-27T07:00:00,2025-07-27T13:00:00,stl1,351848,3.023271e+00,4.101841e+00,-7.798216e-01
climatology,test,649,2025-07-27T07:00:00,2025-07-27T13:00:00,sd,351848,2.354042e-03,1.322854e-02,2.153167e-03
climatology,test,650,2025-07-27T08:00:00,2025-07-27T14:00:00,swvl1,351848,3.281663e-02,5.386736e-02,1.907063e-04
climatology,test,650,2025-07-27T08:00:00,2025-07-27T14:00:00,stl1,351848,2.996219e+00,4.065598e+00,-7.820474e-01
climatology,test,650,2025-07-27T08:00:00,2025-07-27T14:00:00,sd,351848,2.348944e-03,1.319999e-02,2.148120e-03
climatology,test,651,2025-07-27T09:00:00,2025-07-27T15:00:00,swvl1,351848,3.286390e-02,5.395784e-02,1.641717e-04
climatology,test,651,2025-07-27T09:00:00,2025-07-27T15:00:00,stl1,351848,2.987372e+00,4.052270e+00,-8.121757e-01
climatology,test,651,2025-07-27T09:00:00,2025-07-27T15:00:00,sd,351848,2.343140e-03,1.316859e-02,2.142437e-03
climatology,test,652,2025-07-27T10:00:00,2025-07-27T16:00:00,swvl1,351848,3.290415e-02,5.403310e-02,1.299994e-04
climatology,test,652,2025-07-27T10:00:00,2025-07-27T16:00:00,stl1,351848,3.008708e+00,4.080743e+00,-8.002134e-01
climatology,test,652,2025-07-27T10:00:00,2025-07-27T16:00:00,sd,351848,2.336523e-03,1.313485e-02,2.135990e-03
climatology,test,653,2025-07-27T11:00:00,2025-07-27T17:00:00,swvl1,351848,3.290991e-02,5.405583e-02,1.109766e-04
climatology,test,653,2025-07-27T11:00:00,2025-07-27T17:00:00,stl1,351848,2.983216e+00,4.041812e+00,-8.503354e-01
climatology,test,653,2025-07-27T11:00:00,2025-07-27T17:00:00,sd,351848,2.328961e-03,1.309832e-02,2.128691e-03
climatology,test,654,2025-07-27T12:00:00,2025-07-27T18:00:00,swvl1,351848,3.288876e-02,5.402913e-02,9.933478e-05
climatology,test,654,2025-07-27T12:00:00,2025-07-27T18:00:00,stl1,351848,2.974534e+00,4.012095e+00,-8.769754e-01
climatology,test,654,2025-07-27T12:00:00,2025-07-27T18:00:00,sd,351848,2.321126e-03,1.306046e-02,2.121078e-03
climatology,test,655,2025-07-27T13:00:00,2025-07-27T19:00:00,swvl1,351848,3.285886e-02,5.397997e-02,1.066007e-04
climatology,test,655,2025-07-27T13:00:00,2025-07-27T19:00:00,stl1,351848,2.975078e+00,3.982198e+00,-9.148183e-01
climatology,test,655,2025-07-27T13:00:00,2025-07-27T19:00:00,sd,351848,2.312886e-03,1.302240e-02,2.112950e-03
climatology,test,656,2025-07-27T14:00:00,2025-07-27T20:00:00,swvl1,351848,3.282146e-02,5.391389e-02,1.162728e-04
climatology,test,656,2025-07-27T14:00:00,2025-07-27T20:00:00,stl1,351848,2.931079e+00,3.909693e+00,-9.501541e-01
climatology,test,656,2025-07-27T14:00:00,2025-07-27T20:00:00,sd,351848,2.304392e-03,1.298427e-02,2.104481e-03
climatology,test,657,2025-07-27T15:00:00,2025-07-27T21:00:00,swvl1,351848,3.276681e-02,5.382963e-02,1.339441e-04
climatology,test,657,2025-07-27T15:00:00,2025-07-27T21:00:00,stl1,351848,2.919813e+00,3.876096e+00,-9.880529e-01
climatology,test,657,2025-07-27T15:00:00,2025-07-27T21:00:00,sd,351848,2.296099e-03,1.294819e-02,2.096076e-03
climatology,test,658,2025-07-27T16:00:00,2025-07-27T22:00:00,swvl1,351848,3.260455e-02,5.349753e-02,1.133772e-04
climatology,test,658,2025-07-27T16:00:00,2025-07-27T22:00:00,stl1,351848,2.868910e+00,3.858226e+00,-9.801134e-01
climatology,test,658,2025-07-27T16:00:00,2025-07-27T22:00:00,sd,351848,2.290068e-03,1.292754e-02,2.089452e-03
climatology,test,659,2025-07-27T17:00:00,2025-07-27T23:00:00,swvl1,351848,3.255959e-02,5.341676e-02,1.188434e-04
climatology,test,659,2025-07-27T17:00:00,2025-07-27T23:00:00,stl1,351848,2.857411e+00,3.850925e+00,-9.921910e-01
climatology,test,659,2025-07-27T17:00:00,2025-07-27T23:00:00,sd,351848,2.283443e-03,1.290130e-02,2.082472e-03
climatology,test,660,2025-07-27T18:00:00,2025-07-28T00:00:00,swvl1,351848,3.275028e-02,5.377628e-02,1.417579e-04
climatology,test,660,2025-07-27T18:00:00,2025-07-28T00:00:00,stl1,351848,2.889580e+00,3.883381e+00,-1.007957e+00
climatology,test,660,2025-07-27T18:00:00,2025-07-28T00:00:00,sd,351848,2.331683e-03,1.320063e-02,2.126919e-03
climatology,test,661,2025-07-27T19:00:00,2025-07-28T01:00:00,swvl1,351848,3.269426e-02,5.366939e-02,1.647608e-04
climatology,test,661,2025-07-27T19:00:00,2025-07-28T01:00:00,stl1,351848,2.863558e+00,3.851457e+00,-9.898110e-01
climatology,test,661,2025-07-27T19:00:00,2025-07-28T01:00:00,sd,351848,2.324780e-03,1.317686e-02,2.119625e-03
climatology,test,662,2025-07-27T20:00:00,2025-07-28T02:00:00,swvl1,351848,3.265355e-02,5.357874e-02,1.926462e-04
climatology,test,662,2025-07-27T20:00:00,2025-07-28T02:00:00,stl1,351848,2.872404e+00,3.894202e+00,-9.494324e-01
climatology,test,662,2025-07-27T20:00:00,2025-07-28T02:00:00,sd,351848,2.318327e-03,1.315393e-02,2.112890e-03
climatology,test,663,2025-07-27T21:00:00,2025-07-28T03:00:00,swvl1,351848,3.263138e-02,5.350891e-02,2.150425e-04
climatology,test,663,2025-07-27T21:00:00,2025-07-28T03:00:00,stl1,351848,2.860972e+00,3.890428e+00,-9.337971e-01
climatology,test,663,2025-07-27T21:00:00,2025-07-28T03:00:00,sd,351848,2.310912e-03,1.312672e-02,2.105253e-03
climatology,test,664,2025-07-27T22:00:00,2025-07-28T04:00:00,swvl1,351848,3.262906e-02,5.346488e-02,2.567638e-04
climatology,test,664,2025-07-27T22:00:00,2025-07-28T04:00:00,stl1,351848,2.859034e+00,3.899933e+00,-8.785306e-01
climatology,test,664,2025-07-27T22:00:00,2025-07-28T04:00:00,sd,351848,2.302819e-03,1.309678e-02,2.097058e-03
climatology,test,665,2025-07-27T23:00:00,2025-07-28T05:00:00,swvl1,351848,3.262770e-02,5.342995e-02,3.219468e-04
climatology,test,665,2025-07-27T23:00:00,2025-07-28T05:00:00,stl1,351848,2.884655e+00,3.908658e+00,-9.104406e-01
climatology,test,665,2025-07-27T23:00:00,2025-07-28T05:00:00,sd,351848,2.293899e-03,1.306342e-02,2.087984e-03
climatology,test,666,2025-07-28T00:00:00,2025-07-28T06:00:00,swvl1,351848,3.263213e-02,5.340584e-02,3.763832e-04
climatology,test,666,2025-07-28T00:00:00,2025-07-28T06:00:00,stl1,351848,2.886738e+00,3.917755e+00,-8.532434e-01
climatology,test,666,2025-07-28T00:00:00,2025-07-28T06:00:00,sd,351848,2.283909e-03,1.302506e-02,2.077862e-03
climatology,test,667,2025-07-28T01:00:00,2025-07-28T07:00:00,swvl1,351848,3.261800e-02,5.336996e-02,4.320935e-04
climatology,test,667,2025-07-28T01:00:00,2025-07-28T07:00:00,stl1,351848,2.906910e+00,3.944868e+00,-8.198846e-01
climatology,test,667,2025-07-28T01:00:00,2025-07-28T07:00:00,sd,351848,2.273499e-03,1.298330e-02,2.067404e-03
climatology,test,668,2025-07-28T02:00:00,2025-07-28T08:00:00,swvl1,351848,3.261449e-02,5.335832e-02,4.763067e-04
climatology,test,668,2025-07-28T02:00:00,2025-07-28T08:00:00,stl1,351848,2.944648e+00,3.992065e+00,-7.988212e-01
climatology,test,668,2025-07-28T02:00:00,2025-07-28T08:00:00,sd,351848,2.263490e-03,1.294150e-02,2.057416e-03
climatology,test,669,2025-07-28T03:00:00,2025-07-28T09:00:00,swvl1,351848,3.260372e-02,5.334542e-02,5.257703e-04
climatology,test,669,2025-07-28T03:00:00,2025-07-28T09:00:00,stl1,351848,2.972710e+00,4.019433e+00,-7.732600e-01
climatology,test,669,2025-07-28T03:00:00,2025-07-28T09:00:00,sd,351848,2.254218e-03,1.290069e-02,2.048210e-03
climatology,test,670,2025-07-28T04:00:00,2025-07-28T10:00:00,swvl1,351848,3.249760e-02,5.312063e-02,4.329809e-04
climatology,test,670,2025-07-28T04:00:00,2025-07-28T10:00:00,stl1,351848,2.983955e+00,4.030779e+00,-7.440458e-01
climatology,test,670,2025-07-28T04:00:00,2025-07-28T10:00:00,sd,351848,2.247758e-03,1.287659e-02,2.042084e-03
climatology,test,671,2025-07-28T05:00:00,2025-07-28T11:00:00,swvl1,351848,3.248430e-02,5.311390e-02,4.860977e-04
climatology,test,671,2025-07-28T05:00:00,2025-07-28T11:00:00,stl1,351848,2.988355e+00,4.034816e+00,-7.398262e-01
climatology,test,671,2025-07-28T05:00:00,2025-07-28T11:00:00,sd,351848,2.240990e-03,1.284420e-02,2.036176e-03
climatology,test,672,2025-07-28T06:00:00,2025-07-28T12:00:00,swvl1,351848,3.260132e-02,5.333496e-02,6.477772e-04
climatology,test,672,2025-07-28T06:00:00,2025-07-28T12:00:00,stl1,351848,3.007100e+00,4.057799e+00,-7.671276e-01
climatology,test,672,2025-07-28T06:00:00,2025-07-28T12:00:00,sd,351848,2.356837e-03,1.324823e-02,2.150000e-03
climatology,test,673,2025-07-28T07:00:00,2025-07-28T13:00:00,swvl1,351848,3.259613e-02,5.334884e-02,6.960448e-04
climatology,test,673,2025-07-28T07:00:00,2025-07-28T13:00:00,stl1,351848,3.010195e+00,4.071408e+00,-7.666061e-01
climatology,test,673,2025-07-28T07:00:00,2025-07-28T13:00:00,sd,351848,2.351780e-03,1.322050e-02,2.145472e-03
climatology,test,674,2025-07-28T08:00:00,2025-07-28T14:00:00,swvl1,351848,3.260468e-02,5.338311e-02,7.331031e-04
climatology,test,674,2025-07-28T08:00:00,2025-07-28T14:00:00,stl1,351848,2.985659e+00,4.020060e+00,-8.038318e-01
climatology,test,674,2025-07-28T08:00:00,2025-07-28T14:00:00,sd,351848,2.346432e-03,1.319156e-02,2.140691e-03
climatology,test,675,2025-07-28T09:00:00,2025-07-28T15:00:00,swvl1,351848,3.261476e-02,5.344198e-02,7.539123e-04
climatology,test,675,2025-07-28T09:00:00,2025-07-28T15:00:00,stl1,351848,2.947403e+00,3.950967e+00,-8.407753e-01
climatology,test,675,2025-07-28T09:00:00,2025-07-28T15:00:00,sd,351848,2.340473e-03,1.315994e-02,2.135254e-03
climatology,test,676,2025-07-28T10:00:00,2025-07-28T16:00:00,swvl1,351848,3.262278e-02,5.348593e-02,7.840624e-04
climatology,test,676,2025-07-28T10:00:00,2025-07-28T16:00:00,stl1,351848,2.964070e+00,3.971604e+00,-8.692552e-01
climatology,test,676,2025-07-28T10:00:00,2025-07-28T16:00:00,sd,351848,2.333717e-03,1.312616e-02,2.129180e-03
climatology,test,677,2025-07-28T11:00:00,2025-07-28T17:00:00,swvl1,351848,3.261513e-02,5.348435e-02,8.237054e-04
climatology,test,677,2025-07-28T11:00:00,2025-07-28T17:00:00,stl1,351848,2.910263e+00,3.893292e+00,-9.290930e-01
climatology,test,677,2025-07-28T11:00:00,2025-07-28T17:00:00,sd,351848,2.326134e-03,1.308973e-02,2.122387e-03
climatology,test,678,2025-07-28T12:00:00,2025-07-28T18:00:00,swvl1,351848,3.259255e-02,5.349302e-02,8.606754e-04
climatology,test,678,2025-07-28T12:00:00,2025-07-28T18:00:00,stl1,351848,2.905599e+00,3.886264e+00,-9.751008e-01
climatology,test,678,2025-07-28T12:00:00,2025-07-28T18:00:00,sd,351848,2.318421e-03,1.305259e-02,2.115440e-03
climatology,test,679,2025-07-28T13:00:00,2025-07-28T19:00:00,swvl1,351848,3.258834e-02,5.352508e-02,8.738019e-04
climatology,test,679,2025-07-28T13:00:00,2025-07-28T19:00:00,stl1,351848,2.912204e+00,3.890101e+00,-1.019942e+00
climatology,test,679,2025-07-28T13:00:00,2025-07-28T19:00:00,sd,351848,2.310293e-03,1.301544e-02,2.108006e-03
climatology,test,680,2025-07-28T14:00:00,2025-07-28T20:00:00,swvl1,351848,3.261009e-02,5.359009e-02,8.860543e-04
climatology,test,680,2025-07-28T14:00:00,2025-07-28T20:00:00,stl1,351848,2.887378e+00,3.845279e+00,-1.052018e+00
climatology,test,680,2025-07-28T14:00:00,2025-07-28T20:00:00,sd,351848,2.301984e-03,1.297841e-02,2.100168e-03
climatology,test,681,2025-07-28T15:00:00,2025-07-28T21:00:00,swvl1,351848,3.261928e-02,5.362914e-02,9.064549e-04
climatology,test,681,2025-07-28T15:00:00,2025-07-28T21:00:00,stl1,351848,2.910412e+00,3.875739e+00,-1.080692e+00
climatology,test,681,2025-07-28T15:00:00,2025-07-28T21:00:00,sd,351848,2.293944e-03,1.294390e-02,2.092223e-03
climatology,test,682,2025-07-28T16:00:00,2025-07-28T22:00:00,swvl1,351848,3.249781e-02,5.339961e-02,8.670505e-04
climatology,test,682,2025-07-28T16:00:00,2025-07-28T22:00:00,stl1,351848,2.814960e+00,3.772080e+00,-1.058858e+00
climatology,test,682,2025-07-28T16:00:00,2025-07-28T22:00:00,sd,351848,2.288175e-03,1.292382e-02,2.085392e-03
climatology,test,683,2025-07-28T17:00:00,2025-07-28T23:00:00,swvl1,351848,3.249165e-02,5.340978e-02,8.633910e-04
climatology,test,683,2025-07-28T17:00:00,2025-07-28T23:00:00,stl1,351848,2.787233e+00,3.742458e+00,-1.040032e+00
climatology,test,683,2025-07-28T17:00:00,2025-07-28T23:00:00,sd,351848,2.281672e-03,1.289888e-02,2.078906e-03
climatology,test,684,2025-07-28T18:00:00,2025-07-29T00:00:00,swvl1,351848,3.270329e-02,5.382170e-02,8.949330e-04
climatology,test,684,2025-07-28T18:00:00,2025-07-29T00:00:00,stl1,351848,2.819761e+00,3.766398e+00,-1.042353e+00
climatology,test,684,2025-07-28T18:00:00,2025-07-29T00:00:00,sd,351848,2.331776e-03,1.320807e-02,2.125432e-03
climatology,test,685,2025-07-28T19:00:00,2025-07-29T01:00:00,swvl1,351848,3.268288e-02,5.379144e-02,9.030487e-04
climatology,test,685,2025-07-28T19:00:00,2025-07-29T01:00:00,stl1,351848,2.795911e+00,3.734867e+00,-1.027413e+00
climatology,test,685,2025-07-28T19:00:00,2025-07-29T01:00:00,sd,351848,2.325168e-03,1.318594e-02,2.118719e-03
climatology,test,686,2025-07-28T20:00:00,2025-07-29T02:00:00,swvl1,351848,3.266331e-02,5.376875e-02,8.890053e-04
climatology,test,686,2025-07-28T20:00:00,2025-07-29T02:00:00,stl1,351848,2.788465e+00,3.724199e+00,-1.004067e+00
climatology,test,686,2025-07-28T20:00:00,2025-07-29T02:00:00,sd,351848,2.319052e-03,1.316513e-02,2.112484e-03
climatology,test,687,2025-07-28T21:00:00,2025-07-29T03:00:00,swvl1,351848,3.266740e-02,5.377309e-02,8.685539e-04
climatology,test,687,2025-07-28T21:00:00,2025-07-29T03:00:00,stl1,351848,2.783093e+00,3.722447e+00,-9.697643e-01
climatology,test,687,2025-07-28T21:00:00,2025-07-29T03:00:00,sd,351848,2.311932e-03,1.314018e-02,2.105439e-03
climatology,test,688,2025-07-28T22:00:00,2025-07-29T04:00:00,swvl1,351848,3.266680e-02,5.376361e-02,8.578279e-04
climatology,test,688,2025-07-28T22:00:00,2025-07-29T04:00:00,stl1,351848,2.771850e+00,3.722880e+00,-9.176691e-01
climatology,test,688,2025-07-28T22:00:00,2025-07-29T04:00:00,sd,351848,2.304071e-03,1.311227e-02,2.097902e-03
climatology,test,689,2025-07-28T23:00:00,2025-07-29T05:00:00,swvl1,351848,3.265440e-02,5.372011e-02,8.715987e-04
climatology,test,689,2025-07-28T23:00:00,2025-07-29T05:00:00,stl1,351848,2.831072e+00,3.795845e+00,-8.904271e-01
climatology,test,689,2025-07-28T23:00:00,2025-07-29T05:00:00,sd,351848,2.295241e-03,1.308090e-02,2.089550e-03
climatology,test,690,2025-07-29T00:00:00,2025-07-29T06:00:00,swvl1,351848,3.263740e-02,5.368796e-02,8.919626e-04
climatology,test,690,2025-07-29T00:00:00,2025-07-29T06:00:00,stl1,351848,2.849290e+00,3.811144e+00,-8.352983e-01
climatology,test,690,2025-07-29T00:00:00,2025-07-29T06:00:00,sd,351848,2.285172e-03,1.304394e-02,2.080196e-03
climatology,test,691,2025-07-29T01:00:00,2025-07-29T07:00:00,swvl1,351848,3.262724e-02,5.366205e-02,9.279784e-04
climatology,test,691,2025-07-29T01:00:00,2025-07-29T07:00:00,stl1,351848,2.870127e+00,3.843467e+00,-8.131560e-01
climatology,test,691,2025-07-29T01:00:00,2025-07-29T07:00:00,sd,351848,2.274636e-03,1.300327e-02,2.070546e-03
climatology,test,692,2025-07-29T02:00:00,2025-07-29T08:00:00,swvl1,351848,3.261976e-02,5.365163e-02,9.499337e-04
climatology,test,692,2025-07-29T02:00:00,2025-07-29T08:00:00,stl1,351848,2.898521e+00,3.882449e+00,-8.114292e-01
climatology,test,692,2025-07-29T02:00:00,2025-07-29T08:00:00,sd,351848,2.264553e-03,1.296250e-02,2.061313e-03
climatology,test,693,2025-07-29T03:00:00,2025-07-29T09:00:00,swvl1,351848,3.260464e-02,5.363535e-02,9.497974e-04
climatology,test,693,2025-07-29T03:00:00,2025-07-29T09:00:00,stl1,351848,2.923021e+00,3.903596e+00,-8.010315e-01
climatology,test,693,2025-07-29T03:00:00,2025-07-29T09:00:00,sd,351848,2.255221e-03,1.292256e-02,2.052904e-03
climatology,test,694,2025-07-29T04:00:00,2025-07-29T10:00:00,swvl1,351848,3.268921e-02,5.376089e-02,8.241302e-04
climatology,test,694,2025-07-29T04:00:00,2025-07-29T10:00:00,stl1,351848,2.927716e+00,3.918284e+00,-7.473710e-01
climatology,test,694,2025-07-29T04:00:00,2025-07-29T10:00:00,sd,351848,2.247966e-03,1.289449e-02,2.044371e-03
climatology,test,695,2025-07-29T05:00:00,2025-07-29T11:00:00,swvl1,351848,3.272839e-02,5.382875e-02,8.188005e-04
climatology,test,695,2025-07-29T05:00:00,2025-07-29T11:00:00,stl1,351848,2.915627e+00,3.907761e+00,-7.264015e-01
climatology,test,695,2025-07-29T05:00:00,2025-07-29T11:00:00,sd,351848,2.241421e-03,1.286101e-02,2.038530e-03
climatology,test,696,2025-07-29T06:00:00,2025-07-29T12:00:00,swvl1,351848,3.287854e-02,5.409800e-02,9.477416e-04
climatology,test,696,2025-07-29T06:00:00,2025-07-29T12:00:00,stl1,351848,2.956959e+00,3.964890e+00,-7.656136e-01
climatology,test,696,2025-07-29T06:00:00,2025-07-29T12:00:00,sd,351848,2.357236e-03,1.326382e-02,2.152486e-03
climatology,test,697,2025-07-29T07:00:00,2025-07-29T13:00:00,swvl1,351848,3.289442e-02,5.415967e-02,9.623843e-04
climatology,test,697,2025-07-29T07:00:00,2025-07-29T13:00:00,stl1,351848,2.940647e+00,3.956578e+00,-7.972707e-01
climatology,test,697,2025-07-29T07:00:00,2025-07-29T13:00:00,sd,351848,2.352151e-03,1.323585e-02,2.148094e-03
climatology,test,698,2025-07-29T08:00:00,2025-07-29T14:00:00,swvl1,351848,3.292633e-02,5.426082e-02,9.685508e-04
climatology,test,698,2025-07-29T08:00:00,2025-07-29T14:00:00,stl1,351848,2.926430e+00,3.902433e+00,-8.544015e-01
climatology,test,698,2025-07-29T08:00:00,2025-07-29T14:00:00,sd,351848,2.346686e-03,1.320676e-02,2.143612e-03
climatology,test,699,2025-07-29T09:00:00,2025-07-29T15:00:00,swvl1,351848,3.295439e-02,5.431511e-02,9.862280e-04
climatology,test,699,2025-07-29T09:00:00,2025-07-29T15:00:00,stl1,351848,2.878258e+00,3.848254e+00,-8.666350e-01
climatology,test,699,2025-07-29T09:00:00,2025-07-29T15:00:00,sd,351848,2.340569e-03,1.317538e-02,2.138950e-03
climatology,test,700,2025-07-29T10:00:00,2025-07-29T16:00:00,swvl1,351848,3.297521e-02,5.434018e-02,1.007847e-03
climatology,test,700,2025-07-29T10:00:00,2025-07-29T16:00:00,stl1,351848,2.889660e+00,3.862962e+00,-9.286184e-01
climatology,test,700,2025-07-29T10:00:00,2025-07-29T16:00:00,sd,351848,2.333603e-03,1.314185e-02,2.133713e-03
climatology,test,701,2025-07-29T11:00:00,2025-07-29T17:00:00,swvl1,351848,3.299151e-02,5.436376e-02,1.025218e-03
climatology,test,701,2025-07-29T11:00:00,2025-07-29T17:00:00,stl1,351848,2.864069e+00,3.814872e+00,-9.956719e-01
climatology,test,701,2025-07-29T11:00:00,2025-07-29T17:00:00,sd,351848,2.325887e-03,1.310592e-02,2.127739e-03
climatology,test,702,2025-07-29T12:00:00,2025-07-29T18:00:00,swvl1,351848,3.300256e-02,5.437652e-02,1.033762e-03
climatology,test,702,2025-07-29T12:00:00,2025-07-29T18:00:00,stl1,351848,2.870531e+00,3.829095e+00,-1.026304e+00
climatology,test,702,2025-07-29T12:00:00,2025-07-29T18:00:00,sd,351848,2.318023e-03,1.306906e-02,2.121540e-03
climatology,test,703,2025-07-29T13:00:00,2025-07-29T19:00:00,swvl1,351848,3.301230e-02,5.438758e-02,1.050632e-03
climatology,test,703,2025-07-29T13:00:00,2025-07-29T19:00:00,stl1,351848,2.874120e+00,3.859658e+00,-1.047715e+00
climatology,test,703,2025-07-29T13:00:00,2025-07-29T19:00:00,sd,351848,2.309771e-03,1.303218e-02,2.114732e-03
climatology,test,704,2025-07-29T14:00:00,2025-07-29T20:00:00,swvl1,351848,3.299840e-02,5.436789e-02,1.068237e-03
climatology,test,704,2025-07-29T14:00:00,2025-07-29T20:00:00,stl1,351848,2.866126e+00,3.849028e+00,-1.077268e+00
climatology,test,704,2025-07-29T14:00:00,2025-07-29T20:00:00,sd,351848,2.301285e-03,1.299516e-02,2.107394e-03
climatology,test,705,2025-07-29T15:00:00,2025-07-29T21:00:00,swvl1,351848,3.298428e-02,5.435272e-02,1.069769e-03
climatology,test,705,2025-07-29T15:00:00,2025-07-29T21:00:00,stl1,351848,2.895667e+00,3.895665e+00,-1.091177e+00
climatology,test,705,2025-07-29T15:00:00,2025-07-29T21:00:00,sd,351848,2.293011e-03,1.296047e-02,2.099939e-03
climatology,test,706,2025-07-29T16:00:00,2025-07-29T22:00:00,swvl1,351848,3.295717e-02,5.428548e-02,1.140930e-03
climatology,test,706,2025-07-29T16:00:00,2025-07-29T22:00:00,stl1,351848,2.846551e+00,3.847854e+00,-1.059608e+00
climatology,test,706,2025-07-29T16:00:00,2025-07-29T22:00:00,sd,351848,2.287068e-03,1.293990e-02,2.094133e-03
climatology,test,707,2025-07-29T17:00:00,2025-07-29T23:00:00,swvl1,351848,3.291310e-02,5.418934e-02,1.137510e-03
climatology,test,707,2025-07-29T17:00:00,2025-07-29T23:00:00,stl1,351848,2.815550e+00,3.816431e+00,-1.039272e+00
climatology,test,707,2025-07-29T17:00:00,2025-07-29T23:00:00,sd,351848,2.280491e-03,1.291481e-02,2.087738e-03
climatology,test,708,2025-07-29T18:00:00,2025-07-30T00:00:00,swvl1,351848,3.310298e-02,5.451120e-02,1.153783e-03
climatology,test,708,2025-07-29T18:00:00,2025-07-30T00:00:00,stl1,351848,2.820396e+00,3.821204e+00,-1.038974e+00
climatology,test,708,2025-07-29T18:00:00,2025-07-30T00:00:00,sd,351848,2.329880e-03,1.322122e-02,2.134057e-03
climatology,test,709,2025-07-29T19:00:00,2025-07-30T01:00:00,swvl1,351848,3.306613e-02,5.440726e-02,1.157810e-03
climatology,test,709,2025-07-29T19:00:00,2025-07-30T01:00:00,stl1,351848,2.784012e+00,3.773812e+00,-1.007562e+00
climatology,test,709,2025-07-29T19:00:00,2025-07-30T01:00:00,sd,351848,2.323169e-03,1.319865e-02,2.127627e-03
climatology,test,710,2025-07-29T20:00:00,2025-07-30T02:00:00,swvl1,351848,3.302763e-02,5.431891e-02,1.180841e-03
climatology,test,710,2025-07-29T20:00:00,2025-07-30T02:00:00,stl1,351848,2.786773e+00,3.781522e+00,-9.748053e-01
climatology,test,710,2025-07-29T20:00:00,2025-07-30T02:00:00,sd,351848,2.316883e-03,1.317700e-02,2.121788e-03
climatology,test,711,2025-07-29T21:00:00,2025-07-30T03:00:00,swvl1,351848,3.298925e-02,5.423859e-02,1.219189e-03
climatology,test,711,2025-07-29T21:00:00,2025-07-30T03:00:00,stl1,351848,2.789203e+00,3.786085e+00,-9.459983e-01
climatology,test,711,2025-07-29T21:00:00,2025-07-30T03:00:00,sd,351848,2.309664e-03,1.315130e-02,2.115132e-03
climatology,test,712,2025-07-29T22:00:00,2025-07-30T04:00:00,swvl1,351848,3.295097e-02,5.415883e-02,1.270615e-03
climatology,test,712,2025-07-29T22:00:00,2025-07-30T04:00:00,stl1,351848,2.754233e+00,3.701957e+00,-9.098977e-01
climatology,test,712,2025-07-29T22:00:00,2025-07-30T04:00:00,sd,351848,2.301793e-03,1.312323e-02,2.108020e-03
climatology,test,713,2025-07-29T23:00:00,2025-07-30T05:00:00,swvl1,351848,3.291835e-02,5.409231e-02,1.315107e-03
climatology,test,713,2025-07-29T23:00:00,2025-07-30T05:00:00,stl1,351848,2.860894e+00,3.841942e+00,-8.978334e-01
climatology,test,713,2025-07-29T23:00:00,2025-07-30T05:00:00,sd,351848,2.293049e-03,1.309201e-02,2.100080e-03
climatology,test,714,2025-07-30T00:00:00,2025-07-30T06:00:00,swvl1,351848,3.288753e-02,5.403197e-02,1.361974e-03
climatology,test,714,2025-07-30T00:00:00,2025-07-30T06:00:00,stl1,351848,2.859767e+00,3.863992e+00,-8.160020e-01
climatology,test,714,2025-07-30T00:00:00,2025-07-30T06:00:00,sd,351848,2.283234e-03,1.305602e-02,2.091162e-03
climatology,test,715,2025-07-30T01:00:00,2025-07-30T07:00:00,swvl1,351848,3.283696e-02,5.394075e-02,1.428984e-03
climatology,test,715,2025-07-30T01:00:00,2025-07-30T07:00:00,stl1,351848,2.867604e+00,3.896482e+00,-7.715087e-01
climatology,test,715,2025-07-30T01:00:00,2025-07-30T07:00:00,sd,351848,2.273055e-03,1.301709e-02,2.081751e-03
climatology,test,716,2025-07-30T02:00:00,2025-07-30T08:00:00,swvl1,351848,3.277701e-02,5.384440e-02,1.493554e-03
climatology,test,716,2025-07-30T02:00:00,2025-07-30T08:00:00,stl1,351848,2.899500e+00,3.950926e+00,-7.374304e-01
climatology,test,716,2025-07-30T02:00:00,2025-07-30T08:00:00,sd,351848,2.263326e-03,1.297847e-02,2.072567e-03
climatology,test,717,2025-07-30T03:00:00,2025-07-30T09:00:00,swvl1,351848,3.272478e-02,5.376392e-02,1.542050e-03
climatology,test,717,2025-07-30T03:00:00,2025-07-30T09:00:00,stl1,351848,2.911898e+00,3.959709e+00,-7.249969e-01
climatology,test,717,2025-07-30T03:00:00,2025-07-30T09:00:00,sd,351848,2.254391e-03,1.294105e-02,2.064066e-03
climatology,test,718,2025-07-30T04:00:00,2025-07-30T10:00:00,swvl1,351848,3.267538e-02,5.365208e-02,1.483693e-03
climatology,test,718,2025-07-30T04:00:00,2025-07-30T10:00:00,stl1,351848,2.910546e+00,3.959186e+00,-7.037546e-01
climatology,test,718,2025-07-30T04:00:00,2025-07-30T10:00:00,sd,351848,2.247168e-03,1.291592e-02,2.055303e-03
climatology,test,719,2025-07-30T05:00:00,2025-07-30T11:00:00,swvl1,351848,3.264735e-02,5.363334e-02,1.509144e-03
climatology,test,719,2025-07-30T05:00:00,2025-07-30T11:00:00,stl1,351848,2.898500e+00,3.961069e+00,-6.906994e-01
climatology,test,719,2025-07-30T05:00:00,2025-07-30T11:00:00,sd,351848,2.241047e-03,1.288614e-02,2.049054e-03
climatology,test,720,2025-07-30T06:00:00,2025-07-30T12:00:00,swvl1,351848,3.275494e-02,5.381222e-02,1.668040e-03
climatology,test,720,2025-07-30T06:00:00,2025-07-30T12:00:00,stl1,351848,2.931167e+00,3.999770e+00,-7.331511e-01
climatology,test,720,2025-07-30T06:00:00,2025-07-30T12:00:00,sd,351848,2.357254e-03,1.329144e-02,2.162672e-03
climatology,test,721,2025-07-30T07:00:00,2025-07-30T13:00:00,swvl1,351848,3.273740e-02,5.379893e-02,1.727640e-03
climatology,test,721,2025-07-30T07:00:00,2025-07-30T13:00:00,stl1,351848,2.909627e+00,3.986894e+00,-7.593222e-01
climatology,test,721,2025-07-30T07:00:00,2025-07-30T13:00:00,sd,351848,2.352610e-03,1.326626e-02,2.158009e-03
climatology,test,722,2025-07-30T08:00:00,2025-07-30T14:00:00,swvl1,351848,3.273852e-02,5.382964e-02,1.781614e-03
climatology,test,722,2025-07-30T08:00:00,2025-07-30T14:00:00,stl1,351848,2.905880e+00,3.965567e+00,-8.242074e-01
climatology,test,722,2025-07-30T08:00:00,2025-07-30T14:00:00,sd,351848,2.347614e-03,1.323940e-02,2.153236e-03
climatology,test,723,2025-07-30T09:00:00,2025-07-30T15:00:00,swvl1,351848,3.275737e-02,5.390137e-02,1.825510e-03
climatology,test,723,2025-07-30T09:00:00,2025-07-30T15:00:00,stl1,351848,2.896096e+00,3.968912e+00,-8.828097e-01
climatology,test,723,2025-07-30T09:00:00,2025-07-30T15:00:00,sd,351848,2.342028e-03,1.321023e-02,2.148137e-03
climatology,test,724,2025-07-30T10:00:00,2025-07-30T16:00:00,swvl1,351848,3.277987e-02,5.397462e-02,1.863840e-03
climatology,test,724,2025-07-30T10:00:00,2025-07-30T16:00:00,stl1,351848,2.921789e+00,4.012588e+00,-9.533155e-01
climatology,test,724,2025-07-30T10:00:00,2025-07-30T16:00:00,sd,351848,2.335668e-03,1.317906e-02,2.142273e-03
climatology,test,725,2025-07-30T11:00:00,2025-07-30T17:00:00,swvl1,351848,3.280939e-02,5.403680e-02,1.907182e-03
climatology,test,725,2025-07-30T11:00:00,2025-07-30T17:00:00,stl1,351848,2.889435e+00,3.962787e+00,-1.017040e+00
climatology,test,725,2025-07-30T11:00:00,2025-07-30T17:00:00,sd,351848,2.328444e-03,1.314574e-02,2.135461e-03
climatology,test,726,2025-07-30T12:00:00,2025-07-30T18:00:00,swvl1,351848,3.284367e-02,5.409505e-02,1.948595e-03
climatology,test,726,2025-07-30T12:00:00,2025-07-30T18:00:00,stl1,351848,2.897984e+00,3.981792e+00,-1.062262e+00
climatology,test,726,2025-07-30T12:00:00,2025-07-30T18:00:00,sd,351848,2.320959e-03,1.311159e-02,2.128233e-03
climatology,test,727,2025-07-30T13:00:00,2025-07-30T19:00:00,swvl1,351848,3.287676e-02,5.416655e-02,2.004873e-03
climatology,test,727,2025-07-30T13:00:00,2025-07-30T19:00:00,stl1,351848,2.901756e+00,3.994255e+00,-1.081616e+00
climatology,test,727,2025-07-30T13:00:00,2025-07-30T19:00:00,sd,351848,2.312919e-03,1.307652e-02,2.120377e-03
climatology,test,728,2025-07-30T14:00:00,2025-07-30T20:00:00,swvl1,351848,3.289617e-02,5.422844e-02,2.045212e-03
climatology,test,728,2025-07-30T14:00:00,2025-07-30T20:00:00,stl1,351848,2.881505e+00,3.994447e+00,-1.103223e+00
climatology,test,728,2025-07-30T14:00:00,2025-07-30T20:00:00,sd,351848,2.304545e-03,1.304096e-02,2.112028e-03
climatology,test,729,2025-07-30T15:00:00,2025-07-30T21:00:00,swvl1,351848,3.289991e-02,5.426640e-02,2.074955e-03
climatology,test,729,2025-07-30T15:00:00,2025-07-30T21:00:00,stl1,351848,2.888796e+00,4.014322e+00,-1.121074e+00
climatology,test,729,2025-07-30T15:00:00,2025-07-30T21:00:00,sd,351848,2.296238e-03,1.300748e-02,2.103545e-03
climatology,test,730,2025-07-30T16:00:00,2025-07-30T22:00:00,swvl1,351848,3.282984e-02,5.413080e-02,2.201086e-03
climatology,test,730,2025-07-30T16:00:00,2025-07-30T22:00:00,stl1,351848,2.810486e+00,3.974257e+00,-1.095189e+00
climatology,test,730,2025-07-30T16:00:00,2025-07-30T22:00:00,sd,351848,2.289078e-03,1.298638e-02,2.096459e-03
climatology,test,731,2025-07-30T17:00:00,2025-07-30T23:00:00,swvl1,351848,3.280619e-02,5.413451e-02,2.215440e-03
climatology,test,731,2025-07-30T17:00:00,2025-07-30T23:00:00,stl1,351848,2.791069e+00,3.940846e+00,-1.098448e+00
climatology,test,731,2025-07-30T17:00:00,2025-07-30T23:00:00,sd,351848,2.282208e-03,1.296163e-02,2.089527e-03
climatology,test,732,2025-07-30T18:00:00,2025-07-31T00:00:00,swvl1,351848,3.299248e-02,5.454090e-02,2.266017e-03
climatology,test,732,2025-07-30T18:00:00,2025-07-31T00:00:00,stl1,351848,2.813503e+00,3.979297e+00,-1.062422e+00
climatology,test,732,2025-07-30T18:00:00,2025-07-31T00:00:00,sd,351848,2.330335e-03,1.326228e-02,2.134337e-03
climatology,test,733,2025-07-30T19:00:00,2025-07-31T01:00:00,swvl1,351848,3.293529e-02,5.446982e-02,2.302665e-03
climatology,test,733,2025-07-30T19:00:00,2025-07-31T01:00:00,stl1,351848,2.768328e+00,3.905324e+00,-1.039686e+00
climatology,test,733,2025-07-30T19:00:00,2025-07-31T01:00:00,sd,351848,2.323461e-03,1.324039e-02,2.127454e-03
climatology,test,734,2025-07-30T20:00:00,2025-07-31T02:00:00,swvl1,351848,3.290196e-02,5.443613e-02,2.329912e-03
climatology,test,734,2025-07-30T20:00:00,2025-07-31T02:00:00,stl1,351848,2.772011e+00,3.862528e+00,-9.888028e-01
climatology,test,734,2025-07-30T20:00:00,2025-07-31T02:00:00,sd,351848,2.317048e-03,1.321948e-02,2.121060e-03
climatology,test,735,2025-07-30T21:00:00,2025-07-31T03:00:00,swvl1,351848,3.288007e-02,5.440433e-02,2.368907e-03
climatology,test,735,2025-07-30T21:00:00,2025-07-31T03:00:00,stl1,351848,2.757549e+00,3.824941e+00,-9.279916e-01
climatology,test,735,2025-07-30T21:00:00,2025-07-31T03:00:00,sd,351848,2.309750e-03,1.319480e-02,2.113797e-03
climatology,test,736,2025-07-30T22:00:00,2025-07-31T04:00:00,swvl1,351848,3.286229e-02,5.438207e-02,2.417902e-03
climatology,test,736,2025-07-30T22:00:00,2025-07-31T04:00:00,stl1,351848,2.734219e+00,3.775322e+00,-8.478061e-01
climatology,test,736,2025-07-30T22:00:00,2025-07-31T04:00:00,sd,351848,2.301874e-03,1.316779e-02,2.106024e-03
climatology,test,737,2025-07-30T23:00:00,2025-07-31T05:00:00,swvl1,351848,3.284358e-02,5.437303e-02,2.471104e-03
climatology,test,737,2025-07-30T23:00:00,2025-07-31T05:00:00,stl1,351848,2.769510e+00,3.782362e+00,-9.093891e-01
climatology,test,737,2025-07-30T23:00:00,2025-07-31T05:00:00,sd,351848,2.293180e-03,1.313750e-02,2.097408e-03
climatology,test,738,2025-07-31T00:00:00,2025-07-31T06:00:00,swvl1,351848,3.283518e-02,5.438473e-02,2.521555e-03
climatology,test,738,2025-07-31T00:00:00,2025-07-31T06:00:00,stl1,351848,2.768819e+00,3.782023e+00,-8.402146e-01
climatology,test,738,2025-07-31T00:00:00,2025-07-31T06:00:00,sd,351848,2.283445e-03,1.310221e-02,2.087787e-03
climatology,test,739,2025-07-31T01:00:00,2025-07-31T07:00:00,swvl1,351848,3.281532e-02,5.437771e-02,2.577990e-03
climatology,test,739,2025-07-31T01:00:00,2025-07-31T07:00:00,stl1,351848,2.752380e+00,3.787017e+00,-8.092166e-01
climatology,test,739,2025-07-31T01:00:00,2025-07-31T07:00:00,sd,351848,2.273364e-03,1.306352e-02,2.077791e-03
climatology,test,740,2025-07-31T02:00:00,2025-07-31T08:00:00,swvl1,351848,3.277964e-02,5.432783e-02,2.636989e-03
climatology,test,740,2025-07-31T02:00:00,2025-07-31T08:00:00,stl1,351848,2.771346e+00,3.837279e+00,-8.035529e-01
climatology,test,740,2025-07-31T02:00:00,2025-07-31T08:00:00,sd,351848,2.263659e-03,1.302453e-02,2.068046e-03
climatology,test,741,2025-07-31T03:00:00,2025-07-31T09:00:00,swvl1,351848,3.273481e-02,5.425260e-02,2.691866e-03
climatology,test,741,2025-07-31T03:00:00,2025-07-31T09:00:00,stl1,351848,2.794688e+00,3.871673e+00,-7.916130e-01
climatology,test,741,2025-07-31T03:00:00,2025-07-31T09:00:00,sd,351848,2.254725e-03,1.298627e-02,2.058854e-03
climatology,test,742,2025-07-31T04:00:00,2025-07-31T10:00:00,swvl1,351848,3.261372e-02,5.393394e-02,2.583417e-03
climatology,test,742,2025-07-31T04:00:00,2025-07-31T10:00:00,stl1,351848,2.818672e+00,3.894534e+00,-7.838390e-01
climatology,test,742,2025-07-31T04:00:00,2025-07-31T10:00:00,sd,351848,2.248966e-03,1.295948e-02,2.052119e-03
climatology,test,743,2025-07-31T05:00:00,2025-07-31T11:00:00,swvl1,351848,3.258375e-02,5.390586e-02,2.566860e-03
climatology,test,743,2025-07-31T05:00:00,2025-07-31T11:00:00,stl1,351848,2.820414e+00,3.903333e+00,-7.666559e-01
climatology,test,743,2025-07-31T05:00:00,2025-07-31T11:00:00,sd,351848,2.242742e-03,1.292758e-02,2.045419e-03
climatology,test,744,2025-07-31T06:00:00,2025-07-31T12:00:00,swvl1,351848,3.268078e-02,5.407977e-02,2.663798e-03
climatology,test,744,2025-07-31T06:00:00,2025-07-31T12:00:00,stl1,351848,2.845765e+00,3.947322e+00,-8.070681e-01
climatology,test,744,2025-07-31T06:00:00,2025-07-31T12:00:00,sd,351848,2.359025e-03,1.333028e-02,2.158498e-03
climatology,test,745,2025-07-31T07:00:00,2025-07-31T13:00:00,swvl1,351848,3.266784e-02,5.408439e-02,2.651425e-03
climatology,test,745,2025-07-31T07:00:00,2025-07-31T13:00:00,stl1,351848,2.831243e+00,3.954223e+00,-8.153526e-01
climatology,test,745,2025-07-31T07:00:00,2025-07-31T13:00:00,sd,351848,2.354330e-03,1.330351e-02,2.153157e-03
climatology,test,746,2025-07-31T08:00:00,2025-07-31T14:00:00,swvl1,351848,3.268620e-02,5.415856e-02,2.605197e-03
climatology,test,746,2025-07-31T08:00:00,2025-07-31T14:00:00,stl1,351848,2.836844e+00,3.950147e+00,-8.481367e-01
climatology,test,746,2025-07-31T08:00:00,2025-07-31T14:00:00,sd,351848,2.349424e-03,1.327572e-02,2.147728e-03
climatology,test,747,2025-07-31T09:00:00,2025-07-31T15:00:00,swvl1,351848,3.272660e-02,5.428398e-02,2.556566e-03
climatology,test,747,2025-07-31T09:00:00,2025-07-31T15:00:00,stl1,351848,2.820518e+00,3.977878e+00,-8.896422e-01
climatology,test,747,2025-07-31T09:00:00,2025-07-31T15:00:00,sd,351848,2.344107e-03,1.324593e-02,2.141910e-03
climatology,test,748,2025-07-31T10:00:00,2025-07-31T16:00:00,swvl1,351848,3.276470e-02,5.438511e-02,2.500254e-03
climatology,test,748,2025-07-31T10:00:00,2025-07-31T16:00:00,stl1,351848,2.825526e+00,3.994777e+00,-9.335149e-01
climatology,test,748,2025-07-31T10:00:00,2025-07-31T16:00:00,sd,351848,2.337916e-03,1.321377e-02,2.135429e-03
climatology,test,749,2025-07-31T11:00:00,2025-07-31T17:00:00,swvl1,351848,3.278501e-02,5.442708e-02,2.466625e-03
climatology,test,749,2025-07-31T11:00:00,2025-07-31T17:00:00,stl1,351848,2.816545e+00,3.959404e+00,-9.817051e-01
climatology,test,749,2025-07-31T11:00:00,2025-07-31T17:00:00,sd,351848,2.330834e-03,1.317894e-02,2.128169e-03
climatology,test,750,2025-07-31T12:00:00,2025-07-31T18:00:00,swvl1,351848,3.278645e-02,5.443403e-02,2.446133e-03
climatology,test,750,2025-07-31T12:00:00,2025-07-31T18:00:00,stl1,351848,2.813915e+00,3.952234e+00,-1.006221e+00
climatology,test,750,2025-07-31T12:00:00,2025-07-31T18:00:00,sd,351848,2.323500e-03,1.314294e-02,2.120674e-03
climatology,test,751,2025-07-31T13:00:00,2025-07-31T19:00:00,swvl1,351848,3.278564e-02,5.444235e-02,2.423821e-03
climatology,test,751,2025-07-31T13:00:00,2025-07-31T19:00:00,stl1,351848,2.840431e+00,3.982149e+00,-1.009696e+00
climatology,test,751,2025-07-31T13:00:00,2025-07-31T19:00:00,sd,351848,2.315685e-03,1.310680e-02,2.112598e-03
climatology,test,752,2025-07-31T14:00:00,2025-07-31T20:00:00,swvl1,351848,3.277377e-02,5.444302e-02,2.401116e-03
climatology,test,752,2025-07-31T14:00:00,2025-07-31T20:00:00,stl1,351848,2.812634e+00,3.945288e+00,-1.014374e+00
climatology,test,752,2025-07-31T14:00:00,2025-07-31T20:00:00,sd,351848,2.307606e-03,1.307063e-02,2.103996e-03
climatology,test,753,2025-07-31T15:00:00,2025-07-31T21:00:00,swvl1,351848,3.275851e-02,5.444281e-02,2.357926e-03
climatology,test,753,2025-07-31T15:00:00,2025-07-31T21:00:00,stl1,351848,2.812829e+00,3.939143e+00,-1.045589e+00
climatology,test,753,2025-07-31T15:00:00,2025-07-31T21:00:00,sd,351848,2.299615e-03,1.303663e-02,2.095379e-03
climatology,test,754,2025-07-31T16:00:00,2025-07-31T22:00:00,swvl1,351848,3.258849e-02,5.411172e-02,2.397829e-03
climatology,test,754,2025-07-31T16:00:00,2025-07-31T22:00:00,stl1,351848,2.751042e+00,3.862274e+00,-9.827550e-01
climatology,test,754,2025-07-31T16:00:00,2025-07-31T22:00:00,sd,351848,2.293740e-03,1.301647e-02,2.088135e-03
climatology,test,755,2025-07-31T17:00:00,2025-07-31T23:00:00,swvl1,351848,3.253687e-02,5.405603e-02,2.360176e-03
climatology,test,755,2025-07-31T17:00:00,2025-07-31T23:00:00,stl1,351848,2.704514e+00,3.786573e+00,-9.831459e-01
climatology,test,755,2025-07-31T17:00:00,2025-07-31T23:00:00,sd,351848,2.287378e-03,1.299186e-02,2.080712e-03
